{"type":"FeatureCollection","features":[{"type":"Feature","geometry":{"type":"Polygon","coordinates":[[[106.768656,10.743143],[106.760566,10.744081],[106.756944,10.743892],[106.754794,10.743438],[106.752109,10.742519],[106.749782,10.742107],[106.747745,10.742226],[106.746045,10.743169],[106.745331,10.743947],[106.742283,10.744101],[106.740826,10.743762],[106.740736,10.743102],[106.731267,10.738083],[106.730432,10.737531],[106.731031,10.733537],[106.73327,10.727268],[106.736426,10.721118],[106.736667,10.720115],[106.737356,10.706972],[106.737876,10.703479],[106.74498,10.703227],[106.74593,10.703381],[106.749548,10.704611],[106.751906,10.705121],[106.751422,10.707454],[106.751168,10.710378],[106.751253,10.713473],[106.751917,10.718581],[106.752304,10.72042],[106.753656,10.723463],[106.755071,10.725365],[106.764866,10.737725],[106.768656,10.743143]]]},"properties":{"name":"Phường Phú Thuận","short_name":"Phú Thuận","unit_type":"Phường","osm_id":"relation/2766949","population":84089,"ref":null,"id":1,"area_km2":10.34,"density":8132}},{"type":"Feature","geometry":{"type":"Polygon","coordinates":[[[106.692148,10.741521],[106.694039,10.738574],[106.694788,10.737122],[106.694903,10.735781],[106.693541,10.733261],[106.691065,10.731388],[106.690429,10.73069],[106.690184,10.729358],[106.690094,10.72528],[106.692972,10.725579],[106.69714,10.724492],[106.699455,10.724372],[106.703031,10.725351],[106.70397,10.725385],[106.70615,10.724881],[106.706823,10.724502],[106.707387,10.723469],[106.70756,10.720535],[106.70867,10.719609],[106.7105,10.720617],[106.711384,10.720768],[106.717675,10.719026],[106.719078,10.719526],[106.719755,10.721221],[106.720827,10.722277],[106.718875,10.724004],[106.717756,10.726982],[106.716791,10.728669],[106.715166,10.730259],[106.712774,10.733148],[106.712298,10.734265],[106.713994,10.735961],[106.714959,10.738417],[106.715956,10.73835],[106.715854,10.752483],[106.70787,10.752433],[106.705048,10.752419],[106.6918,10.752342],[106.690203,10.752109],[106.690518,10.749761],[106.692542,10.746937],[106.692894,10.745335],[106.692823,10.744178],[106.691837,10.742383],[106.692148,10.741521]]]},"properties":{"name":"Phường Tân Hưng","short_name":"Tân Hưng","unit_type":"Phường","osm_id":"relation/2766950","population":153674,"ref":null,"id":2,"area_km2":8.55,"density":17974}},{"type":"Feature","geometry":{"type":"Polygon","coordinates":[[[106.730432,10.737531],[106.723878,10.737862],[106.715956,10.73835],[106.714959,10.738417],[106.713994,10.735961],[106.712298,10.734265],[106.712774,10.733148],[106.715166,10.730259],[106.716791,10.728669],[106.717756,10.726982],[106.718875,10.724004],[106.720827,10.722277],[106.724448,10.721128],[106.725252,10.719942],[106.724968,10.718851],[106.72341,10.717025],[106.723038,10.715836],[106.723952,10.713583],[106.7253,10.712035],[106.725802,10.710264],[106.725762,10.708837],[106.724589,10.706033],[106.724962,10.704723],[106.726137,10.702198],[106.726241,10.700438],[106.727044,10.699182],[106.729901,10.698307],[106.732282,10.697899],[106.733807,10.6983],[106.734187,10.698832],[106.734834,10.702067],[106.736321,10.703353],[106.737876,10.703479],[106.737356,10.706972],[106.736667,10.720115],[106.736426,10.721118],[106.73327,10.727268],[106.731031,10.733537],[106.730432,10.737531]]]},"properties":{"name":"Phường Tân Mỹ","short_name":"Tân Mỹ","unit_type":"Phường","osm_id":"relation/2766953","population":68124,"ref":null,"id":3,"area_km2":6.54,"density":10417}},{"type":"Feature","geometry":{"type":"Polygon","coordinates":[[[106.745331,10.743947],[106.744245,10.746242],[106.74423,10.74895],[106.745696,10.752482],[106.748083,10.756012],[106.7505,10.758959],[106.752033,10.761385],[106.752575,10.763138],[106.752726,10.765109],[106.752416,10.766832],[106.751585,10.768944],[106.750541,10.770535],[106.747682,10.77351],[106.74375,10.776519],[106.742177,10.777283],[106.740224,10.777681],[106.738199,10.777378],[106.736282,10.776055],[106.735317,10.774635],[106.734581,10.771821],[106.734443,10.768266],[106.734204,10.765985],[106.733651,10.763599],[106.732119,10.761031],[106.730631,10.760101],[106.729226,10.759641],[106.725091,10.75915],[106.72228,10.759274],[106.720303,10.755138],[106.718661,10.753245],[106.717023,10.752625],[106.715854,10.752483],[106.715956,10.73835],[106.723878,10.737862],[106.730432,10.737531],[106.731267,10.738083],[106.740736,10.743102],[106.740826,10.743762],[106.742283,10.744101],[106.745331,10.743947]]]},"properties":{"name":"Phường Tân Thuận","short_name":"Tân Thuận","unit_type":"Phường","osm_id":"relation/2766956","population":148090,"ref":null,"id":4,"area_km2":10.28,"density":14406}},{"type":"Feature","geometry":{"type":"MultiPolygon","coordinates":[[[[107.104283,10.412969],[107.102411,10.411497],[107.100595,10.411041],[107.099683,10.40973],[107.100306,10.409107],[107.102387,10.40791],[107.103243,10.40955],[107.103444,10.411133],[107.104283,10.412969]]],[[[107.098621,10.404844],[107.09926,10.404707],[107.099678,10.405435],[107.098825,10.406126],[107.098326,10.405514],[107.098621,10.404844]]],[[[107.095749,10.394598],[107.096577,10.394642],[107.098407,10.397291],[107.098031,10.399278],[107.098712,10.400908],[107.097999,10.402359],[107.097226,10.402285],[107.096186,10.400723],[107.095491,10.397288],[107.094896,10.396257],[107.09525,10.39479],[107.095749,10.394598]]],[[[107.082022,10.38297],[107.088292,10.380346],[107.09184,10.378625],[107.094104,10.383087],[107.094638,10.386402],[107.096212,10.388052],[107.096905,10.387374],[107.097517,10.385843],[107.097507,10.382845],[107.101233,10.379773],[107.100437,10.37477],[107.099693,10.373511],[107.101057,10.373834],[107.102122,10.374923],[107.105561,10.377962],[107.106973,10.378951],[107.110524,10.380891],[107.113512,10.375639],[107.116634,10.370757],[107.119202,10.367174],[107.122861,10.369889],[107.131777,10.375885],[107.130796,10.377043],[107.12895,10.379986],[107.12906,10.380846],[107.127083,10.382982],[107.12707,10.383563],[107.125119,10.383702],[107.122809,10.386508],[107.12255,10.387841],[107.122022,10.387921],[107.120995,10.389116],[107.122066,10.391066],[107.122985,10.394243],[107.122987,10.394775],[107.121996,10.394775],[107.120997,10.39408],[107.119758,10.394551],[107.118858,10.394163],[107.11978,10.395938],[107.11929,10.396211],[107.118302,10.395501],[107.118027,10.396243],[107.118974,10.396407],[107.120244,10.397496],[107.121132,10.397325],[107.121758,10.398046],[107.120947,10.399447],[107.122184,10.399823],[107.122003,10.401463],[107.121515,10.402426],[107.120501,10.403351],[107.120135,10.404369],[107.120917,10.406658],[107.121244,10.40852],[107.121789,10.414655],[107.118051,10.413769],[107.11745,10.411475],[107.115783,10.410842],[107.114775,10.410764],[107.111561,10.409474],[107.108678,10.4085],[107.105257,10.404122],[107.104877,10.402057],[107.104289,10.400312],[107.104759,10.399755],[107.104211,10.396205],[107.102609,10.394007],[107.101219,10.392964],[107.099297,10.392408],[107.094387,10.390221],[107.093714,10.390224],[107.09245,10.387855],[107.080661,10.392024],[107.080216,10.390575],[107.07901,10.390565],[107.078842,10.391934],[107.077636,10.392481],[107.076837,10.391982],[107.075543,10.389529],[107.074186,10.389962],[107.072295,10.386378],[107.07765,10.38449],[107.082022,10.38297]]]]},"properties":{"name":"Phường Rạch Dừa","short_name":"Rạch Dừa","unit_type":"Phường","osm_id":"relation/3610160","population":76281,"ref":null,"id":5,"area_km2":12.22,"density":6242}},{"type":"Feature","geometry":{"type":"MultiPolygon","coordinates":[[[[107.07765,10.38449],[107.078036,10.383686],[107.077063,10.383075],[107.076558,10.383755],[107.074361,10.382617],[107.072716,10.383105],[107.072187,10.382452],[107.073858,10.381368],[107.074078,10.380645],[107.073062,10.380222],[107.070722,10.380076],[107.069235,10.380198],[107.067867,10.381216],[107.06634,10.383753],[107.064802,10.384863],[107.063452,10.38682],[107.06225,10.38736],[107.062333,10.386803],[107.061195,10.387276],[107.059211,10.386998],[107.058368,10.386583],[107.057255,10.384888],[107.056048,10.381413],[107.055427,10.381253],[107.054838,10.377853],[107.055352,10.377724],[107.055609,10.376064],[107.055431,10.374025],[107.058371,10.370883],[107.061124,10.3691],[107.062598,10.367391],[107.062472,10.365862],[107.061475,10.363626],[107.06112,10.362124],[107.060057,10.360533],[107.059971,10.357075],[107.060936,10.355341],[107.062291,10.353851],[107.064521,10.352174],[107.065398,10.351853],[107.065957,10.350393],[107.066669,10.350669],[107.06858,10.349563],[107.070005,10.349293],[107.071826,10.347956],[107.072831,10.34679],[107.073683,10.344951],[107.074027,10.343425],[107.073996,10.3417],[107.0709,10.339014],[107.071574,10.338702],[107.071299,10.336307],[107.071547,10.334659],[107.072194,10.333104],[107.072997,10.332294],[107.073767,10.330818],[107.076533,10.329954],[107.076771,10.329379],[107.077762,10.329081],[107.080626,10.327062],[107.081347,10.325375],[107.082134,10.325031],[107.082523,10.323947],[107.083156,10.323585],[107.083213,10.320805],[107.083757,10.3203],[107.084188,10.321816],[107.086466,10.323322],[107.088348,10.327252],[107.088312,10.327976],[107.09057,10.333537],[107.091583,10.335644],[107.096524,10.343374],[107.09945,10.347413],[107.101065,10.349344],[107.099088,10.350653],[107.098353,10.350754],[107.094717,10.349897],[107.09359,10.349407],[107.092747,10.349834],[107.092137,10.349443],[107.075527,10.36189],[107.076714,10.370256],[107.080133,10.370055],[107.083431,10.368635],[107.08431,10.369125],[107.081308,10.375304],[107.079991,10.37623],[107.080386,10.377374],[107.081672,10.378552],[107.081319,10.379546],[107.07948,10.380904],[107.081385,10.382029],[107.082022,10.38297],[107.07765,10.38449]]],[[[107.089095,10.323449],[107.089797,10.323904],[107.088723,10.324139],[107.089095,10.323449]]]]},"properties":{"name":"Phường Vũng Tàu","short_name":"Vũng Tàu","unit_type":"Phường","osm_id":"relation/3610162","population":117413,"ref":null,"id":6,"area_km2":14.89,"density":7885}},{"type":"Feature","geometry":{"type":"Polygon","coordinates":[[[107.131777,10.375885],[107.137698,10.37947],[107.140851,10.38122],[107.146579,10.384195],[107.149415,10.385484],[107.153616,10.386946],[107.155379,10.387309],[107.156795,10.388042],[107.158688,10.390571],[107.15936,10.393395],[107.160505,10.394774],[107.16294,10.397225],[107.164615,10.398467],[107.164939,10.399129],[107.171272,10.399939],[107.172809,10.403766],[107.173538,10.404906],[107.175234,10.406341],[107.178942,10.412345],[107.180937,10.416608],[107.183489,10.42085],[107.185507,10.423891],[107.186604,10.42606],[107.187196,10.428254],[107.187664,10.429042],[107.189254,10.429187],[107.190807,10.428327],[107.191706,10.426812],[107.192594,10.424002],[107.192848,10.421918],[107.193697,10.420916],[107.195849,10.42047],[107.198653,10.420928],[107.200885,10.420784],[107.202107,10.420297],[107.203698,10.418506],[107.20726,10.418702],[107.210473,10.419621],[107.211153,10.420219],[107.211747,10.422085],[107.211494,10.423147],[107.210728,10.424215],[107.207472,10.427167],[107.206877,10.428893],[107.207486,10.430926],[107.210361,10.432866],[107.211096,10.43573],[107.21029,10.437437],[107.209627,10.438163],[107.207355,10.439637],[107.204761,10.44021],[107.201484,10.44134],[107.198921,10.442064],[107.197463,10.443443],[107.196812,10.446297],[107.196231,10.447034],[107.194292,10.447772],[107.187385,10.451113],[107.186522,10.452678],[107.186595,10.455239],[107.18575,10.456611],[107.185057,10.457135],[107.182706,10.457231],[107.181443,10.456347],[107.180343,10.456589],[107.179758,10.457619],[107.179922,10.459621],[107.17941,10.460476],[107.17802,10.461379],[107.174972,10.46271],[107.172847,10.463294],[107.169173,10.464066],[107.16702,10.464663],[107.167239,10.467012],[107.166946,10.470294],[107.165752,10.472938],[107.164099,10.474174],[107.163047,10.473894],[107.160241,10.473695],[107.158374,10.471248],[107.156207,10.465846],[107.153967,10.464419],[107.151825,10.462524],[107.152137,10.460867],[107.153456,10.459285],[107.155162,10.456605],[107.155055,10.455254],[107.154443,10.454568],[107.152255,10.453091],[107.151691,10.45216],[107.153419,10.449662],[107.153199,10.447774],[107.151375,10.446128],[107.150341,10.444893],[107.149949,10.443515],[107.149033,10.436038],[107.148604,10.430453],[107.147909,10.42418],[107.147554,10.42278],[107.146325,10.420624],[107.145129,10.419191],[107.14412,10.41842],[107.140907,10.416931],[107.139488,10.416674],[107.130652,10.416454],[107.128541,10.416265],[107.121789,10.414655],[107.121244,10.40852],[107.120917,10.406658],[107.120135,10.404369],[107.120501,10.403351],[107.121515,10.402426],[107.122003,10.401463],[107.122184,10.399823],[107.120947,10.399447],[107.121758,10.398046],[107.121132,10.397325],[107.120244,10.397496],[107.118974,10.396407],[107.118027,10.396243],[107.118302,10.395501],[107.11929,10.396211],[107.11978,10.395938],[107.118858,10.394163],[107.119758,10.394551],[107.120997,10.39408],[107.121996,10.394775],[107.122987,10.394775],[107.122985,10.394243],[107.122066,10.391066],[107.120995,10.389116],[107.122022,10.387921],[107.12255,10.387841],[107.122809,10.386508],[107.125119,10.383702],[107.12707,10.383563],[107.127083,10.382982],[107.12906,10.380846],[107.12895,10.379986],[107.130796,10.377043],[107.131777,10.375885]]]},"properties":{"name":"Phường Phước Thắng","short_name":"Phước Thắng","unit_type":"Phường","osm_id":"relation/3610170","population":52589,"ref":null,"id":7,"area_km2":46.46,"density":1132}},{"type":"Feature","geometry":{"type":"Polygon","coordinates":[[[107.121789,10.414655],[107.128541,10.416265],[107.130652,10.416454],[107.139488,10.416674],[107.140907,10.416931],[107.14412,10.41842],[107.145129,10.419191],[107.146325,10.420624],[107.147554,10.42278],[107.147909,10.42418],[107.148604,10.430453],[107.149033,10.436038],[107.149949,10.443515],[107.150341,10.444893],[107.151375,10.446128],[107.153199,10.447774],[107.153419,10.449662],[107.151691,10.45216],[107.152255,10.453091],[107.154443,10.454568],[107.155055,10.455254],[107.155162,10.456605],[107.153456,10.459285],[107.152137,10.460867],[107.151825,10.462524],[107.153967,10.464419],[107.149425,10.465793],[107.146776,10.466351],[107.143777,10.466655],[107.141225,10.466727],[107.141853,10.463138],[107.141862,10.458906],[107.142029,10.457913],[107.141199,10.455399],[107.140349,10.454247],[107.138593,10.453928],[107.137169,10.454612],[107.135075,10.458284],[107.134515,10.460533],[107.132947,10.462124],[107.130644,10.45886],[107.129849,10.457963],[107.128416,10.457592],[107.125068,10.457771],[107.123713,10.457489],[107.118268,10.458476],[107.118177,10.459244],[107.118659,10.461602],[107.118229,10.463536],[107.117174,10.465278],[107.115988,10.466341],[107.114725,10.468801],[107.113435,10.472823],[107.112788,10.477321],[107.111004,10.477571],[107.10789,10.476527],[107.105625,10.47462],[107.103739,10.474475],[107.099104,10.476543],[107.095671,10.479286],[107.090483,10.481242],[107.089373,10.481789],[107.088461,10.481692],[107.086144,10.480299],[107.080951,10.480172],[107.076922,10.478162],[107.074819,10.47833],[107.071124,10.483126],[107.069235,10.484181],[107.06829,10.484034],[107.06709,10.483295],[107.064815,10.480383],[107.061983,10.478231],[107.059542,10.47732],[107.056613,10.477439],[107.052094,10.478333],[107.0504,10.478183],[107.048042,10.476731],[107.047338,10.476568],[107.045256,10.476819],[107.044796,10.472242],[107.04402,10.471576],[107.040744,10.470668],[107.042294,10.465641],[107.044424,10.463803],[107.046097,10.462023],[107.04676,10.460669],[107.047693,10.459698],[107.048079,10.457708],[107.04863,10.456435],[107.050715,10.454897],[107.051761,10.45268],[107.051174,10.451846],[107.05059,10.452189],[107.04966,10.451301],[107.050215,10.449975],[107.053659,10.447674],[107.054073,10.448062],[107.059703,10.444501],[107.063186,10.443052],[107.064272,10.441528],[107.068401,10.438746],[107.068806,10.437986],[107.071454,10.435399],[107.072176,10.434402],[107.073642,10.433481],[107.075213,10.432828],[107.079222,10.432947],[107.081722,10.432112],[107.08268,10.431183],[107.083659,10.431426],[107.084576,10.432371],[107.085545,10.43395],[107.085451,10.435173],[107.086529,10.436109],[107.088698,10.435441],[107.088684,10.434957],[107.089655,10.433847],[107.090349,10.43362],[107.093135,10.435686],[107.094182,10.435091],[107.094684,10.434165],[107.096305,10.434057],[107.098683,10.43471],[107.100418,10.435678],[107.101029,10.435342],[107.102152,10.43583],[107.113607,10.43631],[107.113916,10.43466],[107.115744,10.429697],[107.115402,10.428827],[107.115953,10.425963],[107.117031,10.4243],[107.117635,10.421568],[107.117141,10.418588],[107.117732,10.417275],[107.118772,10.416524],[107.118051,10.413769],[107.121789,10.414655]]]},"properties":{"name":"Xã Long Sơn","short_name":"Long Sơn","unit_type":"Xã","osm_id":"relation/3610360","population":null,"ref":null,"id":8,"area_km2":52.49,"density":null}},{"type":"Feature","geometry":{"type":"Polygon","coordinates":[[[107.211747,10.422085],[107.21386,10.424329],[107.214719,10.424225],[107.2154,10.425013],[107.216728,10.425537],[107.2169,10.426732],[107.218384,10.427239],[107.218258,10.42812],[107.220843,10.42878],[107.220245,10.431584],[107.218964,10.435149],[107.221378,10.435644],[107.221767,10.43541],[107.227515,10.434579],[107.229893,10.437711],[107.233472,10.43908],[107.235173,10.438541],[107.236453,10.438614],[107.238455,10.437982],[107.240407,10.436805],[107.241244,10.436604],[107.243156,10.437828],[107.243684,10.437199],[107.244826,10.437115],[107.245716,10.434554],[107.244197,10.42486],[107.245301,10.426305],[107.247656,10.427648],[107.252935,10.427273],[107.256277,10.430251],[107.255179,10.432397],[107.254507,10.433111],[107.255353,10.434677],[107.254283,10.434792],[107.252342,10.434444],[107.251604,10.435553],[107.25166,10.437515],[107.250779,10.438487],[107.250929,10.438978],[107.252388,10.439737],[107.253665,10.442871],[107.253643,10.443525],[107.252012,10.444654],[107.250575,10.444179],[107.250897,10.444939],[107.250108,10.445936],[107.254544,10.451523],[107.255199,10.452958],[107.255113,10.453591],[107.255843,10.455142],[107.255714,10.455965],[107.256385,10.457297],[107.257318,10.461119],[107.257269,10.462097],[107.257585,10.463821],[107.25758,10.465494],[107.250912,10.468648],[107.250048,10.469576],[107.251014,10.471085],[107.251126,10.475147],[107.251652,10.475406],[107.252591,10.476872],[107.252532,10.477848],[107.252988,10.47884],[107.252553,10.481303],[107.253734,10.48118],[107.253419,10.487],[107.254199,10.488818],[107.253236,10.491662],[107.253176,10.493249],[107.252509,10.493645],[107.251173,10.495668],[107.251768,10.49831],[107.250915,10.498948],[107.250695,10.501264],[107.252267,10.502625],[107.252809,10.504851],[107.253254,10.505746],[107.252997,10.506974],[107.252262,10.507406],[107.251945,10.508862],[107.251291,10.508999],[107.250571,10.511996],[107.250729,10.513317],[107.250312,10.513902],[107.246981,10.515082],[107.246525,10.513352],[107.246176,10.5136],[107.244631,10.512223],[107.242764,10.511401],[107.24257,10.509742],[107.240927,10.50888],[107.23995,10.510049],[107.239069,10.509889],[107.238237,10.509176],[107.237115,10.509498],[107.236086,10.508071],[107.236138,10.506783],[107.233871,10.506915],[107.233082,10.506383],[107.231227,10.506897],[107.230087,10.506797],[107.229983,10.505806],[107.228292,10.505606],[107.227915,10.502867],[107.226217,10.502902],[107.224564,10.503246],[107.223996,10.500931],[107.222614,10.501069],[107.222553,10.500614],[107.22109,10.500764],[107.22072,10.499],[107.219544,10.499676],[107.218916,10.498101],[107.214273,10.494727],[107.213216,10.495102],[107.205022,10.496993],[107.204429,10.494882],[107.203499,10.494014],[107.201743,10.489581],[107.200532,10.489795],[107.199749,10.488539],[107.197562,10.487245],[107.196636,10.486073],[107.200277,10.484454],[107.197342,10.481587],[107.196422,10.481154],[107.195644,10.480116],[107.19396,10.479475],[107.191301,10.478921],[107.190598,10.478957],[107.190129,10.477594],[107.189883,10.47477],[107.190357,10.473331],[107.190302,10.472367],[107.190956,10.470041],[107.190512,10.468903],[107.189272,10.468909],[107.186848,10.470163],[107.183528,10.472385],[107.181836,10.472422],[107.178693,10.472124],[107.177771,10.471801],[107.176913,10.470635],[107.177708,10.467593],[107.177632,10.466401],[107.177064,10.46475],[107.174972,10.46271],[107.17802,10.461379],[107.17941,10.460476],[107.179922,10.459621],[107.179758,10.457619],[107.180343,10.456589],[107.181443,10.456347],[107.182706,10.457231],[107.185057,10.457135],[107.18575,10.456611],[107.186595,10.455239],[107.186522,10.452678],[107.187385,10.451113],[107.194292,10.447772],[107.196231,10.447034],[107.196812,10.446297],[107.197463,10.443443],[107.198921,10.442064],[107.201484,10.44134],[107.204761,10.44021],[107.207355,10.439637],[107.209627,10.438163],[107.21029,10.437437],[107.211096,10.43573],[107.210361,10.432866],[107.207486,10.430926],[107.206877,10.428893],[107.207472,10.427167],[107.210728,10.424215],[107.211494,10.423147],[107.211747,10.422085]]]},"properties":{"name":"Xã Long Điền","short_name":"Long Điền","unit_type":"Xã","osm_id":"relation/3610394","population":null,"ref":null,"id":9,"area_km2":51.62,"density":null}},{"type":"Feature","geometry":{"type":"MultiPolygon","coordinates":[[[[106.088525,8.578201],[106.088078,8.577605],[106.089233,8.577501],[106.089192,8.578247],[106.088525,8.578201]]],[[[106.142736,8.610503],[106.142905,8.609079],[106.144307,8.607396],[106.144533,8.60635],[106.145373,8.606756],[106.145227,8.608804],[106.14352,8.610458],[106.142736,8.610503]]],[[[106.585587,8.737407],[106.584314,8.73636],[106.584456,8.735897],[106.586433,8.73565],[106.587255,8.734937],[106.588238,8.73512],[106.589255,8.736667],[106.587906,8.738015],[106.586614,8.737298],[106.585587,8.737407]]],[[[106.636442,8.637666],[106.635818,8.637276],[106.6361,8.63634],[106.636804,8.636679],[106.636442,8.637666]]],[[[106.63231,8.638067],[106.630978,8.638646],[106.630349,8.639314],[106.629488,8.639055],[106.629138,8.637743],[106.627176,8.636673],[106.627244,8.635829],[106.627936,8.635902],[106.6293,8.633373],[106.629318,8.632579],[106.630809,8.632806],[106.632929,8.635144],[106.635319,8.636942],[106.634061,8.637665],[106.63231,8.638067]]],[[[106.549157,8.708246],[106.549208,8.7087],[106.551241,8.710112],[106.55144,8.711384],[106.55041,8.711804],[106.550183,8.70999],[106.549029,8.708893],[106.547917,8.708781],[106.546739,8.709319],[106.5457,8.708856],[106.544753,8.708962],[106.543484,8.709723],[106.541816,8.709225],[106.540551,8.710085],[106.539466,8.710019],[106.538969,8.709543],[106.538353,8.710227],[106.537424,8.709311],[106.536921,8.709368],[106.536423,8.707375],[106.536508,8.706359],[106.537232,8.705464],[106.538302,8.705339],[106.539634,8.70452],[106.541525,8.704755],[106.543079,8.704082],[106.544834,8.703864],[106.54682,8.704178],[106.547977,8.70647],[106.548841,8.7073],[106.549157,8.708246]]],[[[106.675006,8.651764],[106.67388,8.650807],[106.675276,8.64975],[106.675732,8.651332],[106.675006,8.651764]]],[[[106.73335,8.687741],[106.735704,8.688579],[106.737556,8.687123],[106.739916,8.685911],[106.739827,8.684045],[106.740409,8.682491],[106.741752,8.683928],[106.742346,8.686685],[106.743215,8.6878],[106.743714,8.690632],[106.743202,8.692411],[106.743654,8.69362],[106.742649,8.694964],[106.741407,8.694361],[106.741512,8.697482],[106.741705,8.698193],[106.740823,8.699052],[106.739675,8.698556],[106.739133,8.6971],[106.7385,8.696795],[106.738175,8.695271],[106.737518,8.695316],[106.736649,8.694504],[106.73593,8.692672],[106.734562,8.691256],[106.73335,8.687741]]],[[[106.719291,8.779216],[106.72057,8.778539],[106.719964,8.779525],[106.719291,8.779216]]],[[[106.557943,8.676843],[106.558133,8.675814],[106.558778,8.676888],[106.557943,8.676843]]],[[[106.557671,8.630195],[106.556203,8.628941],[106.556808,8.628247],[106.558184,8.628267],[106.55877,8.629187],[106.557671,8.630195]]],[[[106.710117,8.668729],[106.709792,8.66974],[106.708973,8.669542],[106.707334,8.670444],[106.705336,8.669793],[106.704122,8.669895],[106.703986,8.671433],[106.702931,8.672489],[106.703595,8.674184],[106.702887,8.675248],[106.702537,8.676846],[106.701177,8.678044],[106.70016,8.678288],[106.699179,8.677975],[106.698454,8.678703],[106.697363,8.678876],[106.696207,8.679691],[106.69552,8.677477],[106.695445,8.675666],[106.69493,8.673908],[106.69357,8.671225],[106.692875,8.670328],[106.69165,8.669689],[106.690598,8.67023],[106.689946,8.671453],[106.687915,8.67346],[106.686854,8.674219],[106.686291,8.675109],[106.685456,8.674875],[106.683174,8.671736],[106.680509,8.670857],[106.679947,8.6722],[106.678131,8.674994],[106.677297,8.675569],[106.676364,8.677499],[106.67557,8.67854],[106.67325,8.679965],[106.672202,8.681555],[106.671495,8.681271],[106.669926,8.681542],[106.669165,8.681253],[106.666886,8.681356],[106.666482,8.681796],[106.664152,8.68221],[106.661667,8.680871],[106.660413,8.678797],[106.659565,8.678434],[106.660861,8.676416],[106.660453,8.675345],[106.66126,8.674558],[106.661794,8.673006],[106.663725,8.671434],[106.664514,8.670304],[106.666351,8.668639],[106.669269,8.663599],[106.669151,8.662968],[106.670079,8.66122],[106.671066,8.660048],[106.671662,8.658797],[106.672949,8.657627],[106.677875,8.65597],[106.678287,8.656451],[106.678754,8.658851],[106.678803,8.66191],[106.679263,8.662767],[106.679639,8.66537],[106.681975,8.667374],[106.682908,8.667579],[106.684711,8.667019],[106.688037,8.663787],[106.690388,8.662395],[106.691051,8.662991],[106.692444,8.662522],[106.695987,8.660303],[106.69747,8.66078],[106.698084,8.661514],[106.699613,8.661838],[106.700589,8.663941],[106.702185,8.664741],[106.703982,8.664169],[106.704961,8.663396],[106.707992,8.665272],[106.708467,8.666232],[106.710186,8.666773],[106.710709,8.667791],[106.710117,8.668729]]],[[[106.556433,8.689111],[106.554928,8.686874],[106.555377,8.684184],[106.556265,8.683567],[106.558478,8.683213],[106.559508,8.683302],[106.560099,8.685051],[106.558668,8.689051],[106.558102,8.6893],[106.557307,8.688747],[106.556433,8.689111]]],[[[106.622394,8.639617],[106.622064,8.639052],[106.62254,8.638145],[106.623239,8.637946],[106.623289,8.638896],[106.622394,8.639617]]],[[[106.618017,8.638826],[106.617375,8.637694],[106.617296,8.635807],[106.616939,8.635436],[106.618056,8.634742],[106.619508,8.635052],[106.620528,8.637894],[106.619424,8.638921],[106.618017,8.638826]]],[[[106.575403,8.644485],[106.576269,8.645599],[106.575902,8.646564],[106.575129,8.646296],[106.572332,8.647911],[106.569113,8.649484],[106.567766,8.650664],[106.565143,8.651947],[106.562869,8.652313],[106.562104,8.651152],[106.559831,8.651007],[106.558941,8.651978],[106.558125,8.653471],[106.558034,8.654831],[106.557638,8.655371],[106.556375,8.655519],[106.555376,8.656745],[106.554554,8.658844],[106.554959,8.660226],[106.554385,8.661651],[106.554393,8.66275],[106.553772,8.663804],[106.551107,8.665052],[106.549761,8.664565],[106.550375,8.662472],[106.549975,8.660236],[106.549065,8.658928],[106.549035,8.658203],[106.548114,8.657259],[106.547403,8.657924],[106.547041,8.659738],[106.545429,8.660228],[106.5452,8.660639],[106.543222,8.661731],[106.542424,8.661232],[106.541231,8.661807],[106.540735,8.661247],[106.540196,8.658567],[106.540266,8.656614],[106.539922,8.656052],[106.54044,8.654877],[106.540464,8.651192],[106.541411,8.648908],[106.541956,8.648418],[106.541636,8.647815],[106.542884,8.646701],[106.544855,8.647153],[106.547416,8.646342],[106.54853,8.64496],[106.548332,8.644232],[106.549189,8.644137],[106.550176,8.645082],[106.55093,8.646434],[106.553183,8.647768],[106.553757,8.647068],[106.553537,8.642648],[106.554133,8.640229],[106.554347,8.638211],[106.552859,8.63609],[106.553803,8.636085],[106.55417,8.635143],[106.555499,8.635098],[106.556214,8.634371],[106.557486,8.63434],[106.557865,8.633305],[106.558752,8.632365],[106.558666,8.630903],[106.560188,8.630708],[106.559651,8.632709],[106.560054,8.633172],[106.560079,8.634454],[106.561081,8.636409],[106.561985,8.636513],[106.563219,8.637843],[106.563663,8.638769],[106.565303,8.639317],[106.565705,8.640345],[106.567797,8.640074],[106.569189,8.640353],[106.570237,8.639959],[106.571281,8.640435],[106.571696,8.641253],[106.573241,8.641381],[106.574208,8.64338],[106.575403,8.644485]]],[[[106.64498,8.708451],[106.643745,8.709127],[106.642034,8.709633],[106.640528,8.711397],[106.639363,8.711765],[106.639153,8.714217],[106.638719,8.716789],[106.638874,8.71926],[106.639625,8.722192],[106.640135,8.723395],[106.640849,8.726216],[106.64293,8.729954],[106.644923,8.732131],[106.645577,8.731858],[106.647372,8.731908],[106.64911,8.731037],[106.650892,8.730473],[106.652819,8.730384],[106.654881,8.731169],[106.658334,8.730658],[106.658885,8.730886],[106.660757,8.730385],[106.661465,8.731576],[106.661216,8.732393],[106.663045,8.733133],[106.663475,8.734716],[106.663508,8.736559],[106.664646,8.73851],[106.664356,8.739643],[106.665116,8.739457],[106.665316,8.740063],[106.664318,8.740365],[106.663289,8.74017],[106.66306,8.74109],[106.661812,8.742114],[106.662157,8.743126],[106.661464,8.743219],[106.660586,8.74406],[106.65924,8.743822],[106.657325,8.744254],[106.656596,8.745201],[106.657721,8.746301],[106.657033,8.747828],[106.655504,8.748452],[106.655224,8.747779],[106.655208,8.746028],[106.655603,8.745414],[106.654341,8.745703],[106.653034,8.744925],[106.652453,8.74518],[106.652972,8.746255],[106.653149,8.747571],[106.653766,8.747786],[106.652995,8.748544],[106.653305,8.749417],[106.652847,8.750679],[106.653509,8.751049],[106.65436,8.753257],[106.655693,8.754349],[106.656387,8.753929],[106.658943,8.753801],[106.659857,8.752495],[106.660042,8.751258],[106.659447,8.750357],[106.660128,8.749794],[106.661437,8.74947],[106.661266,8.747548],[106.66161,8.747168],[106.663984,8.746717],[106.665459,8.747528],[106.66624,8.747336],[106.666431,8.748112],[106.667369,8.748713],[106.66851,8.750035],[106.669584,8.750307],[106.669433,8.750959],[106.669906,8.753191],[106.669665,8.754127],[106.668242,8.75534],[106.667516,8.756526],[106.666208,8.75723],[106.664321,8.757159],[106.663905,8.758489],[106.664629,8.758875],[106.664526,8.760244],[106.663563,8.76092],[106.663081,8.760366],[106.661903,8.760883],[106.661149,8.76036],[106.660085,8.760794],[106.6598,8.760159],[106.657941,8.759466],[106.657536,8.76016],[106.656395,8.7608],[106.655379,8.760364],[106.653826,8.758552],[106.653379,8.757356],[106.653,8.755226],[106.651826,8.754401],[106.650816,8.754629],[106.649243,8.75421],[106.648789,8.754499],[106.647998,8.753359],[106.645803,8.752469],[106.645174,8.753285],[106.643281,8.752992],[106.641506,8.753537],[106.640625,8.752708],[106.637808,8.751732],[106.637914,8.751024],[106.6373,8.749445],[106.636191,8.748765],[106.636405,8.747595],[106.635465,8.747982],[106.633906,8.747978],[106.633566,8.747384],[106.634539,8.747197],[106.635204,8.746491],[106.634893,8.745654],[106.632424,8.745484],[106.630739,8.744694],[106.630262,8.74598],[106.628886,8.746215],[106.62852,8.745218],[106.627144,8.744325],[106.626007,8.744724],[106.624242,8.743638],[106.622711,8.743609],[106.621977,8.742295],[106.622117,8.740738],[106.622969,8.739726],[106.623621,8.739753],[106.624193,8.738696],[106.624313,8.737546],[106.623943,8.736],[106.622601,8.733626],[106.62126,8.732171],[106.619101,8.73128],[106.618181,8.731439],[106.616778,8.733401],[106.615789,8.733531],[106.613528,8.734573],[106.611276,8.734437],[106.611362,8.733885],[106.610617,8.731784],[106.610625,8.73054],[106.609968,8.729787],[106.609198,8.729793],[106.606318,8.72747],[106.603029,8.726985],[106.602445,8.726033],[106.602252,8.724684],[106.601621,8.723907],[106.600492,8.723698],[106.600286,8.724262],[106.598023,8.725567],[106.595944,8.724233],[106.595287,8.724888],[106.593479,8.724974],[106.592864,8.724387],[106.593478,8.723865],[106.593449,8.722621],[106.592799,8.721125],[106.590973,8.720372],[106.590352,8.717894],[106.589126,8.717155],[106.589042,8.714912],[106.590719,8.710984],[106.590355,8.709434],[106.590654,8.707922],[106.590359,8.706375],[106.588818,8.70588],[106.586601,8.706781],[106.58605,8.706538],[106.585743,8.705358],[106.583358,8.704809],[106.582883,8.705295],[106.581266,8.705631],[106.579893,8.707223],[106.579201,8.706941],[106.578549,8.705733],[106.578538,8.703402],[106.578069,8.702354],[106.578356,8.701732],[106.577158,8.698345],[106.577055,8.697214],[106.575255,8.694421],[106.574644,8.692975],[106.574625,8.691604],[106.573305,8.691344],[106.572109,8.692049],[106.57088,8.692203],[106.569306,8.692854],[106.568622,8.692109],[106.568531,8.68974],[106.56752,8.688137],[106.566421,8.687409],[106.566044,8.685658],[106.562537,8.682576],[106.561419,8.683162],[106.560867,8.682974],[106.561345,8.679662],[106.560046,8.6769],[106.56052,8.675517],[106.561391,8.675963],[106.562119,8.675549],[106.562478,8.673791],[106.563385,8.672036],[106.563468,8.670886],[106.564292,8.669288],[106.565098,8.669048],[106.566012,8.66726],[106.566462,8.663506],[106.568383,8.662388],[106.569858,8.66026],[106.568539,8.659281],[106.570842,8.656052],[106.573601,8.653253],[106.575996,8.651192],[106.576792,8.652145],[106.578455,8.650359],[106.580533,8.649406],[106.581018,8.648089],[106.580842,8.647194],[106.579128,8.646501],[106.577125,8.646867],[106.57661,8.646543],[106.577138,8.645607],[106.580475,8.644833],[106.582513,8.644796],[106.58262,8.645323],[106.583613,8.645546],[106.583597,8.646377],[106.584597,8.646591],[106.586258,8.645193],[106.588347,8.6461],[106.58935,8.646084],[106.591193,8.645575],[106.593513,8.645371],[106.594529,8.644989],[106.595981,8.64522],[106.59962,8.644035],[106.600087,8.643398],[106.601383,8.643244],[106.602131,8.641926],[106.603987,8.64172],[106.607176,8.639938],[106.60924,8.640236],[106.610489,8.639764],[106.61341,8.640322],[106.613748,8.640966],[106.613292,8.642837],[106.612805,8.643548],[106.611638,8.64668],[106.60996,8.650712],[106.608126,8.653345],[106.606335,8.654405],[106.6062,8.655656],[106.605528,8.655955],[106.604356,8.658119],[106.603695,8.660816],[106.60226,8.662461],[106.60178,8.663851],[106.600774,8.665113],[106.599551,8.6652],[106.598936,8.666608],[106.597686,8.667762],[106.597509,8.668478],[106.598073,8.670633],[106.598765,8.672283],[106.600905,8.675724],[106.603512,8.679044],[106.605046,8.680216],[106.60676,8.681046],[106.609296,8.681295],[106.610247,8.682613],[106.61211,8.683908],[106.615394,8.687287],[106.617862,8.689035],[106.620354,8.690525],[106.621687,8.691076],[106.624069,8.691447],[106.625163,8.689594],[106.626315,8.688948],[106.626585,8.68782],[106.627246,8.687879],[106.628029,8.690594],[106.629111,8.690864],[106.63042,8.695159],[106.63145,8.697021],[106.632496,8.69824],[106.634288,8.699725],[106.635779,8.700396],[106.636914,8.700563],[106.637254,8.700054],[106.639043,8.699508],[106.641377,8.699097],[106.643466,8.698948],[106.64554,8.697832],[106.646546,8.696877],[106.648506,8.695963],[106.649316,8.695268],[106.650639,8.693006],[106.65059,8.692375],[106.651739,8.691042],[106.652379,8.691792],[106.655287,8.692937],[106.656585,8.693232],[106.658417,8.693025],[106.659336,8.692524],[106.660161,8.693899],[106.659979,8.695743],[106.658915,8.696464],[106.658489,8.697257],[106.657462,8.696826],[106.655344,8.699934],[106.648387,8.705298],[106.64498,8.708451]]]]},"properties":{"name":"Đặc khu Côn Đảo","short_name":"Côn Đảo","unit_type":"Đặc khu","osm_id":"relation/3612628","population":null,"ref":null,"id":10,"area_km2":75.38,"density":null}},{"type":"Feature","geometry":{"type":"Polygon","coordinates":[[[107.082022,10.38297],[107.081385,10.382029],[107.07948,10.380904],[107.081319,10.379546],[107.081672,10.378552],[107.080386,10.377374],[107.079991,10.37623],[107.081308,10.375304],[107.08431,10.369125],[107.083431,10.368635],[107.080133,10.370055],[107.076714,10.370256],[107.075527,10.36189],[107.092137,10.349443],[107.092747,10.349834],[107.09359,10.349407],[107.094717,10.349897],[107.098353,10.350754],[107.099088,10.350653],[107.101065,10.349344],[107.105684,10.354697],[107.110572,10.359995],[107.113119,10.362364],[107.119202,10.367174],[107.116634,10.370757],[107.113512,10.375639],[107.110524,10.380891],[107.106973,10.378951],[107.105561,10.377962],[107.102122,10.374923],[107.101057,10.373834],[107.099693,10.373511],[107.100437,10.37477],[107.101233,10.379773],[107.097507,10.382845],[107.097517,10.385843],[107.096905,10.387374],[107.096212,10.388052],[107.094638,10.386402],[107.094104,10.383087],[107.09184,10.378625],[107.088292,10.380346],[107.082022,10.38297]]]},"properties":{"name":"Phường Tam Thắng","short_name":"Tam Thắng","unit_type":"Phường","osm_id":"relation/3616747","population":86420,"ref":null,"id":11,"area_km2":11.52,"density":7502}},{"type":"Feature","geometry":{"type":"Polygon","coordinates":[[[106.794616,10.906516],[106.794362,10.905666],[106.79304,10.905844],[106.792898,10.905445],[106.791147,10.904895],[106.789569,10.903754],[106.786854,10.903444],[106.786809,10.902947],[106.782715,10.903674],[106.782373,10.904624],[106.778638,10.90466],[106.776948,10.905047],[106.773187,10.904683],[106.772891,10.902757],[106.772252,10.901781],[106.77075,10.902335],[106.770273,10.901328],[106.769066,10.900634],[106.769495,10.899679],[106.769477,10.898543],[106.76878,10.896133],[106.769114,10.89403],[106.769959,10.89342],[106.772707,10.889706],[106.775107,10.887546],[106.776907,10.884986],[106.779207,10.882836],[106.780507,10.881336],[106.781207,10.87973],[106.781307,10.878246],[106.782107,10.877196],[106.781855,10.873959],[106.78023,10.869659],[106.780332,10.868267],[106.783027,10.867488],[106.787728,10.867212],[106.787951,10.870076],[106.788922,10.871952],[106.792166,10.871976],[106.792171,10.872595],[106.793528,10.872587],[106.794665,10.873447],[106.797826,10.873208],[106.798224,10.872044],[106.799072,10.872148],[106.801333,10.873632],[106.804349,10.873703],[106.805297,10.875117],[106.807835,10.873769],[106.808484,10.872917],[106.813063,10.87911],[106.813825,10.878395],[106.816292,10.881227],[106.817191,10.881066],[106.817817,10.882869],[106.817721,10.884067],[106.819108,10.884243],[106.819444,10.885748],[106.820408,10.886344],[106.820374,10.885742],[106.822171,10.886191],[106.822384,10.88706],[106.824128,10.888235],[106.824231,10.889129],[106.823578,10.891013],[106.823578,10.892543],[106.825287,10.893016],[106.825093,10.893755],[106.825869,10.893664],[106.826729,10.894795],[106.827945,10.894291],[106.829854,10.894976],[106.830494,10.896057],[106.831681,10.896906],[106.832364,10.896814],[106.833271,10.897996],[106.83433,10.898385],[106.838218,10.898363],[106.840127,10.898846],[106.839289,10.902998],[106.835851,10.903335],[106.834571,10.903665],[106.833467,10.90467],[106.832671,10.906353],[106.832115,10.906747],[106.830784,10.906298],[106.829845,10.904853],[106.828083,10.903914],[106.826526,10.903821],[106.823553,10.902796],[106.822318,10.903154],[106.821839,10.903836],[106.821362,10.903174],[106.817213,10.90316],[106.816106,10.903352],[106.814804,10.904694],[106.814639,10.906597],[106.813965,10.907411],[106.815145,10.907842],[106.815187,10.91035],[106.8137,10.913102],[106.812387,10.914157],[106.81144,10.915797],[106.811867,10.917769],[106.810838,10.918012],[106.809155,10.919148],[106.808843,10.919719],[106.807546,10.92038],[106.805173,10.920719],[106.803394,10.919955],[106.801987,10.919813],[106.796587,10.912159],[106.795967,10.910734],[106.794616,10.906516]]]},"properties":{"name":"Phường Đông Hòa","short_name":"Đông Hòa","unit_type":"Phường","osm_id":"relation/3870770","population":132056,"ref":null,"id":12,"area_km2":21.96,"density":6013}},{"type":"Feature","geometry":{"type":"Polygon","coordinates":[[[107.164099,10.474174],[107.165182,10.475085],[107.168806,10.476352],[107.170095,10.477463],[107.171338,10.47975],[107.171814,10.48347],[107.171468,10.484232],[107.169756,10.48544],[107.16935,10.486047],[107.169334,10.488182],[107.167951,10.489597],[107.167626,10.49058],[107.165894,10.491477],[107.16658,10.493428],[107.165223,10.495486],[107.166215,10.497727],[107.167015,10.500707],[107.168753,10.501915],[107.168736,10.503492],[107.169789,10.505853],[107.170714,10.505287],[107.170482,10.506143],[107.170778,10.507504],[107.171765,10.507767],[107.173256,10.509598],[107.172792,10.510269],[107.171804,10.510391],[107.172258,10.511073],[107.171631,10.5114],[107.172376,10.511964],[107.171996,10.513009],[107.171019,10.513003],[107.17162,10.5138],[107.171175,10.514733],[107.171904,10.514507],[107.172623,10.516237],[107.17419,10.516527],[107.173766,10.517102],[107.174426,10.517866],[107.175552,10.51765],[107.176201,10.518236],[107.176378,10.519185],[107.177349,10.519348],[107.177923,10.521184],[107.178792,10.520899],[107.179032,10.522041],[107.178664,10.522613],[107.180273,10.524227],[107.179736,10.524892],[107.180831,10.525546],[107.181625,10.524607],[107.182602,10.527017],[107.182757,10.528324],[107.184125,10.529433],[107.183994,10.530707],[107.184538,10.530894],[107.184066,10.532307],[107.184575,10.532892],[107.183797,10.533525],[107.184345,10.534174],[107.184747,10.535682],[107.183502,10.536468],[107.184323,10.536816],[107.183497,10.537191],[107.184377,10.537396],[107.183679,10.538093],[107.184811,10.539269],[107.183915,10.539997],[107.18464,10.541826],[107.183567,10.541668],[107.182821,10.542185],[107.181652,10.543657],[107.181576,10.544416],[107.180922,10.544595],[107.180943,10.545634],[107.179506,10.546837],[107.178696,10.546441],[107.17813,10.548024],[107.178768,10.548671],[107.177322,10.550022],[107.178154,10.550317],[107.176909,10.550586],[107.177033,10.551715],[107.175976,10.551731],[107.176427,10.552495],[107.17596,10.552775],[107.175348,10.551926],[107.174356,10.553492],[107.174946,10.553777],[107.174656,10.555106],[107.174216,10.555354],[107.174597,10.556704],[107.173841,10.557737],[107.172934,10.557811],[107.171743,10.558555],[107.172478,10.558718],[107.171651,10.559529],[107.17056,10.559709],[107.17009,10.55933],[107.168358,10.559649],[107.168454,10.558315],[107.169611,10.555558],[107.170467,10.54899],[107.171003,10.545755],[107.171583,10.541259],[107.171006,10.538486],[107.171148,10.535018],[107.170074,10.534818],[107.166386,10.536817],[107.16026,10.538053],[107.156871,10.534842],[107.157009,10.532559],[107.155252,10.533953],[107.15155,10.536033],[107.148353,10.535881],[107.146059,10.533208],[107.142535,10.52841],[107.141453,10.527731],[107.140515,10.526335],[107.139265,10.523812],[107.137246,10.52052],[107.137024,10.518791],[107.136555,10.518202],[107.135526,10.515551],[107.135956,10.514014],[107.134367,10.513898],[107.133494,10.511631],[107.132452,10.512144],[107.132087,10.511119],[107.13124,10.510658],[107.130732,10.511362],[107.129925,10.51126],[107.129547,10.510158],[107.128205,10.510995],[107.126979,10.510365],[107.126164,10.510669],[107.126307,10.512045],[107.125516,10.512068],[107.124266,10.510669],[107.124569,10.507477],[107.124455,10.50483],[107.124457,10.499867],[107.123954,10.499865],[107.123513,10.497166],[107.123939,10.497051],[107.123419,10.49412],[107.124629,10.493218],[107.124787,10.491795],[107.126258,10.491469],[107.126598,10.49052],[107.124244,10.489794],[107.123322,10.48877],[107.122465,10.488347],[107.121477,10.486426],[107.121256,10.485027],[107.122661,10.484463],[107.122873,10.48355],[107.122325,10.482603],[107.120619,10.481204],[107.12084,10.48017],[107.122528,10.478632],[107.122033,10.47759],[107.119789,10.474844],[107.117721,10.474978],[107.116554,10.476559],[107.11522,10.477202],[107.112788,10.477321],[107.113435,10.472823],[107.114725,10.468801],[107.115988,10.466341],[107.117174,10.465278],[107.118229,10.463536],[107.118659,10.461602],[107.118177,10.459244],[107.118268,10.458476],[107.123713,10.457489],[107.125068,10.457771],[107.128416,10.457592],[107.129849,10.457963],[107.130644,10.45886],[107.132947,10.462124],[107.134515,10.460533],[107.135075,10.458284],[107.137169,10.454612],[107.138593,10.453928],[107.140349,10.454247],[107.141199,10.455399],[107.142029,10.457913],[107.141862,10.458906],[107.141853,10.463138],[107.141225,10.466727],[107.143777,10.466655],[107.146776,10.466351],[107.149425,10.465793],[107.153967,10.464419],[107.156207,10.465846],[107.158374,10.471248],[107.160241,10.473695],[107.163047,10.473894],[107.164099,10.474174]]]},"properties":{"name":"Phường Long Hương","short_name":"Long Hương","unit_type":"Phường","osm_id":"relation/4132582","population":31457,"ref":null,"id":13,"area_km2":41.77,"density":753}},{"type":"Feature","geometry":{"type":"Polygon","coordinates":[[[107.23995,10.510049],[107.240224,10.511246],[107.241434,10.51295],[107.240756,10.514245],[107.241223,10.515857],[107.24191,10.516233],[107.24241,10.517275],[107.24198,10.518556],[107.24212,10.519658],[107.243087,10.520292],[107.24354,10.521853],[107.242935,10.522362],[107.244173,10.523465],[107.243366,10.523883],[107.24326,10.526108],[107.243932,10.526664],[107.244895,10.526087],[107.24487,10.527015],[107.245973,10.527129],[107.246234,10.529251],[107.245963,10.530193],[107.246939,10.529956],[107.247273,10.532566],[107.246096,10.534549],[107.245512,10.536199],[107.245994,10.537133],[107.245339,10.538097],[107.246543,10.537785],[107.246501,10.538948],[107.245705,10.539455],[107.246476,10.540298],[107.243019,10.538141],[107.242208,10.538726],[107.241447,10.539974],[107.240827,10.541711],[107.237497,10.54527],[107.233884,10.549802],[107.231232,10.550733],[107.229671,10.550179],[107.227217,10.551045],[107.226678,10.552462],[107.227297,10.554305],[107.228839,10.561284],[107.226399,10.562349],[107.220235,10.563197],[107.219817,10.561847],[107.217777,10.55397],[107.215752,10.55476],[107.214526,10.554472],[107.213775,10.55379],[107.213345,10.551329],[107.212284,10.550788],[107.211883,10.5516],[107.210885,10.551532],[107.208375,10.554154],[107.206178,10.553465],[107.205248,10.554377],[107.204318,10.553547],[107.204248,10.554273],[107.201939,10.553808],[107.201995,10.553358],[107.200234,10.552375],[107.200283,10.551883],[107.198716,10.551783],[107.198866,10.55424],[107.198105,10.554694],[107.196957,10.553539],[107.19634,10.553898],[107.195205,10.552615],[107.196819,10.551855],[107.196357,10.551673],[107.196993,10.54986],[107.196427,10.548858],[107.19681,10.546991],[107.196263,10.545183],[107.196546,10.544167],[107.194026,10.543889],[107.192405,10.543158],[107.192532,10.542566],[107.191084,10.542177],[107.190668,10.540547],[107.189734,10.540414],[107.187479,10.541516],[107.186403,10.541675],[107.185962,10.541245],[107.184958,10.542152],[107.18464,10.541826],[107.183915,10.539997],[107.184811,10.539269],[107.183679,10.538093],[107.184377,10.537396],[107.183497,10.537191],[107.184323,10.536816],[107.183502,10.536468],[107.184747,10.535682],[107.184345,10.534174],[107.183797,10.533525],[107.184575,10.532892],[107.184066,10.532307],[107.184538,10.530894],[107.183994,10.530707],[107.184125,10.529433],[107.182757,10.528324],[107.182602,10.527017],[107.184193,10.526466],[107.185944,10.52503],[107.186369,10.523958],[107.187005,10.520713],[107.187777,10.518266],[107.189633,10.51569],[107.181414,10.508984],[107.193792,10.501515],[107.196132,10.500352],[107.201276,10.498103],[107.205022,10.496993],[107.213216,10.495102],[107.214273,10.494727],[107.218916,10.498101],[107.219544,10.499676],[107.22072,10.499],[107.22109,10.500764],[107.222553,10.500614],[107.222614,10.501069],[107.223996,10.500931],[107.224564,10.503246],[107.226217,10.502902],[107.227915,10.502867],[107.228292,10.505606],[107.229983,10.505806],[107.230087,10.506797],[107.231227,10.506897],[107.233082,10.506383],[107.233871,10.506915],[107.236138,10.506783],[107.236086,10.508071],[107.237115,10.509498],[107.238237,10.509176],[107.239069,10.509889],[107.23995,10.510049]]]},"properties":{"name":"Phường Tam Long","short_name":"Tam Long","unit_type":"Phường","osm_id":"relation/4137054","population":41130,"ref":null,"id":14,"area_km2":34.84,"density":1181}},{"type":"Feature","geometry":{"type":"Polygon","coordinates":[[[107.174972,10.46271],[107.177064,10.46475],[107.177632,10.466401],[107.177708,10.467593],[107.176913,10.470635],[107.177771,10.471801],[107.178693,10.472124],[107.181836,10.472422],[107.183528,10.472385],[107.186848,10.470163],[107.189272,10.468909],[107.190512,10.468903],[107.190956,10.470041],[107.190302,10.472367],[107.190357,10.473331],[107.189883,10.47477],[107.190129,10.477594],[107.190598,10.478957],[107.191301,10.478921],[107.19396,10.479475],[107.195644,10.480116],[107.196422,10.481154],[107.197342,10.481587],[107.200277,10.484454],[107.196636,10.486073],[107.197562,10.487245],[107.199749,10.488539],[107.200532,10.489795],[107.201743,10.489581],[107.203499,10.494014],[107.204429,10.494882],[107.205022,10.496993],[107.201276,10.498103],[107.196132,10.500352],[107.193792,10.501515],[107.181414,10.508984],[107.189633,10.51569],[107.187777,10.518266],[107.187005,10.520713],[107.186369,10.523958],[107.185944,10.52503],[107.184193,10.526466],[107.182602,10.527017],[107.181625,10.524607],[107.180831,10.525546],[107.179736,10.524892],[107.180273,10.524227],[107.178664,10.522613],[107.179032,10.522041],[107.178792,10.520899],[107.177923,10.521184],[107.177349,10.519348],[107.176378,10.519185],[107.176201,10.518236],[107.175552,10.51765],[107.174426,10.517866],[107.173766,10.517102],[107.17419,10.516527],[107.172623,10.516237],[107.171904,10.514507],[107.171175,10.514733],[107.17162,10.5138],[107.171019,10.513003],[107.171996,10.513009],[107.172376,10.511964],[107.171631,10.5114],[107.172258,10.511073],[107.171804,10.510391],[107.172792,10.510269],[107.173256,10.509598],[107.171765,10.507767],[107.170778,10.507504],[107.170482,10.506143],[107.170714,10.505287],[107.169789,10.505853],[107.168736,10.503492],[107.168753,10.501915],[107.167015,10.500707],[107.166215,10.497727],[107.165223,10.495486],[107.16658,10.493428],[107.165894,10.491477],[107.167626,10.49058],[107.167951,10.489597],[107.169334,10.488182],[107.16935,10.486047],[107.169756,10.48544],[107.171468,10.484232],[107.171814,10.48347],[107.171338,10.47975],[107.170095,10.477463],[107.168806,10.476352],[107.165182,10.475085],[107.164099,10.474174],[107.165752,10.472938],[107.166946,10.470294],[107.167239,10.467012],[107.16702,10.464663],[107.169173,10.464066],[107.172847,10.463294],[107.174972,10.46271]]]},"properties":{"name":"Phường Bà Rịa","short_name":"Bà Rịa","unit_type":"Phường","osm_id":"relation/4139667","population":52265,"ref":null,"id":15,"area_km2":15.66,"density":3337}},{"type":"Feature","geometry":{"type":"Polygon","coordinates":[[[107.171272,10.399939],[107.176856,10.40087],[107.178585,10.399912],[107.182033,10.400478],[107.187327,10.401987],[107.190431,10.402963],[107.197396,10.404834],[107.200836,10.405647],[107.205057,10.406003],[107.207789,10.406032],[107.212384,10.405435],[107.212482,10.403736],[107.215883,10.403089],[107.217549,10.402432],[107.220049,10.400869],[107.221614,10.398808],[107.223254,10.396968],[107.224576,10.39602],[107.22512,10.395017],[107.226982,10.393453],[107.228629,10.39165],[107.229235,10.391378],[107.230007,10.389746],[107.231153,10.388834],[107.231662,10.387564],[107.232506,10.387064],[107.233503,10.385891],[107.234882,10.384825],[107.236331,10.382915],[107.23832,10.380923],[107.239681,10.378626],[107.241284,10.37773],[107.242295,10.377649],[107.243767,10.378287],[107.244456,10.379258],[107.246063,10.380312],[107.247661,10.380705],[107.249859,10.380295],[107.250876,10.380636],[107.252378,10.380536],[107.25379,10.37947],[107.254576,10.37952],[107.24818,10.409686],[107.244031,10.421076],[107.244197,10.42486],[107.245716,10.434554],[107.244826,10.437115],[107.243684,10.437199],[107.243156,10.437828],[107.241244,10.436604],[107.240407,10.436805],[107.238455,10.437982],[107.236453,10.438614],[107.235173,10.438541],[107.233472,10.43908],[107.229893,10.437711],[107.227515,10.434579],[107.221767,10.43541],[107.221378,10.435644],[107.218964,10.435149],[107.220245,10.431584],[107.220843,10.42878],[107.218258,10.42812],[107.218384,10.427239],[107.2169,10.426732],[107.216728,10.425537],[107.2154,10.425013],[107.214719,10.424225],[107.21386,10.424329],[107.211747,10.422085],[107.211153,10.420219],[107.210473,10.419621],[107.20726,10.418702],[107.203698,10.418506],[107.202107,10.420297],[107.200885,10.420784],[107.198653,10.420928],[107.195849,10.42047],[107.193697,10.420916],[107.192848,10.421918],[107.192594,10.424002],[107.191706,10.426812],[107.190807,10.428327],[107.189254,10.429187],[107.187664,10.429042],[107.187196,10.428254],[107.186604,10.42606],[107.185507,10.423891],[107.183489,10.42085],[107.180937,10.416608],[107.178942,10.412345],[107.175234,10.406341],[107.173538,10.404906],[107.172809,10.403766],[107.171272,10.399939]]]},"properties":{"name":"Xã Long Hải","short_name":"Long Hải","unit_type":"Xã","osm_id":"relation/5485503","population":null,"ref":null,"id":16,"area_km2":27.22,"density":null}},{"type":"Feature","geometry":{"type":"Polygon","coordinates":[[[107.008287,10.613008],[107.014028,10.609132],[107.016446,10.606857],[107.019146,10.603897],[107.020146,10.602317],[107.020946,10.600417],[107.022346,10.595967],[107.025346,10.590777],[107.026829,10.588441],[107.027199,10.585966],[107.026672,10.581751],[107.025909,10.580198],[107.024601,10.578519],[107.020658,10.57191],[107.015498,10.565462],[107.013281,10.562158],[107.011864,10.558907],[107.011246,10.556835],[107.011301,10.554674],[107.011791,10.552156],[107.012264,10.550834],[107.013427,10.549458],[107.014916,10.548494],[107.017206,10.547601],[107.023692,10.546083],[107.025491,10.545422],[107.02731,10.546375],[107.031193,10.54663],[107.032136,10.547812],[107.031107,10.550746],[107.03102,10.551851],[107.031427,10.552735],[107.035293,10.554402],[107.035924,10.554869],[107.036287,10.556128],[107.035587,10.55725],[107.032741,10.558687],[107.032188,10.559622],[107.031631,10.563795],[107.030162,10.564497],[107.029963,10.565177],[107.032246,10.566197],[107.032116,10.568076],[107.033448,10.568569],[107.033941,10.569156],[107.034348,10.571188],[107.035213,10.572446],[107.036968,10.57197],[107.040257,10.57388],[107.042434,10.573819],[107.044318,10.574986],[107.046348,10.574649],[107.049729,10.57638],[107.049461,10.576835],[107.050508,10.577236],[107.051239,10.576271],[107.053328,10.577662],[107.061081,10.577649],[107.06156,10.575692],[107.066538,10.577356],[107.066658,10.577805],[107.075858,10.580327],[107.076398,10.581573],[107.078069,10.582632],[107.080289,10.583199],[107.081637,10.583239],[107.084868,10.582439],[107.088799,10.581715],[107.09101,10.59006],[107.087837,10.594586],[107.085117,10.597788],[107.084824,10.598482],[107.085256,10.599596],[107.084547,10.601058],[107.083442,10.602646],[107.083936,10.603069],[107.081626,10.60418],[107.078828,10.604531],[107.0767,10.605307],[107.077898,10.606088],[107.078105,10.607265],[107.077505,10.607395],[107.078116,10.609657],[107.081744,10.608955],[107.082806,10.611106],[107.082858,10.61298],[107.083819,10.613031],[107.083677,10.61425],[107.084057,10.614489],[107.084512,10.616085],[107.083656,10.616655],[107.081348,10.61735],[107.081864,10.618113],[107.081118,10.620802],[107.080219,10.620877],[107.078867,10.622114],[107.078353,10.623637],[107.080684,10.624842],[107.080014,10.626059],[107.080614,10.626956],[107.081879,10.627745],[107.082881,10.627851],[107.081033,10.630925],[107.079526,10.63131],[107.077722,10.633967],[107.076381,10.6356],[107.076292,10.636551],[107.074514,10.63784],[107.073144,10.639943],[107.07059,10.641539],[107.074641,10.644244],[107.075163,10.646436],[107.076223,10.64698],[107.077716,10.648726],[107.079889,10.649338],[107.082717,10.649502],[107.084604,10.648977],[107.086794,10.649579],[107.088521,10.650817],[107.089303,10.651965],[107.090765,10.653246],[107.088225,10.653188],[107.085285,10.653499],[107.081544,10.653652],[107.077809,10.65339],[107.07494,10.653818],[107.072859,10.653814],[107.069492,10.653487],[107.066894,10.653522],[107.06555,10.65466],[107.064481,10.656966],[107.06198,10.657484],[107.058628,10.656916],[107.057754,10.656975],[107.054369,10.658214],[107.051757,10.658126],[107.049028,10.657807],[107.04702,10.657781],[107.044459,10.657454],[107.040396,10.656195],[107.038312,10.655785],[107.038651,10.655007],[107.032422,10.652061],[107.02151,10.646801],[107.020153,10.647398],[107.019256,10.646727],[107.019153,10.645644],[107.01695,10.644957],[107.01392,10.643647],[107.013927,10.640639],[107.01597,10.638703],[107.018062,10.633009],[107.017515,10.631556],[107.015728,10.631471],[107.014253,10.632253],[107.010895,10.63521],[107.008593,10.636584],[107.006598,10.637154],[107.002607,10.637133],[107.000954,10.636015],[106.998766,10.634201],[106.997049,10.629773],[106.996835,10.627221],[106.997586,10.623172],[106.99913,10.620409],[107.001964,10.617938],[107.008287,10.613008]]]},"properties":{"name":"Phường Phú Mỹ","short_name":"Phú Mỹ","unit_type":"Phường","osm_id":"relation/5485644","population":78641,"ref":null,"id":17,"area_km2":69.94,"density":1124}},{"type":"Feature","geometry":{"type":"Polygon","coordinates":[[[107.045256,10.476819],[107.045693,10.479324],[107.046788,10.482695],[107.048247,10.484784],[107.052202,10.488247],[107.055678,10.492509],[107.058511,10.494493],[107.059064,10.497052],[107.058259,10.498536],[107.059794,10.499332],[107.061574,10.500914],[107.062326,10.502623],[107.062014,10.505477],[107.062422,10.506157],[107.0635,10.506147],[107.065201,10.505187],[107.066333,10.505239],[107.067137,10.506078],[107.067588,10.50881],[107.068071,10.509538],[107.069433,10.509633],[107.070276,10.509216],[107.071949,10.50958],[107.07247,10.510261],[107.074428,10.510271],[107.0749,10.511263],[107.074771,10.512935],[107.075517,10.513151],[107.076134,10.510946],[107.077013,10.510087],[107.077834,10.510414],[107.078167,10.513642],[107.080366,10.515319],[107.080227,10.516036],[107.080784,10.517334],[107.080377,10.518183],[107.078864,10.519454],[107.078537,10.521827],[107.078778,10.524048],[107.078322,10.52535],[107.078961,10.525424],[107.078663,10.526168],[107.079889,10.526612],[107.081823,10.526842],[107.084532,10.527454],[107.085587,10.525942],[107.087369,10.52703],[107.088076,10.528429],[107.089597,10.526355],[107.093983,10.529173],[107.094917,10.529326],[107.096197,10.531588],[107.096309,10.533255],[107.09739,10.536358],[107.099453,10.537409],[107.099759,10.538575],[107.099464,10.540211],[107.100805,10.540611],[107.101942,10.541898],[107.102496,10.544428],[107.102823,10.544934],[107.10434,10.545724],[107.104088,10.54642],[107.106164,10.549988],[107.107932,10.55119],[107.109551,10.550916],[107.112335,10.553388],[107.113357,10.554998],[107.114096,10.556894],[107.114199,10.558349],[107.113717,10.558681],[107.107048,10.561812],[107.107166,10.565715],[107.104756,10.571619],[107.101905,10.578805],[107.10079,10.579262],[107.098116,10.579548],[107.097455,10.5805],[107.098776,10.582969],[107.099078,10.584339],[107.097115,10.582994],[107.096406,10.583105],[107.091992,10.588196],[107.09101,10.59006],[107.088799,10.581715],[107.084868,10.582439],[107.081637,10.583239],[107.080289,10.583199],[107.078069,10.582632],[107.076398,10.581573],[107.075858,10.580327],[107.066658,10.577805],[107.066538,10.577356],[107.06156,10.575692],[107.061081,10.577649],[107.053328,10.577662],[107.051239,10.576271],[107.050508,10.577236],[107.049461,10.576835],[107.049729,10.57638],[107.046348,10.574649],[107.044318,10.574986],[107.042434,10.573819],[107.040257,10.57388],[107.036968,10.57197],[107.035213,10.572446],[107.034348,10.571188],[107.033941,10.569156],[107.033448,10.568569],[107.032116,10.568076],[107.032246,10.566197],[107.029963,10.565177],[107.030162,10.564497],[107.031631,10.563795],[107.032188,10.559622],[107.032741,10.558687],[107.035587,10.55725],[107.036287,10.556128],[107.035924,10.554869],[107.035293,10.554402],[107.031427,10.552735],[107.03102,10.551851],[107.031107,10.550746],[107.032136,10.547812],[107.031193,10.54663],[107.02731,10.546375],[107.025491,10.545422],[107.026708,10.544421],[107.027375,10.542566],[107.027671,10.540777],[107.02758,10.539402],[107.026738,10.537032],[107.025198,10.534469],[107.024024,10.533087],[107.012619,10.522339],[107.012328,10.519731],[107.010555,10.515897],[107.007688,10.511415],[107.005827,10.509849],[106.999935,10.506831],[107.001954,10.501434],[107.00259,10.495577],[107.004057,10.495231],[107.005554,10.495407],[107.007574,10.493888],[107.007733,10.493258],[107.007068,10.490165],[107.005832,10.489298],[107.009419,10.487537],[107.011376,10.48602],[107.013436,10.485691],[107.02023,10.479977],[107.019906,10.478251],[107.019971,10.476633],[107.019661,10.476257],[107.019598,10.474467],[107.020672,10.473427],[107.020888,10.472673],[107.023838,10.471061],[107.025314,10.469307],[107.025416,10.468428],[107.024332,10.467643],[107.024761,10.467469],[107.02475,10.466258],[107.025839,10.466147],[107.02621,10.467018],[107.026376,10.469022],[107.025287,10.469642],[107.02614,10.471288],[107.026354,10.472441],[107.026161,10.475236],[107.029782,10.475255],[107.030946,10.476125],[107.034487,10.476537],[107.03601,10.476964],[107.036509,10.475666],[107.038644,10.474938],[107.039642,10.474295],[107.040744,10.470668],[107.04402,10.471576],[107.044796,10.472242],[107.045256,10.476819]]]},"properties":{"name":"Phường Tân Phước","short_name":"Tân Phước","unit_type":"Phường","osm_id":"relation/5485645","population":29363,"ref":null,"id":18,"area_km2":81.04,"density":362}},{"type":"Feature","geometry":{"type":"Polygon","coordinates":[[[107.257269,10.462097],[107.260514,10.459691],[107.262907,10.459873],[107.264237,10.461097],[107.266464,10.461239],[107.267456,10.462284],[107.268942,10.461814],[107.271774,10.463017],[107.272,10.464309],[107.274145,10.465101],[107.274389,10.466314],[107.276289,10.466728],[107.276675,10.467696],[107.277788,10.469236],[107.278662,10.469811],[107.280207,10.469859],[107.281591,10.469308],[107.282517,10.47198],[107.284788,10.471919],[107.285083,10.472952],[107.285914,10.473707],[107.286741,10.473549],[107.288337,10.472129],[107.290504,10.47281],[107.291856,10.473541],[107.293387,10.473705],[107.295476,10.474245],[107.295705,10.475965],[107.295395,10.476869],[107.295644,10.478747],[107.295519,10.482086],[107.295861,10.485979],[107.295888,10.487949],[107.297398,10.488308],[107.299195,10.487833],[107.299909,10.486711],[107.300909,10.486463],[107.301423,10.484939],[107.301804,10.482836],[107.301859,10.480966],[107.303537,10.481139],[107.304314,10.481688],[107.305918,10.480974],[107.307336,10.481018],[107.308268,10.483128],[107.309609,10.484294],[107.310462,10.484647],[107.311857,10.485971],[107.312509,10.487514],[107.314971,10.486211],[107.315982,10.486522],[107.318206,10.485752],[107.318906,10.486164],[107.320354,10.485161],[107.322551,10.483162],[107.325101,10.482423],[107.326561,10.482384],[107.330359,10.480758],[107.33057,10.480454],[107.333025,10.481532],[107.333593,10.482152],[107.336254,10.483487],[107.33862,10.485549],[107.340229,10.486177],[107.342316,10.486625],[107.343979,10.487896],[107.3454,10.488065],[107.34768,10.489542],[107.347259,10.490526],[107.349461,10.491694],[107.353187,10.493263],[107.355402,10.494651],[107.357323,10.4945],[107.36095,10.49481],[107.362105,10.494194],[107.364092,10.495023],[107.364796,10.496256],[107.365935,10.496797],[107.366831,10.496605],[107.36924,10.497375],[107.370248,10.496742],[107.372019,10.496642],[107.371898,10.495289],[107.374722,10.495336],[107.374572,10.496774],[107.375673,10.496697],[107.377049,10.497428],[107.376438,10.49842],[107.375407,10.497973],[107.375153,10.499031],[107.372989,10.498872],[107.373218,10.499729],[107.37434,10.500282],[107.375137,10.500243],[107.376101,10.501216],[107.375817,10.502034],[107.375137,10.501997],[107.374449,10.500932],[107.372649,10.501356],[107.372766,10.50201],[107.374043,10.501347],[107.373641,10.504251],[107.373133,10.505512],[107.374672,10.506851],[107.375938,10.507423],[107.375379,10.508844],[107.375478,10.509919],[107.37455,10.511522],[107.373637,10.511845],[107.373899,10.512946],[107.373372,10.51346],[107.373573,10.514598],[107.372194,10.515732],[107.372027,10.519419],[107.371277,10.520032],[107.370748,10.522064],[107.371045,10.522725],[107.369952,10.523524],[107.37053,10.525632],[107.371458,10.526631],[107.371636,10.52776],[107.372726,10.527975],[107.372806,10.528537],[107.371733,10.529105],[107.371078,10.53137],[107.370301,10.532649],[107.37053,10.534342],[107.371128,10.535732],[107.369914,10.536614],[107.36914,10.535645],[107.369092,10.536772],[107.367984,10.538214],[107.36727,10.538565],[107.366433,10.539691],[107.366286,10.542183],[107.366643,10.542984],[107.367528,10.542869],[107.367028,10.544204],[107.365801,10.543892],[107.364938,10.544763],[107.363885,10.543895],[107.361973,10.543582],[107.360529,10.544254],[107.36035,10.547333],[107.360555,10.548283],[107.359842,10.548986],[107.360175,10.549998],[107.359287,10.551106],[107.35923,10.551926],[107.360014,10.552709],[107.359847,10.553472],[107.35861,10.553585],[107.358183,10.552155],[107.357136,10.550323],[107.353977,10.549285],[107.352864,10.549206],[107.352745,10.550165],[107.35174,10.550532],[107.349014,10.549461],[107.348677,10.550318],[107.349691,10.552209],[107.348296,10.552515],[107.347802,10.553531],[107.348001,10.555039],[107.347682,10.555577],[107.345708,10.556673],[107.345621,10.557363],[107.346229,10.55831],[107.342714,10.558923],[107.341761,10.559964],[107.34101,10.561619],[107.342272,10.564288],[107.343053,10.563814],[107.343672,10.564092],[107.345476,10.563213],[107.346916,10.563135],[107.347066,10.564027],[107.348521,10.564612],[107.348749,10.566238],[107.347748,10.566882],[107.345178,10.568075],[107.344139,10.568187],[107.343628,10.56766],[107.342704,10.568189],[107.342172,10.56759],[107.340604,10.566983],[107.34024,10.567399],[107.338573,10.567572],[107.337466,10.565354],[107.336107,10.564913],[107.334101,10.565341],[107.333007,10.566069],[107.330743,10.564254],[107.33011,10.563391],[107.330054,10.56108],[107.329456,10.561833],[107.328273,10.561555],[107.326593,10.562439],[107.324819,10.56205],[107.326191,10.561475],[107.325589,10.559983],[107.324071,10.560645],[107.323777,10.559903],[107.323163,10.560286],[107.323032,10.559411],[107.322067,10.559058],[107.323283,10.55834],[107.323008,10.557729],[107.321712,10.557167],[107.320356,10.557175],[107.319165,10.556768],[107.316643,10.556884],[107.316185,10.55617],[107.315264,10.556369],[107.31463,10.557089],[107.312597,10.55817],[107.312023,10.55967],[107.309716,10.56069],[107.308269,10.561539],[107.307262,10.561725],[107.306946,10.562397],[107.306443,10.562367],[107.305044,10.559659],[107.302682,10.559401],[107.300279,10.559678],[107.299359,10.560318],[107.299079,10.561076],[107.297765,10.561496],[107.297276,10.562645],[107.296171,10.56303],[107.295234,10.564556],[107.295371,10.565663],[107.294268,10.566287],[107.291347,10.566918],[107.290353,10.566397],[107.288722,10.566623],[107.288783,10.568229],[107.287461,10.570016],[107.287393,10.571422],[107.286347,10.572386],[107.285067,10.572429],[107.28498,10.571358],[107.284436,10.570732],[107.283106,10.571052],[107.282054,10.570893],[107.28148,10.572051],[107.280545,10.572589],[107.279157,10.574624],[107.277815,10.574486],[107.27667,10.575326],[107.276458,10.57673],[107.275613,10.576703],[107.275288,10.573894],[107.273734,10.573496],[107.273692,10.569492],[107.272468,10.569713],[107.271573,10.569076],[107.269148,10.57053],[107.265612,10.567854],[107.264407,10.567798],[107.262709,10.566975],[107.261219,10.567579],[107.260067,10.567132],[107.257764,10.565149],[107.252349,10.557727],[107.248762,10.549093],[107.247131,10.548876],[107.248583,10.547688],[107.248749,10.545669],[107.249179,10.545296],[107.247901,10.545105],[107.247181,10.544345],[107.247654,10.543026],[107.246981,10.542832],[107.247201,10.541851],[107.246476,10.540298],[107.245705,10.539455],[107.246501,10.538948],[107.246543,10.537785],[107.245339,10.538097],[107.245994,10.537133],[107.245512,10.536199],[107.246096,10.534549],[107.247273,10.532566],[107.246939,10.529956],[107.245963,10.530193],[107.246234,10.529251],[107.245973,10.527129],[107.24487,10.527015],[107.244895,10.526087],[107.243932,10.526664],[107.24326,10.526108],[107.243366,10.523883],[107.244173,10.523465],[107.242935,10.522362],[107.24354,10.521853],[107.243087,10.520292],[107.24212,10.519658],[107.24198,10.518556],[107.24241,10.517275],[107.24191,10.516233],[107.241223,10.515857],[107.240756,10.514245],[107.241434,10.51295],[107.240224,10.511246],[107.23995,10.510049],[107.240927,10.50888],[107.24257,10.509742],[107.242764,10.511401],[107.244631,10.512223],[107.246176,10.5136],[107.246525,10.513352],[107.246981,10.515082],[107.250312,10.513902],[107.250729,10.513317],[107.250571,10.511996],[107.251291,10.508999],[107.251945,10.508862],[107.252262,10.507406],[107.252997,10.506974],[107.253254,10.505746],[107.252809,10.504851],[107.252267,10.502625],[107.250695,10.501264],[107.250915,10.498948],[107.251768,10.49831],[107.251173,10.495668],[107.252509,10.493645],[107.253176,10.493249],[107.253236,10.491662],[107.254199,10.488818],[107.253419,10.487],[107.253734,10.48118],[107.252553,10.481303],[107.252988,10.47884],[107.252532,10.477848],[107.252591,10.476872],[107.251652,10.475406],[107.251126,10.475147],[107.251014,10.471085],[107.250048,10.469576],[107.250912,10.468648],[107.25758,10.465494],[107.257585,10.463821],[107.257269,10.462097]]]},"properties":{"name":"Xã Đất Đỏ","short_name":"Đất Đỏ","unit_type":"Xã","osm_id":"relation/6190340","population":null,"ref":null,"id":19,"area_km2":121.11,"density":null}},{"type":"Feature","geometry":{"type":"Polygon","coordinates":[[[106.62013,10.780512],[106.621453,10.776279],[106.621589,10.773364],[106.623004,10.767364],[106.624162,10.762016],[106.624658,10.76088],[106.629754,10.760161],[106.631868,10.758893],[106.633733,10.758172],[106.634205,10.758974],[106.632701,10.760178],[106.632426,10.761621],[106.632385,10.763798],[106.631779,10.768282],[106.631798,10.770276],[106.632252,10.773146],[106.632846,10.774771],[106.635033,10.778168],[106.636006,10.781673],[106.634294,10.780672],[106.62875,10.78213],[106.621426,10.784506],[106.61967,10.784771],[106.618755,10.784513],[106.62013,10.780512]]]},"properties":{"name":"Phường Phú Thạnh","short_name":"Phú Thạnh","unit_type":"Phường","osm_id":"relation/6890889","population":103780,"ref":null,"id":20,"area_km2":3.03,"density":34251}},{"type":"Feature","geometry":{"type":"Polygon","coordinates":[[[106.636006,10.781673],[106.637816,10.793131],[106.630578,10.794283],[106.627745,10.795804],[106.623027,10.795886],[106.620312,10.79561],[106.619997,10.795857],[106.618067,10.795781],[106.616675,10.796012],[106.614443,10.795179],[106.616717,10.789959],[106.618755,10.784513],[106.61967,10.784771],[106.621426,10.784506],[106.62875,10.78213],[106.634294,10.780672],[106.636006,10.781673]]]},"properties":{"name":"Phường Phú Thọ Hòa","short_name":"Phú Thọ Hòa","unit_type":"Phường","osm_id":"relation/6890890","population":140436,"ref":null,"id":21,"area_km2":3.02,"density":46502}},{"type":"Feature","geometry":{"type":"Polygon","coordinates":[[[106.634205,10.758974],[106.635089,10.760078],[106.635727,10.762755],[106.63575,10.76637],[106.635612,10.769555],[106.637605,10.768982],[106.641591,10.772565],[106.642124,10.772148],[106.643867,10.774622],[106.644616,10.775129],[106.64768,10.775226],[106.643452,10.78119],[106.642725,10.782812],[106.641634,10.785943],[106.639395,10.792373],[106.638268,10.795903],[106.637816,10.793131],[106.636006,10.781673],[106.635033,10.778168],[106.632846,10.774771],[106.632252,10.773146],[106.631798,10.770276],[106.631779,10.768282],[106.632385,10.763798],[106.632426,10.761621],[106.632701,10.760178],[106.634205,10.758974]]]},"properties":{"name":"Phường Tân Phú","short_name":"Tân Phú","unit_type":"Phường","osm_id":"relation/6890891","population":93117,"ref":null,"id":22,"area_km2":2.5,"density":37247}},{"type":"Feature","geometry":{"type":"Polygon","coordinates":[[[106.637816,10.793131],[106.638268,10.795903],[106.636667,10.801719],[106.635773,10.803839],[106.632758,10.803511],[106.631056,10.805349],[106.630201,10.805661],[106.623076,10.807205],[106.618396,10.808346],[106.614974,10.809298],[106.609876,10.803242],[106.613671,10.796718],[106.614443,10.795179],[106.616675,10.796012],[106.618067,10.795781],[106.619997,10.795857],[106.620312,10.79561],[106.623027,10.795886],[106.627745,10.795804],[106.630578,10.794283],[106.637816,10.793131]]]},"properties":{"name":"Phường Tân Sơn Nhì","short_name":"Tân Sơn Nhì","unit_type":"Phường","osm_id":"relation/6892359","population":117277,"ref":null,"id":23,"area_km2":3.52,"density":33317}},{"type":"Feature","geometry":{"type":"Polygon","coordinates":[[[106.635773,10.803839],[106.632753,10.813699],[106.630226,10.821966],[106.629522,10.823209],[106.627891,10.824685],[106.624792,10.820802],[106.623437,10.819511],[106.621404,10.818826],[106.619179,10.818733],[106.61803,10.819561],[106.616013,10.819631],[106.614883,10.81874],[106.613135,10.817899],[106.608992,10.814488],[106.607889,10.812923],[106.607404,10.808244],[106.607645,10.807432],[106.609876,10.803242],[106.614974,10.809298],[106.618396,10.808346],[106.623076,10.807205],[106.630201,10.805661],[106.631056,10.805349],[106.632758,10.803511],[106.635773,10.803839]]]},"properties":{"name":"Phường Tây Thạnh","short_name":"Tây Thạnh","unit_type":"Phường","osm_id":"relation/6892362","population":72616,"ref":null,"id":24,"area_km2":3.96,"density":18337}},{"type":"Feature","geometry":{"type":"Polygon","coordinates":[[[106.624496,10.75597],[106.621655,10.757022],[106.615497,10.757697],[106.612616,10.758264],[106.610096,10.757791],[106.607007,10.758132],[106.606003,10.757335],[106.604987,10.755785],[106.60564,10.755618],[106.60545,10.75191],[106.60434,10.75156],[106.602559,10.748506],[106.602132,10.74845],[106.602087,10.74708],[106.602726,10.745122],[106.599597,10.744278],[106.597616,10.743476],[106.602431,10.735858],[106.602842,10.733472],[106.601734,10.727633],[106.600873,10.722338],[106.600112,10.717934],[106.603278,10.717652],[106.604135,10.717344],[106.603146,10.714521],[106.603718,10.713604],[106.603385,10.711613],[106.603821,10.710963],[106.606884,10.712004],[106.616039,10.714219],[106.615529,10.715012],[106.617437,10.715257],[106.618193,10.716088],[106.619034,10.716205],[106.620185,10.726473],[106.621152,10.734579],[106.622172,10.738627],[106.62175,10.741393],[106.623126,10.745109],[106.623767,10.74564],[106.624356,10.755457],[106.624496,10.75597]]]},"properties":{"name":"Phường An Lạc","short_name":"An Lạc","unit_type":"Phường","osm_id":"relation/6915821","population":172134,"ref":null,"id":25,"area_km2":10.45,"density":16472}},{"type":"Feature","geometry":{"type":"Polygon","coordinates":[[[106.618755,10.784513],[106.616717,10.789959],[106.614443,10.795179],[106.613671,10.796718],[106.609876,10.803242],[106.607645,10.807432],[106.607404,10.808244],[106.607889,10.812923],[106.608992,10.814488],[106.613135,10.817899],[106.614883,10.81874],[106.616013,10.819631],[106.614517,10.821124],[106.611697,10.821794],[106.609156,10.822968],[106.607671,10.823216],[106.60443,10.825308],[106.603277,10.826233],[106.601345,10.817058],[106.597782,10.800659],[106.593126,10.778476],[106.595154,10.778089],[106.595046,10.777708],[106.600779,10.776766],[106.600881,10.776386],[106.60709,10.776269],[106.607443,10.779711],[106.608335,10.779641],[106.611589,10.778628],[106.612255,10.781233],[106.61478,10.780321],[106.618503,10.780157],[106.62013,10.780512],[106.618755,10.784513]]]},"properties":{"name":"Phường Bình Hưng Hòa","short_name":"Bình Hưng Hòa","unit_type":"Phường","osm_id":"relation/6915823","population":187950,"ref":null,"id":26,"area_km2":8.51,"density":22086}},{"type":"Feature","geometry":{"type":"Polygon","coordinates":[[[106.603277,10.826233],[106.600535,10.826096],[106.5975,10.827087],[106.598079,10.829463],[106.595214,10.829783],[106.591113,10.824255],[106.587294,10.820401],[106.581936,10.81564],[106.583368,10.815315],[106.583755,10.813775],[106.584933,10.813998],[106.586042,10.813116],[106.584523,10.806744],[106.583475,10.806355],[106.583457,10.804132],[106.582865,10.797302],[106.584708,10.79723],[106.584442,10.79579],[106.585482,10.795725],[106.585422,10.794668],[106.584698,10.79472],[106.584446,10.790722],[106.585606,10.790626],[106.585619,10.789472],[106.586855,10.789243],[106.586666,10.788164],[106.589005,10.787362],[106.58832,10.784164],[106.588084,10.781808],[106.588269,10.780665],[106.588864,10.779979],[106.588447,10.778534],[106.586899,10.776237],[106.585997,10.775367],[106.584322,10.7749],[106.582241,10.775319],[106.580646,10.774773],[106.579295,10.773156],[106.578117,10.772515],[106.576877,10.771023],[106.576645,10.769919],[106.575627,10.768766],[106.573411,10.768145],[106.572209,10.768103],[106.570165,10.768725],[106.567745,10.762902],[106.573372,10.76041],[106.574752,10.759783],[106.585124,10.757142],[106.586532,10.756837],[106.588614,10.756881],[106.591907,10.756377],[106.590609,10.763856],[106.590492,10.765197],[106.59069,10.766915],[106.593126,10.778476],[106.597782,10.800659],[106.601345,10.817058],[106.603277,10.826233]]]},"properties":{"name":"Phường Bình Tân","short_name":"Bình Tân","unit_type":"Phường","osm_id":"relation/6915940","population":161851,"ref":null,"id":27,"area_km2":11.23,"density":14412}},{"type":"Feature","geometry":{"type":"Polygon","coordinates":[[[106.62013,10.780512],[106.618503,10.780157],[106.61478,10.780321],[106.612255,10.781233],[106.611589,10.778628],[106.608335,10.779641],[106.607443,10.779711],[106.60709,10.776269],[106.600881,10.776386],[106.600779,10.776766],[106.595046,10.777708],[106.595154,10.778089],[106.593126,10.778476],[106.59069,10.766915],[106.590492,10.765197],[106.591897,10.764132],[106.594342,10.763002],[106.59633,10.762313],[106.596652,10.76189],[106.598649,10.762823],[106.603318,10.761856],[106.603059,10.758841],[106.605683,10.758249],[106.606003,10.757335],[106.607007,10.758132],[106.610096,10.757791],[106.612616,10.758264],[106.615497,10.757697],[106.621655,10.757022],[106.624496,10.75597],[106.62526,10.757553],[106.624162,10.762016],[106.623004,10.767364],[106.621589,10.773364],[106.621453,10.776279],[106.62013,10.780512]]]},"properties":{"name":"Phường Bình Trị Đông","short_name":"Bình Trị Đông","unit_type":"Phường","osm_id":"relation/6915941","population":165142,"ref":null,"id":28,"area_km2":7.18,"density":23000}},{"type":"Feature","geometry":{"type":"Polygon","coordinates":[[[106.606003,10.757335],[106.605683,10.758249],[106.603059,10.758841],[106.603318,10.761856],[106.598649,10.762823],[106.596652,10.76189],[106.59633,10.762313],[106.594342,10.763002],[106.591897,10.764132],[106.590492,10.765197],[106.590609,10.763856],[106.591907,10.756377],[106.588614,10.756881],[106.586532,10.756837],[106.585124,10.757142],[106.574752,10.759783],[106.573372,10.76041],[106.569996,10.757286],[106.569602,10.756596],[106.567593,10.754598],[106.566046,10.753533],[106.564284,10.752631],[106.56209,10.750506],[106.559533,10.748962],[106.559151,10.747909],[106.559366,10.745917],[106.558904,10.744216],[106.55928,10.741927],[106.558306,10.739264],[106.558938,10.737511],[106.558799,10.736464],[106.565379,10.734821],[106.568331,10.734225],[106.574073,10.73269],[106.573805,10.731165],[106.579563,10.729886],[106.581323,10.729606],[106.590289,10.726931],[106.596482,10.72455],[106.599799,10.722619],[106.600873,10.722338],[106.601734,10.727633],[106.602842,10.733472],[106.602431,10.735858],[106.597616,10.743476],[106.599597,10.744278],[106.602726,10.745122],[106.602087,10.74708],[106.602132,10.74845],[106.602559,10.748506],[106.60434,10.75156],[106.60545,10.75191],[106.60564,10.755618],[106.604987,10.755785],[106.606003,10.757335]]]},"properties":{"name":"Phường Tân Tạo","short_name":"Tân Tạo","unit_type":"Phường","osm_id":"relation/6915944","population":113363,"ref":null,"id":29,"area_km2":14.87,"density":7624}},{"type":"Feature","geometry":{"type":"Polygon","coordinates":[[[106.637577,10.855599],[106.636965,10.856288],[106.632683,10.85885],[106.631978,10.859696],[106.63096,10.860067],[106.632109,10.861448],[106.63438,10.865218],[106.636841,10.870456],[106.630603,10.874194],[106.626676,10.875193],[106.625832,10.876551],[106.624834,10.877149],[106.6194,10.871172],[106.614919,10.870337],[106.615512,10.867345],[106.612047,10.862504],[106.607256,10.855297],[106.615325,10.842684],[106.620036,10.846769],[106.621361,10.847504],[106.630428,10.851733],[106.637577,10.855599]]]},"properties":{"name":"Phường Trung Mỹ Tây","short_name":"Trung Mỹ Tây","unit_type":"Phường","osm_id":"relation/6928030","population":126470,"ref":null,"id":30,"area_km2":6.95,"density":18197}},{"type":"Feature","geometry":{"type":"Polygon","coordinates":[[[106.627891,10.824685],[106.630156,10.827695],[106.631375,10.830241],[106.632358,10.832952],[106.632773,10.83451],[106.631968,10.836926],[106.632928,10.837898],[106.632196,10.839451],[106.632151,10.840446],[106.633384,10.840938],[106.633721,10.842035],[106.633706,10.844914],[106.634738,10.844866],[106.636159,10.846177],[106.640246,10.849269],[106.641538,10.849715],[106.642655,10.85077],[106.642984,10.852244],[106.640926,10.852826],[106.641107,10.853849],[106.639735,10.854215],[106.639414,10.853768],[106.638549,10.854334],[106.639352,10.856581],[106.637577,10.855599],[106.630428,10.851733],[106.621361,10.847504],[106.620036,10.846769],[106.615325,10.842684],[106.608823,10.836873],[106.608031,10.835961],[106.604361,10.829873],[106.603277,10.826233],[106.60443,10.825308],[106.607671,10.823216],[106.609156,10.822968],[106.611697,10.821794],[106.614517,10.821124],[106.616013,10.819631],[106.61803,10.819561],[106.619179,10.818733],[106.621404,10.818826],[106.623437,10.819511],[106.624792,10.820802],[106.627891,10.824685]]]},"properties":{"name":"Phường Đông Hưng Thuận","short_name":"Đông Hưng Thuận","unit_type":"Phường","osm_id":"relation/6928153","population":182895,"ref":null,"id":31,"area_km2":8.3,"density":22036}},{"type":"Feature","geometry":{"type":"Polygon","coordinates":[[[106.637577,10.855599],[106.639352,10.856581],[106.638549,10.854334],[106.639414,10.853768],[106.639735,10.854215],[106.641107,10.853849],[106.640926,10.852826],[106.642984,10.852244],[106.644503,10.853141],[106.644721,10.854351],[106.646028,10.853958],[106.646496,10.854458],[106.64658,10.85636],[106.647142,10.85807],[106.648915,10.858921],[106.650094,10.859143],[106.650872,10.859857],[106.64979,10.861326],[106.649168,10.874173],[106.648787,10.880807],[106.64817,10.884742],[106.647236,10.889584],[106.646892,10.894578],[106.645878,10.894083],[106.643539,10.893925],[106.642853,10.893409],[106.642509,10.892408],[106.639656,10.891839],[106.632102,10.891776],[106.631276,10.891217],[106.629452,10.886898],[106.628658,10.885812],[106.625343,10.883421],[106.625333,10.882968],[106.627924,10.881226],[106.626532,10.879225],[106.624834,10.877149],[106.625832,10.876551],[106.626676,10.875193],[106.630603,10.874194],[106.636841,10.870456],[106.63438,10.865218],[106.632109,10.861448],[106.63096,10.860067],[106.631978,10.859696],[106.632683,10.85885],[106.636965,10.856288],[106.637577,10.855599]]]},"properties":{"name":"Phường Tân Thới Hiệp","short_name":"Tân Thới Hiệp","unit_type":"Phường","osm_id":"relation/6928155","population":168060,"ref":null,"id":32,"area_km2":8.07,"density":20825}},{"type":"Feature","geometry":{"type":"Polygon","coordinates":[[[106.650872,10.859857],[106.652372,10.860748],[106.653155,10.860408],[106.654407,10.859135],[106.655585,10.858844],[106.657177,10.857687],[106.658253,10.858029],[106.659308,10.85763],[106.661625,10.855706],[106.663737,10.855624],[106.665911,10.856288],[106.667055,10.856001],[106.667846,10.857391],[106.670083,10.858718],[106.670486,10.859452],[106.672446,10.860626],[106.673479,10.860222],[106.674846,10.857877],[106.675202,10.856835],[106.675141,10.854747],[106.675808,10.853301],[106.676305,10.854457],[106.676616,10.85658],[106.676278,10.85815],[106.677034,10.860655],[106.677526,10.8633],[106.6788,10.867643],[106.67763,10.868972],[106.676966,10.870694],[106.676826,10.87511],[106.677013,10.875904],[106.679803,10.88229],[106.681909,10.885559],[106.683407,10.886584],[106.684999,10.888318],[106.685855,10.890547],[106.687943,10.893502],[106.689072,10.896233],[106.689029,10.897915],[106.688354,10.90081],[106.688017,10.90126],[106.68488,10.899568],[106.681546,10.898394],[106.679668,10.90364],[106.677302,10.903033],[106.67344,10.901716],[106.670634,10.901165],[106.670708,10.899025],[106.670325,10.896167],[106.669674,10.894163],[106.669238,10.893955],[106.668883,10.890913],[106.66722,10.891733],[106.665535,10.892102],[106.663405,10.892963],[106.660609,10.892567],[106.657565,10.892498],[106.656149,10.892081],[106.654493,10.892053],[106.653226,10.89174],[106.652504,10.893075],[106.65227,10.894882],[106.649633,10.895358],[106.646852,10.894858],[106.646892,10.894578],[106.647236,10.889584],[106.64817,10.884742],[106.648787,10.880807],[106.649168,10.874173],[106.64979,10.861326],[106.650872,10.859857]]]},"properties":{"name":"Phường Thới An","short_name":"Thới An","unit_type":"Phường","osm_id":"relation/6941014","population":125657,"ref":null,"id":33,"area_km2":14.88,"density":8445}},{"type":"Feature","geometry":{"type":"Polygon","coordinates":[[[106.675808,10.853301],[106.675894,10.852068],[106.678829,10.850915],[106.679513,10.850811],[106.683097,10.851758],[106.68407,10.851505],[106.68434,10.850307],[106.683073,10.848619],[106.682969,10.847913],[106.683612,10.847151],[106.686386,10.847385],[106.688069,10.846349],[106.68888,10.844846],[106.689281,10.843263],[106.688776,10.840886],[106.688996,10.838737],[106.690759,10.835892],[106.691698,10.83179],[106.692376,10.830546],[106.694059,10.83017],[106.695303,10.831116],[106.695802,10.832431],[106.697395,10.833562],[106.699587,10.83449],[106.700353,10.835211],[106.700919,10.837396],[106.701391,10.838129],[106.702772,10.839174],[106.699447,10.841301],[106.698205,10.843053],[106.697835,10.845361],[106.698305,10.848714],[106.698878,10.849789],[106.700463,10.850915],[106.702612,10.851486],[106.70487,10.851799],[106.706493,10.851702],[106.710943,10.851081],[106.713692,10.851404],[106.715543,10.852426],[106.717197,10.854155],[106.717992,10.85549],[106.718201,10.857017],[106.71773,10.859505],[106.717089,10.861555],[106.715326,10.864189],[106.713114,10.865707],[106.711878,10.866133],[106.709025,10.866598],[106.705172,10.866856],[106.702307,10.867248],[106.700514,10.868085],[106.697883,10.87024],[106.694908,10.873533],[106.690138,10.879814],[106.689155,10.88197],[106.68899,10.884282],[106.689953,10.886907],[106.693565,10.892698],[106.694337,10.894569],[106.69451,10.89638],[106.694268,10.898388],[106.693264,10.9027],[106.692787,10.904199],[106.691393,10.903696],[106.688017,10.90126],[106.688354,10.90081],[106.689029,10.897915],[106.689072,10.896233],[106.687943,10.893502],[106.685855,10.890547],[106.684999,10.888318],[106.683407,10.886584],[106.681909,10.885559],[106.679803,10.88229],[106.677013,10.875904],[106.676826,10.87511],[106.676966,10.870694],[106.67763,10.868972],[106.6788,10.867643],[106.677526,10.8633],[106.677034,10.860655],[106.676278,10.85815],[106.676616,10.85658],[106.676305,10.854457],[106.675808,10.853301]]]},"properties":{"name":"Phường An Phú Đông","short_name":"An Phú Đông","unit_type":"Phường","osm_id":"relation/6941018","population":179115,"ref":null,"id":34,"area_km2":14.73,"density":12160}},{"type":"Feature","geometry":{"type":"Polygon","coordinates":[[[106.774005,10.849168],[106.773366,10.849565],[106.774305,10.851587],[106.77295,10.854396],[106.771584,10.85397],[106.76865,10.854477],[106.766712,10.855677],[106.766159,10.856419],[106.763856,10.857326],[106.76162,10.860405],[106.760918,10.860899],[106.760422,10.860122],[106.758318,10.858078],[106.7574,10.85774],[106.754724,10.853732],[106.754599,10.853053],[106.754977,10.850961],[106.753075,10.848671],[106.751965,10.849522],[106.751071,10.848968],[106.751107,10.85074],[106.750132,10.851367],[106.746898,10.845824],[106.745543,10.843132],[106.744508,10.841762],[106.74362,10.841077],[106.741901,10.840356],[106.739011,10.839613],[106.739747,10.835484],[106.742454,10.835282],[106.745581,10.834256],[106.747446,10.833486],[106.749325,10.831895],[106.750837,10.82928],[106.751298,10.827239],[106.751378,10.824191],[106.751281,10.821219],[106.75139,10.815905],[106.751076,10.81307],[106.756969,10.813254],[106.758496,10.821163],[106.759377,10.823895],[106.769058,10.841023],[106.77283,10.847611],[106.774005,10.849168]]]},"properties":{"name":"Phường Thủ Đức","short_name":"Thủ Đức","unit_type":"Phường","osm_id":"relation/7138136","population":118952,"ref":null,"id":35,"area_km2":8.81,"density":13502}},{"type":"Feature","geometry":{"type":"Polygon","coordinates":[[[106.702772,10.839174],[106.706113,10.83692],[106.707164,10.835835],[106.708231,10.833753],[106.708699,10.831625],[106.708854,10.82749],[106.709478,10.824811],[106.710555,10.823168],[106.711936,10.821978],[106.713406,10.821124],[106.714344,10.820807],[106.718212,10.820415],[106.720668,10.820566],[106.722898,10.82104],[106.726508,10.822362],[106.729942,10.82438],[106.732656,10.827046],[106.733719,10.828483],[106.735901,10.832199],[106.737676,10.83444],[106.739747,10.835484],[106.739011,10.839613],[106.741901,10.840356],[106.74362,10.841077],[106.744508,10.841762],[106.745543,10.843132],[106.746898,10.845824],[106.750132,10.851367],[106.749865,10.851578],[106.750986,10.853484],[106.751556,10.855391],[106.751643,10.858989],[106.750255,10.859319],[106.748638,10.858825],[106.74811,10.859684],[106.747131,10.859634],[106.746406,10.860173],[106.743462,10.85994],[106.742267,10.858164],[106.742178,10.856302],[106.742465,10.855481],[106.741846,10.852325],[106.740507,10.849222],[106.741036,10.846816],[106.740293,10.846549],[106.73995,10.84555],[106.739296,10.845106],[106.739022,10.845962],[106.737508,10.847423],[106.734798,10.848588],[106.734235,10.849642],[106.732066,10.849593],[106.729332,10.849982],[106.726712,10.850789],[106.72667,10.851966],[106.727113,10.85306],[106.728593,10.855261],[106.729057,10.85699],[106.729921,10.85844],[106.729694,10.860139],[106.729172,10.86105],[106.726967,10.861565],[106.726822,10.863434],[106.728213,10.865004],[106.729675,10.865578],[106.729944,10.866147],[106.726787,10.86629],[106.726744,10.868473],[106.727098,10.868827],[106.72619,10.869511],[106.724449,10.871495],[106.723645,10.871782],[106.721283,10.871775],[106.719485,10.872376],[106.718094,10.872389],[106.715811,10.872871],[106.71504,10.872618],[106.715204,10.869627],[106.715473,10.868384],[106.713114,10.865707],[106.715326,10.864189],[106.717089,10.861555],[106.71773,10.859505],[106.718201,10.857017],[106.717992,10.85549],[106.717197,10.854155],[106.715543,10.852426],[106.713692,10.851404],[106.710943,10.851081],[106.706493,10.851702],[106.70487,10.851799],[106.702612,10.851486],[106.700463,10.850915],[106.698878,10.849789],[106.698305,10.848714],[106.697835,10.845361],[106.698205,10.843053],[106.699447,10.841301],[106.702772,10.839174]]]},"properties":{"name":"Phường Hiệp Bình","short_name":"Hiệp Bình","unit_type":"Phường","osm_id":"relation/7138137","population":215638,"ref":null,"id":36,"area_km2":16.03,"density":13452}},{"type":"Feature","geometry":{"type":"Polygon","coordinates":[[[106.751643,10.858989],[106.751747,10.863459],[106.75121,10.864427],[106.750035,10.864295],[106.74909,10.865804],[106.748706,10.865656],[106.747941,10.867316],[106.747879,10.869289],[106.747341,10.869485],[106.745986,10.871725],[106.747041,10.872075],[106.746443,10.873879],[106.751339,10.875463],[106.750372,10.877295],[106.749396,10.876763],[106.748377,10.878217],[106.747197,10.877387],[106.744687,10.880077],[106.745658,10.880786],[106.744981,10.881627],[106.74329,10.880438],[106.741142,10.881441],[106.740511,10.880827],[106.739648,10.880885],[106.738403,10.879431],[106.736658,10.8806],[106.736065,10.879605],[106.735375,10.880226],[106.734177,10.880511],[106.736817,10.884747],[106.731462,10.885913],[106.731588,10.88683],[106.73283,10.890733],[106.729565,10.889677],[106.72868,10.891062],[106.727496,10.89019],[106.72617,10.890859],[106.721047,10.894028],[106.717641,10.896436],[106.715649,10.893147],[106.713107,10.889902],[106.713471,10.888785],[106.714508,10.888086],[106.713863,10.887505],[106.714579,10.886872],[106.71555,10.887704],[106.717279,10.887983],[106.717586,10.887748],[106.716695,10.885017],[106.716785,10.88326],[106.717879,10.880983],[106.713983,10.879366],[106.712647,10.877882],[106.712851,10.877417],[106.713841,10.877807],[106.714047,10.876996],[106.715186,10.877414],[106.717535,10.877183],[106.721437,10.876385],[106.721736,10.87485],[106.722628,10.873419],[106.723523,10.872654],[106.723645,10.871782],[106.724449,10.871495],[106.72619,10.869511],[106.727098,10.868827],[106.726744,10.868473],[106.726787,10.86629],[106.729944,10.866147],[106.729675,10.865578],[106.728213,10.865004],[106.726822,10.863434],[106.726967,10.861565],[106.729172,10.86105],[106.729694,10.860139],[106.729921,10.85844],[106.729057,10.85699],[106.728593,10.855261],[106.727113,10.85306],[106.72667,10.851966],[106.726712,10.850789],[106.729332,10.849982],[106.732066,10.849593],[106.734235,10.849642],[106.734798,10.848588],[106.737508,10.847423],[106.739022,10.845962],[106.739296,10.845106],[106.73995,10.84555],[106.740293,10.846549],[106.741036,10.846816],[106.740507,10.849222],[106.741846,10.852325],[106.742465,10.855481],[106.742178,10.856302],[106.742267,10.858164],[106.743462,10.85994],[106.746406,10.860173],[106.747131,10.859634],[106.74811,10.859684],[106.748638,10.858825],[106.750255,10.859319],[106.751643,10.858989]]]},"properties":{"name":"Phường Tam Bình","short_name":"Tam Bình","unit_type":"Phường","osm_id":"relation/7144243","population":153414,"ref":null,"id":37,"area_km2":10.76,"density":14258}},{"type":"Feature","geometry":{"type":"Polygon","coordinates":[[[106.808484,10.872917],[106.807725,10.871874],[106.814053,10.870182],[106.813796,10.867789],[106.813528,10.861996],[106.813537,10.857449],[106.813712,10.850216],[106.80535,10.848164],[106.805374,10.847343],[106.806043,10.845724],[106.805477,10.844183],[106.805649,10.843272],[106.805125,10.841801],[106.805898,10.841025],[106.8054,10.840018],[106.805437,10.838032],[106.804935,10.837911],[106.802041,10.835314],[106.801248,10.835103],[106.802009,10.833107],[106.802812,10.832601],[106.80638,10.827071],[106.808104,10.827709],[106.809859,10.828732],[106.811256,10.829994],[106.813735,10.83068],[106.815619,10.830593],[106.818226,10.829217],[106.819744,10.82908],[106.820967,10.828622],[106.822781,10.827396],[106.824177,10.825854],[106.825234,10.825661],[106.826947,10.82618],[106.829121,10.827421],[106.832599,10.826913],[106.834222,10.827185],[106.835775,10.82692],[106.836651,10.830817],[106.837357,10.832147],[106.838361,10.832645],[106.84,10.832374],[106.842527,10.831069],[106.843772,10.830783],[106.845968,10.831604],[106.848902,10.834333],[106.851437,10.83512],[106.85265,10.835724],[106.853577,10.836667],[106.854691,10.83911],[106.855888,10.840727],[106.857518,10.841934],[106.856195,10.843673],[106.854742,10.846268],[106.852482,10.850677],[106.850398,10.855255],[106.84849,10.860034],[106.846815,10.864896],[106.849052,10.869031],[106.849959,10.871197],[106.851322,10.875311],[106.848164,10.879413],[106.846622,10.881874],[106.844983,10.885056],[106.843419,10.888774],[106.841449,10.894194],[106.840127,10.898846],[106.838218,10.898363],[106.83433,10.898385],[106.833271,10.897996],[106.832364,10.896814],[106.831681,10.896906],[106.830494,10.896057],[106.829854,10.894976],[106.827945,10.894291],[106.826729,10.894795],[106.825869,10.893664],[106.825093,10.893755],[106.825287,10.893016],[106.823578,10.892543],[106.823578,10.891013],[106.824231,10.889129],[106.824128,10.888235],[106.822384,10.88706],[106.822171,10.886191],[106.820374,10.885742],[106.820408,10.886344],[106.819444,10.885748],[106.819108,10.884243],[106.817721,10.884067],[106.817817,10.882869],[106.817191,10.881066],[106.816292,10.881227],[106.813825,10.878395],[106.813063,10.87911],[106.808484,10.872917]]]},"properties":{"name":"Phường Long Bình","short_name":"Long Bình","unit_type":"Phường","osm_id":"relation/7342307","population":119637,"ref":null,"id":38,"area_km2":30.05,"density":3981}},{"type":"Feature","geometry":{"type":"Polygon","coordinates":[[[106.80638,10.827071],[106.808011,10.824375],[106.810379,10.817572],[106.812366,10.815395],[106.813374,10.813976],[106.816383,10.807554],[106.81719,10.805508],[106.82183,10.806207],[106.825487,10.807045],[106.831815,10.808016],[106.833,10.807746],[106.835355,10.806525],[106.836071,10.80587],[106.838287,10.802455],[106.83878,10.799622],[106.837404,10.793554],[106.838412,10.792238],[106.840842,10.790028],[106.84343,10.782874],[106.845294,10.781858],[106.844015,10.780387],[106.842653,10.780645],[106.838445,10.783772],[106.836911,10.784652],[106.835712,10.78473],[106.83379,10.783968],[106.833138,10.782199],[106.833353,10.78086],[106.835164,10.779077],[106.837402,10.7778],[106.838347,10.776192],[106.839025,10.771997],[106.842617,10.774193],[106.845057,10.775098],[106.846577,10.775404],[106.848711,10.775499],[106.852121,10.774936],[106.854262,10.773578],[106.858419,10.769116],[106.860935,10.766716],[106.862412,10.765739],[106.865288,10.764637],[106.866896,10.764484],[106.869465,10.764827],[106.870716,10.765465],[106.872633,10.766932],[106.873801,10.7687],[106.874155,10.770455],[106.873868,10.772294],[106.873352,10.773642],[106.871359,10.777231],[106.868711,10.78025],[106.865442,10.78373],[106.864665,10.785177],[106.864265,10.788452],[106.864734,10.789965],[106.865736,10.791215],[106.868538,10.793186],[106.875679,10.798509],[106.878684,10.802125],[106.880688,10.804821],[106.881557,10.806531],[106.881759,10.808374],[106.881553,10.810659],[106.881059,10.812472],[106.878123,10.81854],[106.877137,10.819837],[106.870844,10.826286],[106.867424,10.830571],[106.862769,10.836092],[106.857518,10.841934],[106.855888,10.840727],[106.854691,10.83911],[106.853577,10.836667],[106.85265,10.835724],[106.851437,10.83512],[106.848902,10.834333],[106.845968,10.831604],[106.843772,10.830783],[106.842527,10.831069],[106.84,10.832374],[106.838361,10.832645],[106.837357,10.832147],[106.836651,10.830817],[106.835775,10.82692],[106.834222,10.827185],[106.832599,10.826913],[106.829121,10.827421],[106.826947,10.82618],[106.825234,10.825661],[106.824177,10.825854],[106.822781,10.827396],[106.820967,10.828622],[106.819744,10.82908],[106.818226,10.829217],[106.815619,10.830593],[106.813735,10.83068],[106.811256,10.829994],[106.809859,10.828732],[106.808104,10.827709],[106.80638,10.827071]]]},"properties":{"name":"Phường Long Phước","short_name":"Long Phước","unit_type":"Phường","osm_id":"relation/7342308","population":53092,"ref":null,"id":39,"area_km2":34.31,"density":1547}},{"type":"Feature","geometry":{"type":"Polygon","coordinates":[[[106.80638,10.827071],[106.805593,10.826206],[106.804325,10.825574],[106.804206,10.824648],[106.803002,10.822997],[106.802936,10.820561],[106.802129,10.820935],[106.799236,10.821145],[106.798282,10.820129],[106.794888,10.818533],[106.792421,10.816309],[106.789864,10.814907],[106.790352,10.813264],[106.793382,10.808041],[106.793274,10.805221],[106.791265,10.805106],[106.789479,10.804337],[106.788594,10.801498],[106.787206,10.800599],[106.784423,10.800569],[106.782555,10.79932],[106.781614,10.794652],[106.781082,10.794502],[106.781607,10.792694],[106.781629,10.790407],[106.786798,10.790682],[106.786948,10.787694],[106.787309,10.785047],[106.786782,10.784355],[106.785479,10.783889],[106.783944,10.782848],[106.783695,10.782044],[106.784693,10.781071],[106.786586,10.780343],[106.789869,10.778528],[106.792247,10.778349],[106.795619,10.778792],[106.797491,10.778618],[106.798146,10.777812],[106.798382,10.776647],[106.799229,10.775967],[106.801021,10.775899],[106.802532,10.775013],[106.804115,10.776035],[106.806859,10.775993],[106.810093,10.774669],[106.812805,10.777293],[106.814539,10.778654],[106.816317,10.779702],[106.819416,10.780885],[106.820971,10.781001],[106.822532,10.780517],[106.823468,10.779812],[106.825065,10.777848],[106.825623,10.775918],[106.825738,10.773981],[106.825333,10.771267],[106.823815,10.766892],[106.823148,10.764332],[106.823037,10.762424],[106.823461,10.760772],[106.824828,10.75958],[106.826636,10.759552],[106.828303,10.760223],[106.82932,10.761024],[106.831363,10.764203],[106.835585,10.769196],[106.839025,10.771997],[106.838347,10.776192],[106.837402,10.7778],[106.835164,10.779077],[106.833353,10.78086],[106.833138,10.782199],[106.83379,10.783968],[106.835712,10.78473],[106.836911,10.784652],[106.838445,10.783772],[106.842653,10.780645],[106.844015,10.780387],[106.845294,10.781858],[106.84343,10.782874],[106.840842,10.790028],[106.838412,10.792238],[106.837404,10.793554],[106.83878,10.799622],[106.838287,10.802455],[106.836071,10.80587],[106.835355,10.806525],[106.833,10.807746],[106.831815,10.808016],[106.825487,10.807045],[106.82183,10.806207],[106.81719,10.805508],[106.816383,10.807554],[106.813374,10.813976],[106.812366,10.815395],[106.810379,10.817572],[106.808011,10.824375],[106.80638,10.827071]]]},"properties":{"name":"Phường Long Trường","short_name":"Long Trường","unit_type":"Phường","osm_id":"relation/7342511","population":73669,"ref":null,"id":40,"area_km2":24.56,"density":3000}},{"type":"Feature","geometry":{"type":"Polygon","coordinates":[[[106.756969,10.813254],[106.758851,10.813617],[106.760494,10.814408],[106.7619,10.814647],[106.762927,10.814216],[106.763946,10.812631],[106.764355,10.810621],[106.764955,10.809468],[106.76656,10.808416],[106.767612,10.808263],[106.769247,10.808527],[106.770898,10.808296],[106.773262,10.807484],[106.774818,10.807888],[106.776795,10.809024],[106.781082,10.794502],[106.781614,10.794652],[106.782555,10.79932],[106.784423,10.800569],[106.787206,10.800599],[106.788594,10.801498],[106.789479,10.804337],[106.791265,10.805106],[106.793274,10.805221],[106.793382,10.808041],[106.790352,10.813264],[106.789864,10.814907],[106.787638,10.814717],[106.788605,10.816459],[106.78806,10.819222],[106.788036,10.820463],[106.786861,10.822213],[106.785617,10.822908],[106.782355,10.825344],[106.782761,10.826107],[106.781013,10.827547],[106.781407,10.827978],[106.77997,10.828868],[106.773938,10.833978],[106.772381,10.834437],[106.772311,10.834991],[106.771135,10.835282],[106.771278,10.837046],[106.770882,10.839866],[106.769058,10.841023],[106.759377,10.823895],[106.758496,10.821163],[106.756969,10.813254]]]},"properties":{"name":"Phường Phước Long","short_name":"Phước Long","unit_type":"Phường","osm_id":"relation/7342567","population":137331,"ref":null,"id":41,"area_km2":9.27,"density":14815}},{"type":"Feature","geometry":{"type":"Polygon","coordinates":[[[106.769058,10.841023],[106.770882,10.839866],[106.771278,10.837046],[106.771135,10.835282],[106.772311,10.834991],[106.772381,10.834437],[106.773938,10.833978],[106.77997,10.828868],[106.781407,10.827978],[106.781013,10.827547],[106.782761,10.826107],[106.782355,10.825344],[106.785617,10.822908],[106.786861,10.822213],[106.788036,10.820463],[106.78806,10.819222],[106.788605,10.816459],[106.787638,10.814717],[106.789864,10.814907],[106.792421,10.816309],[106.794888,10.818533],[106.798282,10.820129],[106.799236,10.821145],[106.802129,10.820935],[106.802936,10.820561],[106.803002,10.822997],[106.804206,10.824648],[106.804325,10.825574],[106.805593,10.826206],[106.80638,10.827071],[106.802812,10.832601],[106.802009,10.833107],[106.801248,10.835103],[106.802041,10.835314],[106.804935,10.837911],[106.805437,10.838032],[106.8054,10.840018],[106.805898,10.841025],[106.805125,10.841801],[106.805649,10.843272],[106.805477,10.844183],[106.806043,10.845724],[106.805374,10.847343],[106.80535,10.848164],[106.813712,10.850216],[106.813537,10.857449],[106.813528,10.861996],[106.813796,10.867789],[106.814053,10.870182],[106.807725,10.871874],[106.805595,10.869182],[106.802785,10.866888],[106.789882,10.859259],[106.776768,10.851439],[106.775425,10.85051],[106.774005,10.849168],[106.77283,10.847611],[106.769058,10.841023]]]},"properties":{"name":"Phường Tăng Nhơn Phú","short_name":"Tăng Nhơn Phú","unit_type":"Phường","osm_id":"relation/7343271","population":208233,"ref":null,"id":42,"area_km2":16.26,"density":12806}},{"type":"Feature","geometry":{"type":"Polygon","coordinates":[[[106.74375,10.776519],[106.745022,10.779391],[106.745646,10.779879],[106.747866,10.780792],[106.746808,10.781568],[106.745235,10.784108],[106.744136,10.785225],[106.743553,10.786282],[106.742382,10.787369],[106.74138,10.786859],[106.740786,10.78797],[106.740215,10.787888],[106.739949,10.790345],[106.737894,10.790435],[106.736555,10.789922],[106.735568,10.790704],[106.735942,10.792583],[106.736838,10.792587],[106.736984,10.793226],[106.738328,10.795344],[106.735638,10.797184],[106.732888,10.797964],[106.733488,10.800064],[106.747904,10.802749],[106.749942,10.803307],[106.751977,10.804315],[106.753472,10.805496],[106.755353,10.807853],[106.756368,10.810188],[106.756969,10.813254],[106.751076,10.81307],[106.750242,10.811418],[106.749379,10.810462],[106.747656,10.809262],[106.746286,10.808715],[106.743781,10.808295],[106.740477,10.809012],[106.738825,10.809827],[106.737166,10.81147],[106.736374,10.812844],[106.735284,10.816274],[106.734008,10.818573],[106.732586,10.819581],[106.730697,10.819695],[106.728542,10.818867],[106.726136,10.8172],[106.724655,10.815762],[106.722977,10.812707],[106.722427,10.810711],[106.722299,10.809306],[106.723049,10.806746],[106.724119,10.804732],[106.726519,10.801265],[106.727106,10.799604],[106.727206,10.796624],[106.726704,10.794306],[106.726165,10.792784],[106.72443,10.790046],[106.723443,10.788911],[106.720885,10.786905],[106.719292,10.786226],[106.715195,10.78534],[106.713193,10.784281],[106.711362,10.782758],[106.709735,10.780364],[106.708544,10.777291],[106.708136,10.77518],[106.707996,10.772946],[106.708299,10.76976],[106.70962,10.766898],[106.711181,10.764834],[106.712722,10.763518],[106.714373,10.762482],[106.718206,10.760625],[106.72228,10.759274],[106.725091,10.75915],[106.729226,10.759641],[106.730631,10.760101],[106.732119,10.761031],[106.733651,10.763599],[106.734204,10.765985],[106.734443,10.768266],[106.734581,10.771821],[106.735317,10.774635],[106.736282,10.776055],[106.738199,10.777378],[106.740224,10.777681],[106.742177,10.777283],[106.74375,10.776519]]]},"properties":{"name":"Phường An Khánh","short_name":"An Khánh","unit_type":"Phường","osm_id":"relation/7351897","population":76967,"ref":null,"id":43,"area_km2":15.31,"density":5027}},{"type":"Feature","geometry":{"type":"Polygon","coordinates":[[[106.747682,10.77351],[106.750053,10.776078],[106.751396,10.778666],[106.75231,10.779944],[106.755105,10.78273],[106.756414,10.782826],[106.757922,10.783411],[106.760651,10.782109],[106.762044,10.78244],[106.764006,10.781552],[106.765228,10.781452],[106.771246,10.782078],[106.771647,10.780658],[106.772891,10.779656],[106.772403,10.778845],[106.772521,10.77704],[106.773028,10.77606],[106.775494,10.776229],[106.778748,10.775624],[106.779582,10.775883],[106.781777,10.775702],[106.785778,10.774848],[106.785823,10.775457],[106.78682,10.776616],[106.789007,10.775354],[106.789705,10.775502],[106.789869,10.778528],[106.786586,10.780343],[106.784693,10.781071],[106.783695,10.782044],[106.783944,10.782848],[106.785479,10.783889],[106.786782,10.784355],[106.787309,10.785047],[106.786948,10.787694],[106.786798,10.790682],[106.781629,10.790407],[106.781607,10.792694],[106.781082,10.794502],[106.776795,10.809024],[106.774818,10.807888],[106.773262,10.807484],[106.770898,10.808296],[106.769247,10.808527],[106.767612,10.808263],[106.76656,10.808416],[106.764955,10.809468],[106.764355,10.810621],[106.763946,10.812631],[106.762927,10.814216],[106.7619,10.814647],[106.760494,10.814408],[106.758851,10.813617],[106.756969,10.813254],[106.756368,10.810188],[106.755353,10.807853],[106.753472,10.805496],[106.751977,10.804315],[106.749942,10.803307],[106.747904,10.802749],[106.733488,10.800064],[106.732888,10.797964],[106.735638,10.797184],[106.738328,10.795344],[106.736984,10.793226],[106.736838,10.792587],[106.735942,10.792583],[106.735568,10.790704],[106.736555,10.789922],[106.737894,10.790435],[106.739949,10.790345],[106.740215,10.787888],[106.740786,10.78797],[106.74138,10.786859],[106.742382,10.787369],[106.743553,10.786282],[106.744136,10.785225],[106.745235,10.784108],[106.746808,10.781568],[106.747866,10.780792],[106.745646,10.779879],[106.745022,10.779391],[106.74375,10.776519],[106.747682,10.77351]]]},"properties":{"name":"Phường Bình Trưng","short_name":"Bình Trưng","unit_type":"Phường","osm_id":"relation/7364739","population":121382,"ref":null,"id":44,"area_km2":14.89,"density":8152}},{"type":"Feature","geometry":{"type":"Polygon","coordinates":[[[106.768656,10.743143],[106.770847,10.745291],[106.774151,10.747692],[106.777315,10.749368],[106.785336,10.753043],[106.796888,10.757772],[106.799318,10.758995],[106.801378,10.760408],[106.803218,10.762854],[106.803851,10.764365],[106.805214,10.768642],[106.806065,10.770331],[106.807322,10.771955],[106.810093,10.774669],[106.806859,10.775993],[106.804115,10.776035],[106.802532,10.775013],[106.801021,10.775899],[106.799229,10.775967],[106.798382,10.776647],[106.798146,10.777812],[106.797491,10.778618],[106.795619,10.778792],[106.792247,10.778349],[106.789869,10.778528],[106.789705,10.775502],[106.789007,10.775354],[106.78682,10.776616],[106.785823,10.775457],[106.785778,10.774848],[106.781777,10.775702],[106.779582,10.775883],[106.778748,10.775624],[106.775494,10.776229],[106.773028,10.77606],[106.772521,10.77704],[106.772403,10.778845],[106.772891,10.779656],[106.771647,10.780658],[106.771246,10.782078],[106.765228,10.781452],[106.764006,10.781552],[106.762044,10.78244],[106.760651,10.782109],[106.757922,10.783411],[106.756414,10.782826],[106.755105,10.78273],[106.75231,10.779944],[106.751396,10.778666],[106.750053,10.776078],[106.747682,10.77351],[106.750541,10.770535],[106.751585,10.768944],[106.752416,10.766832],[106.752726,10.765109],[106.752575,10.763138],[106.752033,10.761385],[106.7505,10.758959],[106.748083,10.756012],[106.745696,10.752482],[106.74423,10.74895],[106.744245,10.746242],[106.745331,10.743947],[106.746045,10.743169],[106.747745,10.742226],[106.749782,10.742107],[106.752109,10.742519],[106.754794,10.743438],[106.756944,10.743892],[106.760566,10.744081],[106.768656,10.743143]]]},"properties":{"name":"Phường Cát Lái","short_name":"Cát Lái","unit_type":"Phường","osm_id":"relation/7370760","population":68654,"ref":null,"id":45,"area_km2":19.78,"density":3471}},{"type":"Feature","geometry":{"type":"Polygon","coordinates":[[[106.605384,10.658696],[106.606314,10.659912],[106.606622,10.660876],[106.608186,10.663941],[106.6099,10.666888],[106.61076,10.669118],[106.61153,10.669985],[106.611633,10.670885],[106.61316,10.673615],[106.615539,10.678329],[106.616155,10.679908],[106.617288,10.681751],[106.617656,10.683121],[106.619447,10.686613],[106.62031,10.68783],[106.620615,10.688922],[106.621613,10.690647],[106.621988,10.692233],[106.623759,10.692853],[106.622375,10.695373],[106.62188,10.697383],[106.594556,10.689854],[106.593728,10.687229],[106.592258,10.684488],[106.589588,10.681825],[106.583168,10.676396],[106.577857,10.67131],[106.576832,10.673406],[106.574614,10.67199],[106.57412,10.672999],[106.57199,10.672668],[106.570218,10.67283],[106.569953,10.674011],[106.570211,10.676268],[106.570132,10.677826],[106.56952,10.679649],[106.56854,10.679473],[106.568207,10.678834],[106.566531,10.678211],[106.564215,10.678086],[106.562193,10.677471],[106.562618,10.676292],[106.562305,10.674561],[106.562559,10.67394],[106.561279,10.673411],[106.559787,10.674076],[106.558711,10.675656],[106.555275,10.676022],[106.554304,10.675954],[106.553621,10.675406],[106.553305,10.674321],[106.553166,10.671882],[106.55206,10.670592],[106.55292,10.669008],[106.553581,10.668585],[106.553273,10.665841],[106.551519,10.664139],[106.551282,10.661062],[106.55049,10.659035],[106.549269,10.659657],[106.54897,10.657433],[106.551732,10.657335],[106.55272,10.65749],[106.555922,10.656974],[106.556009,10.655402],[106.555303,10.654684],[106.555206,10.652581],[106.555668,10.650927],[106.55734,10.650392],[106.557928,10.648603],[106.558527,10.648638],[106.55918,10.649965],[106.558777,10.650609],[106.559029,10.651881],[106.559774,10.651633],[106.563073,10.651492],[106.563134,10.652205],[106.565296,10.652302],[106.565045,10.653031],[106.56588,10.653766],[106.566273,10.656428],[106.568522,10.656048],[106.568616,10.656583],[106.569841,10.656265],[106.57286,10.654366],[106.573488,10.654131],[106.573088,10.651927],[106.573356,10.649856],[106.575119,10.64987],[106.575463,10.649112],[106.576674,10.649352],[106.576964,10.648885],[106.57862,10.649188],[106.579374,10.650377],[106.579549,10.651901],[106.578006,10.651892],[106.577907,10.653238],[106.579389,10.654927],[106.579828,10.656095],[106.580701,10.655499],[106.5832,10.655367],[106.584129,10.653657],[106.586855,10.653212],[106.586982,10.652491],[106.590531,10.652782],[106.590911,10.651095],[106.591494,10.651167],[106.591663,10.650111],[106.594977,10.650603],[106.595925,10.650393],[106.595551,10.652973],[106.59523,10.6535],[106.59751,10.653384],[106.600345,10.651894],[106.600652,10.650692],[106.601754,10.651285],[106.601921,10.652328],[106.60285,10.653436],[106.603241,10.654762],[106.604726,10.657978],[106.605384,10.658696]]]},"properties":{"name":"Xã Bình Chánh","short_name":"Bình Chánh","unit_type":"Xã","osm_id":"relation/7462674","population":null,"ref":null,"id":46,"area_km2":21.45,"density":null}},{"type":"Feature","geometry":{"type":"Polygon","coordinates":[[[106.692148,10.741521],[106.687282,10.740148],[106.682984,10.73952],[106.682936,10.738221],[106.682136,10.736576],[106.682211,10.734731],[106.679913,10.735194],[106.679808,10.734688],[106.678108,10.735018],[106.678103,10.735431],[106.676776,10.735087],[106.674461,10.73623],[106.673641,10.737384],[106.665943,10.732395],[106.665735,10.734222],[106.663451,10.733988],[106.659363,10.732677],[106.657672,10.732521],[106.65487,10.731897],[106.649458,10.730352],[106.650085,10.728739],[106.64561,10.729136],[106.645378,10.728649],[106.643196,10.727667],[106.642188,10.727703],[106.632132,10.707836],[106.627758,10.699001],[106.62188,10.697383],[106.622375,10.695373],[106.623759,10.692853],[106.625065,10.691267],[106.627602,10.689972],[106.628594,10.689173],[106.628448,10.684204],[106.629562,10.682602],[106.632968,10.680544],[106.633532,10.679996],[106.634848,10.680955],[106.63707,10.681568],[106.63866,10.681382],[106.63842,10.68298],[106.64078,10.684319],[106.641945,10.684706],[106.64441,10.686595],[106.646455,10.686444],[106.648933,10.686716],[106.651198,10.687376],[106.651304,10.686714],[106.650183,10.686571],[106.650543,10.684783],[106.649732,10.682786],[106.651113,10.682051],[106.653308,10.682648],[106.654153,10.682111],[106.654942,10.678173],[106.657347,10.679293],[106.658178,10.679376],[106.662353,10.67854],[106.664128,10.678536],[106.664983,10.678137],[106.665814,10.67687],[106.666164,10.675264],[106.666813,10.67408],[106.669315,10.670949],[106.670102,10.670621],[106.672229,10.671036],[106.673188,10.670866],[106.675515,10.669815],[106.678379,10.668774],[106.678738,10.67136],[106.679415,10.673177],[106.681293,10.676572],[106.681355,10.678102],[106.680727,10.68],[106.679482,10.682113],[106.676851,10.684543],[106.676216,10.685445],[106.675837,10.686817],[106.67565,10.688986],[106.675121,10.690086],[106.673279,10.69229],[106.67381,10.696],[106.673829,10.698049],[106.674483,10.70177],[106.674405,10.702643],[106.673477,10.703864],[106.673913,10.704998],[106.674872,10.705956],[106.676474,10.708847],[106.676748,10.709658],[106.678268,10.709949],[106.678664,10.711467],[106.680966,10.714565],[106.683467,10.713399],[106.685876,10.711645],[106.686918,10.711622],[106.688856,10.712116],[106.688382,10.71496],[106.689261,10.718103],[106.688981,10.720483],[106.689131,10.722309],[106.690094,10.72528],[106.690184,10.729358],[106.690429,10.73069],[106.691065,10.731388],[106.693541,10.733261],[106.694903,10.735781],[106.694788,10.737122],[106.694039,10.738574],[106.692148,10.741521]]]},"properties":{"name":"Xã Bình Hưng","short_name":"Bình Hưng","unit_type":"Xã","osm_id":"relation/7462675","population":null,"ref":null,"id":47,"area_km2":32.79,"density":null}},{"type":"Feature","geometry":{"type":"Polygon","coordinates":[[[106.567745,10.762902],[106.55825,10.767303],[106.551628,10.770678],[106.535008,10.779066],[106.522037,10.785533],[106.514078,10.789562],[106.50573,10.793722],[106.504562,10.788922],[106.501431,10.786231],[106.492803,10.779107],[106.488504,10.775491],[106.482858,10.77125],[106.479495,10.768571],[106.463562,10.756505],[106.467011,10.752177],[106.469817,10.748448],[106.472233,10.745526],[106.473508,10.746492],[106.476624,10.742617],[106.482108,10.735443],[106.482425,10.735685],[106.487157,10.729815],[106.488987,10.731262],[106.491173,10.729786],[106.495425,10.727437],[106.495832,10.727718],[106.499626,10.724992],[106.501686,10.726537],[106.509372,10.717052],[106.520228,10.723695],[106.523833,10.720971],[106.529183,10.718008],[106.530255,10.717279],[106.528436,10.714978],[106.533599,10.712173],[106.53618,10.710896],[106.535605,10.720279],[106.53485,10.73548],[106.535014,10.736376],[106.538703,10.74466],[106.541046,10.743354],[106.5545,10.736659],[106.557043,10.735062],[106.558774,10.734478],[106.558799,10.736464],[106.558938,10.737511],[106.558306,10.739264],[106.55928,10.741927],[106.558904,10.744216],[106.559366,10.745917],[106.559151,10.747909],[106.559533,10.748962],[106.56209,10.750506],[106.564284,10.752631],[106.566046,10.753533],[106.567593,10.754598],[106.569602,10.756596],[106.569996,10.757286],[106.573372,10.76041],[106.567745,10.762902]]]},"properties":{"name":"Xã Bình Lợi","short_name":"Bình Lợi","unit_type":"Xã","osm_id":"relation/7462676","population":null,"ref":null,"id":48,"area_km2":54.34,"density":null}},{"type":"Feature","geometry":{"type":"Polygon","coordinates":[[[106.605384,10.658696],[106.605524,10.658274],[106.609249,10.657477],[106.610513,10.656601],[106.610831,10.656898],[106.612318,10.655807],[106.613445,10.65436],[106.614595,10.65373],[106.615627,10.654112],[106.616065,10.653296],[106.616735,10.653338],[106.616791,10.652197],[106.617716,10.651957],[106.617342,10.650171],[106.618984,10.649685],[106.618964,10.649013],[106.621135,10.648724],[106.624561,10.647455],[106.623961,10.646456],[106.624329,10.644461],[106.623355,10.644083],[106.621772,10.6441],[106.621538,10.643269],[106.622506,10.642592],[106.622189,10.641505],[106.621206,10.64093],[106.622794,10.64041],[106.624063,10.639447],[106.624488,10.639857],[106.625805,10.639717],[106.627179,10.642396],[106.628148,10.641808],[106.629483,10.64203],[106.629897,10.640302],[106.629675,10.63934],[106.630358,10.638494],[106.631163,10.636743],[106.629512,10.636314],[106.629339,10.635249],[106.62979,10.63426],[106.629631,10.631651],[106.630766,10.630201],[106.629679,10.628941],[106.629562,10.627591],[106.630137,10.626427],[106.631633,10.628275],[106.632882,10.627994],[106.634941,10.625315],[106.635324,10.626122],[106.637888,10.626568],[106.638894,10.627469],[106.641025,10.626621],[106.643707,10.629528],[106.646199,10.63424],[106.646836,10.634151],[106.648476,10.632706],[106.65111,10.632715],[106.652839,10.6323],[106.653343,10.632852],[106.653114,10.634353],[106.653285,10.636552],[106.652944,10.637895],[106.653945,10.63944],[106.656503,10.638811],[106.656845,10.639906],[106.65629,10.642045],[106.656746,10.643211],[106.657795,10.643283],[106.66072,10.641987],[106.660024,10.640982],[106.660072,10.639859],[106.661842,10.639903],[106.662799,10.639289],[106.663435,10.640051],[106.665103,10.638915],[106.665726,10.639558],[106.666041,10.638432],[106.66646,10.638788],[106.666623,10.640652],[106.668341,10.639193],[106.669302,10.63915],[106.670334,10.639815],[106.671685,10.641414],[106.673445,10.641969],[106.673532,10.643506],[106.674411,10.644438],[106.677439,10.645068],[106.678743,10.645523],[106.680819,10.647354],[106.684134,10.649649],[106.685321,10.650881],[106.685936,10.652194],[106.68606,10.653758],[106.685703,10.656658],[106.685298,10.659232],[106.684687,10.660628],[106.683609,10.661484],[106.680964,10.6623],[106.679802,10.662957],[106.679059,10.663969],[106.678535,10.665756],[106.678379,10.668774],[106.675515,10.669815],[106.673188,10.670866],[106.672229,10.671036],[106.670102,10.670621],[106.669315,10.670949],[106.666813,10.67408],[106.666164,10.675264],[106.665814,10.67687],[106.664983,10.678137],[106.664128,10.678536],[106.662353,10.67854],[106.658178,10.679376],[106.657347,10.679293],[106.654942,10.678173],[106.654153,10.682111],[106.653308,10.682648],[106.651113,10.682051],[106.649732,10.682786],[106.650543,10.684783],[106.650183,10.686571],[106.651304,10.686714],[106.651198,10.687376],[106.648933,10.686716],[106.646455,10.686444],[106.64441,10.686595],[106.641945,10.684706],[106.64078,10.684319],[106.63842,10.68298],[106.63866,10.681382],[106.63707,10.681568],[106.634848,10.680955],[106.633532,10.679996],[106.632968,10.680544],[106.629562,10.682602],[106.628448,10.684204],[106.628594,10.689173],[106.627602,10.689972],[106.625065,10.691267],[106.623759,10.692853],[106.621988,10.692233],[106.621613,10.690647],[106.620615,10.688922],[106.62031,10.68783],[106.619447,10.686613],[106.617656,10.683121],[106.617288,10.681751],[106.616155,10.679908],[106.615539,10.678329],[106.61316,10.673615],[106.611633,10.670885],[106.61153,10.669985],[106.61076,10.669118],[106.6099,10.666888],[106.608186,10.663941],[106.606622,10.660876],[106.606314,10.659912],[106.605384,10.658696]]]},"properties":{"name":"Xã Hưng Long","short_name":"Hưng Long","unit_type":"Xã","osm_id":"relation/7462678","population":null,"ref":null,"id":49,"area_km2":35.76,"density":null}},{"type":"Feature","geometry":{"type":"Polygon","coordinates":[[[106.600873,10.722338],[106.599799,10.722619],[106.596482,10.72455],[106.590289,10.726931],[106.581323,10.729606],[106.579563,10.729886],[106.573805,10.731165],[106.574073,10.73269],[106.568331,10.734225],[106.565379,10.734821],[106.558799,10.736464],[106.558774,10.734478],[106.557043,10.735062],[106.5545,10.736659],[106.541046,10.743354],[106.538703,10.74466],[106.535014,10.736376],[106.53485,10.73548],[106.535605,10.720279],[106.53618,10.710896],[106.533599,10.712173],[106.528436,10.714978],[106.528397,10.714235],[106.52724,10.709126],[106.52896,10.702314],[106.530113,10.69887],[106.532176,10.693531],[106.533859,10.688169],[106.535004,10.687128],[106.535663,10.685553],[106.538101,10.686151],[106.539569,10.686061],[106.547642,10.687171],[106.548306,10.686199],[106.549155,10.686444],[106.55047,10.685525],[106.551483,10.68243],[106.551407,10.680723],[106.552042,10.678265],[106.552897,10.677066],[106.553031,10.675692],[106.553621,10.675406],[106.554304,10.675954],[106.555275,10.676022],[106.558711,10.675656],[106.559787,10.674076],[106.561279,10.673411],[106.562559,10.67394],[106.562305,10.674561],[106.562618,10.676292],[106.562193,10.677471],[106.564215,10.678086],[106.566531,10.678211],[106.568207,10.678834],[106.56854,10.679473],[106.56952,10.679649],[106.570132,10.677826],[106.570211,10.676268],[106.569953,10.674011],[106.570218,10.67283],[106.57199,10.672668],[106.57412,10.672999],[106.574614,10.67199],[106.576832,10.673406],[106.577857,10.67131],[106.583168,10.676396],[106.589588,10.681825],[106.592258,10.684488],[106.593728,10.687229],[106.594556,10.689854],[106.596993,10.697412],[106.597381,10.699706],[106.597307,10.701616],[106.598917,10.702203],[106.601596,10.70359],[106.605453,10.704634],[106.608647,10.706267],[106.606888,10.708698],[106.603821,10.710963],[106.603385,10.711613],[106.603718,10.713604],[106.603146,10.714521],[106.604135,10.717344],[106.603278,10.717652],[106.600112,10.717934],[106.600873,10.722338]]]},"properties":{"name":"Xã Tân Nhựt","short_name":"Tân Nhựt","unit_type":"Xã","osm_id":"relation/7463544","population":null,"ref":null,"id":50,"area_km2":43.83,"density":null}},{"type":"Feature","geometry":{"type":"Polygon","coordinates":[[[106.595214,10.829783],[106.593221,10.829384],[106.591075,10.831731],[106.589404,10.832391],[106.586068,10.833163],[106.584135,10.832545],[106.582116,10.832751],[106.580784,10.834218],[106.579035,10.835565],[106.578084,10.837305],[106.57658,10.838419],[106.576474,10.840114],[106.575759,10.842608],[106.56926,10.8428],[106.566179,10.841102],[106.564574,10.840777],[106.563232,10.84137],[106.563078,10.842603],[106.562622,10.842943],[106.562371,10.844731],[106.558062,10.844049],[106.557416,10.843335],[106.555707,10.843069],[106.545224,10.844787],[106.544806,10.843039],[106.528678,10.847507],[106.534879,10.871889],[106.525911,10.873644],[106.525425,10.872139],[106.520068,10.85222],[106.515812,10.834867],[106.524887,10.832557],[106.524117,10.829574],[106.528945,10.828365],[106.526505,10.819016],[106.526209,10.815827],[106.526576,10.813615],[106.527673,10.810053],[106.541455,10.806618],[106.540248,10.802644],[106.543142,10.802664],[106.548141,10.803317],[106.551087,10.803506],[106.551081,10.803791],[106.552944,10.803839],[106.553029,10.803291],[106.55761,10.803478],[106.5576,10.8037],[106.5598,10.803772],[106.559788,10.802815],[106.561569,10.802637],[106.561824,10.802928],[106.563068,10.802013],[106.565606,10.804945],[106.576237,10.811643],[106.579354,10.813661],[106.581936,10.81564],[106.587294,10.820401],[106.591113,10.824255],[106.595214,10.829783]]]},"properties":{"name":"Xã Vĩnh Lộc","short_name":"Vĩnh Lộc","unit_type":"Xã","osm_id":"relation/7463546","population":null,"ref":null,"id":51,"area_km2":30.67,"density":null}},{"type":"Feature","geometry":{"type":"Polygon","coordinates":[[[106.581936,10.81564],[106.579354,10.813661],[106.576237,10.811643],[106.565606,10.804945],[106.563068,10.802013],[106.561824,10.802928],[106.561569,10.802637],[106.559788,10.802815],[106.5598,10.803772],[106.5576,10.8037],[106.55761,10.803478],[106.553029,10.803291],[106.552944,10.803839],[106.551081,10.803791],[106.551087,10.803506],[106.548141,10.803317],[106.543142,10.802664],[106.540248,10.802644],[106.541455,10.806618],[106.527673,10.810053],[106.526576,10.813615],[106.526209,10.815827],[106.526505,10.819016],[106.528945,10.828365],[106.524117,10.829574],[106.524887,10.832557],[106.515812,10.834867],[106.511146,10.816938],[106.509494,10.808948],[106.508049,10.803361],[106.506293,10.795111],[106.50573,10.793722],[106.514078,10.789562],[106.522037,10.785533],[106.535008,10.779066],[106.551628,10.770678],[106.55825,10.767303],[106.567745,10.762902],[106.570165,10.768725],[106.572209,10.768103],[106.573411,10.768145],[106.575627,10.768766],[106.576645,10.769919],[106.576877,10.771023],[106.578117,10.772515],[106.579295,10.773156],[106.580646,10.774773],[106.582241,10.775319],[106.584322,10.7749],[106.585997,10.775367],[106.586899,10.776237],[106.588447,10.778534],[106.588864,10.779979],[106.588269,10.780665],[106.588084,10.781808],[106.58832,10.784164],[106.589005,10.787362],[106.586666,10.788164],[106.586855,10.789243],[106.585619,10.789472],[106.585606,10.790626],[106.584446,10.790722],[106.584698,10.79472],[106.585422,10.794668],[106.585482,10.795725],[106.584442,10.79579],[106.584708,10.79723],[106.582865,10.797302],[106.583457,10.804132],[106.583475,10.806355],[106.584523,10.806744],[106.586042,10.813116],[106.584933,10.813998],[106.583755,10.813775],[106.583368,10.815315],[106.581936,10.81564]]]},"properties":{"name":"Xã Tân Vĩnh Lộc","short_name":"Tân Vĩnh Lộc","unit_type":"Xã","osm_id":"relation/7463547","population":null,"ref":null,"id":52,"area_km2":34.12,"density":null}},{"type":"Feature","geometry":{"type":"Polygon","coordinates":[[[106.872346,10.523233],[106.871391,10.518159],[106.870874,10.513648],[106.869691,10.512178],[106.867654,10.511022],[106.866757,10.50986],[106.8669,10.508213],[106.867985,10.507283],[106.870601,10.506315],[106.87231,10.505111],[106.873072,10.503657],[106.873034,10.502345],[106.871722,10.499637],[106.869794,10.498107],[106.867527,10.497914],[106.866317,10.497505],[106.865303,10.496735],[106.864024,10.495014],[106.865372,10.494115],[106.866326,10.492818],[106.867127,10.490556],[106.867319,10.489371],[106.867277,10.487013],[106.866886,10.485295],[106.865639,10.482139],[106.862917,10.477034],[106.862259,10.474823],[106.862287,10.473436],[106.862952,10.471392],[106.863631,10.470386],[106.865304,10.468979],[106.870496,10.466017],[106.871757,10.464986],[106.87305,10.462806],[106.87333,10.460519],[106.873062,10.459157],[106.872041,10.4573],[106.866281,10.450514],[106.865145,10.448911],[106.864299,10.447147],[106.858714,10.432477],[106.85811,10.430025],[106.858136,10.426871],[106.85857,10.42502],[106.861093,10.417716],[106.862459,10.413127],[106.863198,10.410012],[106.872367,10.409977],[106.873242,10.408834],[106.873603,10.407217],[106.875243,10.403394],[106.875833,10.402708],[106.876253,10.401132],[106.877497,10.398099],[106.877941,10.39657],[106.879025,10.396441],[106.879566,10.395883],[106.878912,10.394036],[106.87969,10.391638],[106.881034,10.389963],[106.881489,10.388535],[106.881183,10.38714],[106.879999,10.384617],[106.880424,10.38368],[106.880268,10.382673],[106.8793,10.38218],[106.878647,10.380951],[106.875857,10.378667],[106.875199,10.377754],[106.877647,10.377402],[106.880388,10.376341],[106.881368,10.376663],[106.881362,10.373159],[106.886346,10.369135],[106.890019,10.366658],[106.892574,10.365169],[106.896548,10.363189],[106.900669,10.361526],[106.90491,10.360188],[106.909976,10.359052],[106.914382,10.358448],[106.919565,10.35818],[106.924751,10.358383],[106.928433,10.358817],[106.932801,10.35965],[106.937088,10.360822],[106.94377,10.363681],[106.946994,10.365256],[106.950097,10.366996],[106.954919,10.370019],[106.961367,10.37337],[106.965944,10.375441],[106.967493,10.375879],[106.970669,10.376145],[106.977261,10.375637],[106.97887,10.375256],[106.982305,10.373676],[106.983368,10.372943],[106.986634,10.369708],[106.9878,10.366455],[106.990925,10.366641],[106.991553,10.366325],[106.993285,10.363903],[106.993629,10.364083],[106.990324,10.369951],[106.988061,10.373386],[106.985604,10.376673],[106.984791,10.37661],[106.98408,10.375412],[106.981675,10.376691],[106.977561,10.378071],[106.974013,10.378782],[106.972532,10.379932],[106.971966,10.380909],[106.971703,10.382573],[106.972011,10.383852],[106.973822,10.387895],[106.974778,10.390754],[106.975381,10.393087],[106.975931,10.396047],[106.976205,10.398428],[106.97634,10.402002],[106.976201,10.404979],[106.975927,10.407349],[106.975092,10.411611],[106.973821,10.412099],[106.974917,10.415573],[106.973056,10.417056],[106.971825,10.417579],[106.970638,10.41749],[106.969842,10.416622],[106.968043,10.417333],[106.967264,10.415828],[106.965602,10.416135],[106.964352,10.416771],[106.963714,10.418331],[106.96068,10.421114],[106.957805,10.421813],[106.955484,10.422811],[106.955136,10.423291],[106.953473,10.423412],[106.953872,10.423913],[106.951482,10.425238],[106.951561,10.425598],[106.947933,10.426102],[106.947583,10.427648],[106.946465,10.427945],[106.944907,10.430937],[106.943755,10.430893],[106.943823,10.43263],[106.942568,10.432929],[106.941985,10.434255],[106.941202,10.434995],[106.940044,10.435077],[106.938151,10.435943],[106.933709,10.44355],[106.933302,10.444657],[106.93217,10.446393],[106.931651,10.446434],[106.93246,10.448329],[106.932697,10.449979],[106.932506,10.451386],[106.931887,10.452315],[106.932298,10.453498],[106.931946,10.455111],[106.932068,10.456557],[106.93298,10.458027],[106.93271,10.458428],[106.934286,10.460374],[106.934516,10.462051],[106.940529,10.467457],[106.939416,10.468807],[106.938311,10.470616],[106.938076,10.472262],[106.938465,10.473478],[106.939792,10.475286],[106.941621,10.476724],[106.947376,10.480606],[106.949324,10.482316],[106.950998,10.484663],[106.951486,10.48627],[106.951529,10.48799],[106.951203,10.489425],[106.9503,10.491848],[106.949749,10.494031],[106.949458,10.496193],[106.949222,10.500819],[106.949188,10.507406],[106.94894,10.510803],[106.948268,10.514144],[106.947543,10.51644],[106.946107,10.519441],[106.944267,10.521697],[106.941569,10.523902],[106.939576,10.525012],[106.937109,10.525936],[106.931148,10.527462],[106.927196,10.528984],[106.924503,10.530314],[106.920909,10.532302],[106.915786,10.530667],[106.915008,10.530235],[106.914042,10.528562],[106.913645,10.525514],[106.913164,10.523375],[106.911662,10.520206],[106.910801,10.519055],[106.908981,10.517622],[106.907454,10.516934],[106.904419,10.516461],[106.902745,10.516653],[106.897122,10.518801],[106.894519,10.51936],[106.892301,10.519377],[106.888335,10.518873],[106.886156,10.518758],[106.884346,10.518884],[106.881866,10.519396],[106.874602,10.521897],[106.872346,10.523233]]]},"properties":{"name":"Xã Cần Giờ","short_name":"Cần Giờ","unit_type":"Xã","osm_id":"relation/7468177","population":null,"ref":null,"id":53,"area_km2":163.28,"density":null}},{"type":"Feature","geometry":{"type":"Polygon","coordinates":[[[106.872346,10.523233],[106.871099,10.524557],[106.86789,10.529369],[106.866543,10.531035],[106.863792,10.533347],[106.861564,10.534554],[106.851654,10.538488],[106.850273,10.539461],[106.849084,10.541648],[106.849062,10.543504],[106.850192,10.546844],[106.850382,10.548312],[106.849848,10.550336],[106.848842,10.551635],[106.847823,10.552344],[106.842537,10.55513],[106.840275,10.556758],[106.838951,10.558381],[106.838331,10.559611],[106.837781,10.561822],[106.837694,10.564505],[106.837951,10.569722],[106.83782,10.571015],[106.836872,10.574091],[106.835146,10.577601],[106.834644,10.579044],[106.834426,10.581209],[106.832713,10.581983],[106.8295,10.583086],[106.828017,10.583355],[106.825763,10.584189],[106.823579,10.59107],[106.822146,10.594082],[106.820901,10.598082],[106.819727,10.599343],[106.819185,10.60172],[106.817579,10.601937],[106.81678,10.602688],[106.816941,10.604508],[106.818054,10.606341],[106.818413,10.607466],[106.818235,10.608837],[106.816866,10.609803],[106.81567,10.609646],[106.814361,10.608687],[106.811938,10.604532],[106.809634,10.604564],[106.806572,10.605121],[106.805436,10.606654],[106.806096,10.608516],[106.80919,10.610095],[106.810856,10.611688],[106.810867,10.613656],[106.809396,10.615635],[106.808333,10.616062],[106.806241,10.616322],[106.803059,10.615266],[106.799055,10.612698],[106.797506,10.611269],[106.795961,10.609103],[106.794212,10.607448],[106.793123,10.606984],[106.791729,10.60707],[106.790425,10.608367],[106.790278,10.609156],[106.790712,10.610753],[106.792608,10.612963],[106.793333,10.614965],[106.792993,10.616173],[106.79222,10.617059],[106.789993,10.618052],[106.787839,10.61814],[106.786589,10.617761],[106.785474,10.616869],[106.784617,10.615606],[106.782476,10.611291],[106.778668,10.604612],[106.779963,10.602542],[106.781724,10.599079],[106.782732,10.596496],[106.783469,10.593594],[106.783741,10.591044],[106.78345,10.586794],[106.782419,10.583108],[106.781139,10.580412],[106.780155,10.578917],[106.778529,10.577691],[106.777427,10.577249],[106.775031,10.576816],[106.772212,10.576849],[106.770059,10.57727],[106.766324,10.578618],[106.762615,10.580503],[106.760952,10.58111],[106.758096,10.581652],[106.755859,10.581672],[106.754014,10.581426],[106.751184,10.580555],[106.749216,10.579532],[106.746888,10.577722],[106.745648,10.576363],[106.744539,10.574296],[106.742586,10.569343],[106.742128,10.566971],[106.741897,10.563921],[106.742349,10.558386],[106.743427,10.553281],[106.747241,10.528024],[106.746812,10.515366],[106.74553,10.503389],[106.745232,10.497831],[106.751232,10.475321],[106.753635,10.467303],[106.756225,10.460912],[106.758356,10.457639],[106.761157,10.453788],[106.771463,10.440925],[106.792507,10.418403],[106.809233,10.388205],[106.828896,10.397494],[106.829841,10.396801],[106.831778,10.395949],[106.832015,10.396238],[106.833991,10.395984],[106.837157,10.396846],[106.838353,10.397508],[106.838467,10.398079],[106.84013,10.398553],[106.840817,10.399624],[106.843901,10.401471],[106.846319,10.40206],[106.848445,10.403299],[106.849013,10.403115],[106.849873,10.404009],[106.850453,10.403912],[106.852851,10.405617],[106.853341,10.40662],[106.853095,10.409015],[106.854031,10.410046],[106.863198,10.410012],[106.862459,10.413127],[106.861093,10.417716],[106.85857,10.42502],[106.858136,10.426871],[106.85811,10.430025],[106.858714,10.432477],[106.864299,10.447147],[106.865145,10.448911],[106.866281,10.450514],[106.872041,10.4573],[106.873062,10.459157],[106.87333,10.460519],[106.87305,10.462806],[106.871757,10.464986],[106.870496,10.466017],[106.865304,10.468979],[106.863631,10.470386],[106.862952,10.471392],[106.862287,10.473436],[106.862259,10.474823],[106.862917,10.477034],[106.865639,10.482139],[106.866886,10.485295],[106.867277,10.487013],[106.867319,10.489371],[106.867127,10.490556],[106.866326,10.492818],[106.865372,10.494115],[106.864024,10.495014],[106.865303,10.496735],[106.866317,10.497505],[106.867527,10.497914],[106.869794,10.498107],[106.871722,10.499637],[106.873034,10.502345],[106.873072,10.503657],[106.87231,10.505111],[106.870601,10.506315],[106.867985,10.507283],[106.8669,10.508213],[106.866757,10.50986],[106.867654,10.511022],[106.869691,10.512178],[106.870874,10.513648],[106.871391,10.518159],[106.872346,10.523233]]]},"properties":{"name":"Xã An Thới Đông","short_name":"An Thới Đông","unit_type":"Xã","osm_id":"relation/7468178","population":null,"ref":null,"id":54,"area_km2":239.47,"density":null}},{"type":"Feature","geometry":{"type":"Polygon","coordinates":[[[106.920909,10.532302],[106.92758,10.540431],[106.929815,10.543365],[106.932167,10.54696],[106.932966,10.548613],[106.93383,10.551789],[106.933979,10.553955],[106.933842,10.555754],[106.93278,10.560749],[106.931553,10.563265],[106.929845,10.564821],[106.926938,10.565869],[106.923156,10.566143],[106.92104,10.566712],[106.919937,10.567429],[106.918608,10.569084],[106.918196,10.57078],[106.918378,10.572203],[106.919218,10.574213],[106.920918,10.576867],[106.922303,10.578482],[106.929501,10.584668],[106.932239,10.587416],[106.935023,10.59123],[106.935912,10.593192],[106.936325,10.59473],[106.936536,10.597312],[106.936163,10.598832],[106.935267,10.600158],[106.933705,10.601295],[106.929092,10.602606],[106.927516,10.603367],[106.925694,10.604947],[106.924364,10.606599],[106.923205,10.608455],[106.921683,10.609653],[106.92075,10.609952],[106.918993,10.609917],[106.917616,10.609333],[106.915634,10.607851],[106.913578,10.607409],[106.912441,10.607621],[106.910878,10.608532],[106.909834,10.609773],[106.908174,10.613107],[106.907069,10.616201],[106.906448,10.618744],[106.905104,10.622255],[106.903678,10.624505],[106.901843,10.626312],[106.898509,10.628995],[106.897429,10.630325],[106.895986,10.633615],[106.894409,10.635656],[106.89342,10.636494],[106.886934,10.638959],[106.885214,10.640532],[106.884656,10.642409],[106.884532,10.644872],[106.88424,10.645944],[106.88309,10.647394],[106.881958,10.647984],[106.880027,10.648431],[106.877337,10.648602],[106.874784,10.648499],[106.872739,10.647836],[106.87139,10.646495],[106.87056,10.644115],[106.869059,10.642743],[106.865087,10.642368],[106.86353,10.641092],[106.862435,10.638414],[106.861149,10.637032],[106.859995,10.636634],[106.858312,10.636804],[106.855103,10.638709],[106.853468,10.639339],[106.851918,10.639551],[106.848795,10.639492],[106.844377,10.638759],[106.842308,10.637597],[106.841468,10.636565],[106.840062,10.633651],[106.837966,10.62632],[106.834435,10.626939],[106.830781,10.627073],[106.826818,10.628005],[106.82369,10.629568],[106.821021,10.631756],[106.817961,10.635164],[106.815103,10.63892],[106.812796,10.64294],[106.812041,10.645426],[106.810373,10.651785],[106.809286,10.654346],[106.807532,10.65654],[106.806315,10.657534],[106.801726,10.66004],[106.796165,10.663898],[106.792831,10.666436],[106.788468,10.669242],[106.78648,10.670351],[106.781163,10.673034],[106.779009,10.674268],[106.77779,10.672474],[106.775555,10.669755],[106.773876,10.668066],[106.771333,10.666207],[106.769855,10.66566],[106.76739,10.665206],[106.764889,10.665299],[106.76279,10.665818],[106.751012,10.670108],[106.748642,10.670599],[106.746313,10.670466],[106.743625,10.669607],[106.741804,10.668633],[106.739881,10.667162],[106.73874,10.665469],[106.738459,10.663613],[106.738846,10.661104],[106.73998,10.65844],[106.741068,10.656545],[106.74268,10.654358],[106.744202,10.652748],[106.746539,10.650875],[106.748766,10.649544],[106.752415,10.648085],[106.759317,10.646124],[106.76264,10.644913],[106.766182,10.64287],[106.767768,10.641638],[106.769086,10.640271],[106.770287,10.638419],[106.770892,10.636979],[106.771399,10.634568],[106.771398,10.63271],[106.770828,10.62829],[106.77059,10.623535],[106.770668,10.621443],[106.771295,10.617304],[106.771892,10.615447],[106.773062,10.612735],[106.775377,10.608971],[106.778668,10.604612],[106.782476,10.611291],[106.784617,10.615606],[106.785474,10.616869],[106.786589,10.617761],[106.787839,10.61814],[106.789993,10.618052],[106.79222,10.617059],[106.792993,10.616173],[106.793333,10.614965],[106.792608,10.612963],[106.790712,10.610753],[106.790278,10.609156],[106.790425,10.608367],[106.791729,10.60707],[106.793123,10.606984],[106.794212,10.607448],[106.795961,10.609103],[106.797506,10.611269],[106.799055,10.612698],[106.803059,10.615266],[106.806241,10.616322],[106.808333,10.616062],[106.809396,10.615635],[106.810867,10.613656],[106.810856,10.611688],[106.80919,10.610095],[106.806096,10.608516],[106.805436,10.606654],[106.806572,10.605121],[106.809634,10.604564],[106.811938,10.604532],[106.814361,10.608687],[106.81567,10.609646],[106.816866,10.609803],[106.818235,10.608837],[106.818413,10.607466],[106.818054,10.606341],[106.816941,10.604508],[106.81678,10.602688],[106.817579,10.601937],[106.819185,10.60172],[106.819727,10.599343],[106.820901,10.598082],[106.822146,10.594082],[106.823579,10.59107],[106.825763,10.584189],[106.828017,10.583355],[106.8295,10.583086],[106.832713,10.581983],[106.834426,10.581209],[106.834644,10.579044],[106.835146,10.577601],[106.836872,10.574091],[106.83782,10.571015],[106.837951,10.569722],[106.837694,10.564505],[106.837781,10.561822],[106.838331,10.559611],[106.838951,10.558381],[106.840275,10.556758],[106.842537,10.55513],[106.847823,10.552344],[106.848842,10.551635],[106.849848,10.550336],[106.850382,10.548312],[106.850192,10.546844],[106.849062,10.543504],[106.849084,10.541648],[106.850273,10.539461],[106.851654,10.538488],[106.861564,10.534554],[106.863792,10.533347],[106.866543,10.531035],[106.86789,10.529369],[106.871099,10.524557],[106.872346,10.523233],[106.874602,10.521897],[106.881866,10.519396],[106.884346,10.518884],[106.886156,10.518758],[106.888335,10.518873],[106.892301,10.519377],[106.894519,10.51936],[106.897122,10.518801],[106.902745,10.516653],[106.904419,10.516461],[106.907454,10.516934],[106.908981,10.517622],[106.910801,10.519055],[106.911662,10.520206],[106.913164,10.523375],[106.913645,10.525514],[106.914042,10.528562],[106.915008,10.530235],[106.915786,10.530667],[106.920909,10.532302]]]},"properties":{"name":"Xã Bình Khánh","short_name":"Bình Khánh","unit_type":"Xã","osm_id":"relation/7468179","population":null,"ref":null,"id":55,"area_km2":159.43,"density":null}},{"type":"Feature","geometry":{"type":"MultiPolygon","coordinates":[[[[107.008287,10.613008],[107.006734,10.610044],[107.005375,10.609971],[107.003003,10.611053],[107.002102,10.610434],[107.002523,10.608984],[107.000506,10.607],[106.998644,10.607812],[106.997626,10.607598],[106.996499,10.60588],[106.995917,10.605422],[106.992027,10.605717],[106.990767,10.605199],[106.990196,10.604138],[106.990687,10.602158],[106.990563,10.600547],[106.989567,10.599353],[106.987115,10.5972],[106.986327,10.596125],[106.986221,10.594891],[106.9871,10.590041],[106.987199,10.587777],[106.985839,10.583347],[106.983733,10.579208],[106.981903,10.580606],[106.978993,10.582133],[106.975706,10.582041],[106.974603,10.582596],[106.973349,10.583916],[106.969464,10.58867],[106.967634,10.590099],[106.966669,10.59052],[106.964329,10.59097],[106.96308,10.591639],[106.961193,10.593272],[106.959781,10.593748],[106.95791,10.593824],[106.955375,10.594206],[106.94986,10.596027],[106.947384,10.597156],[106.946011,10.597353],[106.943893,10.596786],[106.942177,10.596618],[106.940557,10.597064],[106.937842,10.599907],[106.935267,10.600158],[106.936163,10.598832],[106.936536,10.597312],[106.936325,10.59473],[106.935912,10.593192],[106.935023,10.59123],[106.932239,10.587416],[106.929501,10.584668],[106.922303,10.578482],[106.920918,10.576867],[106.919218,10.574213],[106.918378,10.572203],[106.918196,10.57078],[106.918608,10.569084],[106.919937,10.567429],[106.92104,10.566712],[106.923156,10.566143],[106.926938,10.565869],[106.929845,10.564821],[106.931553,10.563265],[106.93278,10.560749],[106.933842,10.555754],[106.933979,10.553955],[106.93383,10.551789],[106.932966,10.548613],[106.932167,10.54696],[106.929815,10.543365],[106.92758,10.540431],[106.920909,10.532302],[106.924503,10.530314],[106.927196,10.528984],[106.931148,10.527462],[106.937109,10.525936],[106.939576,10.525012],[106.941569,10.523902],[106.944267,10.521697],[106.946107,10.519441],[106.947543,10.51644],[106.948268,10.514144],[106.94894,10.510803],[106.949188,10.507406],[106.949222,10.500819],[106.949458,10.496193],[106.949749,10.494031],[106.9503,10.491848],[106.951203,10.489425],[106.951529,10.48799],[106.951486,10.48627],[106.950998,10.484663],[106.949324,10.482316],[106.947376,10.480606],[106.941621,10.476724],[106.939792,10.475286],[106.938465,10.473478],[106.938076,10.472262],[106.938311,10.470616],[106.939416,10.468807],[106.940529,10.467457],[106.94584,10.472232],[106.947833,10.47217],[106.949314,10.47087],[106.951463,10.470887],[106.952647,10.469253],[106.953657,10.469035],[106.954136,10.469913],[106.954989,10.469503],[106.956762,10.469408],[106.957326,10.468207],[106.958364,10.467231],[106.959605,10.467261],[106.96039,10.466796],[106.962309,10.46488],[106.96473,10.464952],[106.965846,10.463888],[106.966391,10.464079],[106.967144,10.467509],[106.967501,10.469914],[106.967299,10.471274],[106.968417,10.472408],[106.969175,10.474837],[106.969174,10.475833],[106.97122,10.479594],[106.973992,10.482481],[106.97417,10.483512],[106.975058,10.483369],[106.977028,10.485824],[106.976854,10.487265],[106.975242,10.488456],[106.975463,10.489671],[106.974796,10.493418],[106.974776,10.496069],[106.974312,10.498662],[106.975623,10.502555],[106.980523,10.508873],[106.982589,10.510745],[106.985044,10.512029],[106.987447,10.512704],[106.991504,10.515322],[106.992773,10.515181],[106.995339,10.51552],[106.997015,10.514959],[106.99712,10.514354],[106.999935,10.506831],[107.005827,10.509849],[107.007688,10.511415],[107.010555,10.515897],[107.012328,10.519731],[107.012619,10.522339],[107.024024,10.533087],[107.025198,10.534469],[107.026738,10.537032],[107.02758,10.539402],[107.027671,10.540777],[107.027375,10.542566],[107.026708,10.544421],[107.025491,10.545422],[107.023692,10.546083],[107.017206,10.547601],[107.014916,10.548494],[107.013427,10.549458],[107.012264,10.550834],[107.011791,10.552156],[107.011301,10.554674],[107.011246,10.556835],[107.011864,10.558907],[107.013281,10.562158],[107.015498,10.565462],[107.020658,10.57191],[107.024601,10.578519],[107.025909,10.580198],[107.026672,10.581751],[107.027199,10.585966],[107.026829,10.588441],[107.025346,10.590777],[107.022346,10.595967],[107.020946,10.600417],[107.020146,10.602317],[107.019146,10.603897],[107.016446,10.606857],[107.014028,10.609132],[107.008287,10.613008]]],[[[106.973145,10.471088],[106.972057,10.469812],[106.971747,10.468654],[106.972959,10.466967],[106.972874,10.466576],[106.973613,10.463536],[106.973729,10.461454],[106.973183,10.460656],[106.973883,10.459958],[106.976423,10.460989],[106.976122,10.462854],[106.976356,10.463381],[106.975333,10.467192],[106.976273,10.469404],[106.977342,10.470786],[106.978026,10.472276],[106.97806,10.473585],[106.977316,10.473705],[106.974277,10.470685],[106.973608,10.471401],[106.973145,10.471088]]],[[[106.984806,10.485314],[106.984662,10.484278],[106.983673,10.482412],[106.983157,10.480061],[106.984965,10.479706],[106.985551,10.480302],[106.987263,10.480467],[106.987555,10.481401],[106.986637,10.482091],[106.98548,10.485568],[106.984806,10.485314]]],[[[106.983233,10.495476],[106.983362,10.494176],[106.984232,10.492172],[106.98517,10.491204],[106.985285,10.492263],[106.985949,10.4926],[106.987872,10.495166],[106.988879,10.495594],[106.988925,10.49654],[106.99023,10.498093],[106.991835,10.498926],[106.990869,10.500019],[106.991804,10.500107],[106.991308,10.50068],[106.992181,10.501369],[106.990985,10.50282],[106.991077,10.503586],[106.989983,10.504772],[106.988935,10.504892],[106.98779,10.504347],[106.988629,10.503679],[106.989232,10.503848],[106.988788,10.502685],[106.987732,10.501967],[106.986971,10.502427],[106.986681,10.503421],[106.984827,10.500231],[106.98477,10.498876],[106.983886,10.498422],[106.983409,10.497121],[106.983233,10.495476]]]]},"properties":{"name":"Xã Thạnh An","short_name":"Thạnh An","unit_type":"Xã","osm_id":"relation/7468247","population":null,"ref":null,"id":56,"area_km2":107.13,"density":null}},{"type":"Feature","geometry":{"type":"Polygon","coordinates":[[[106.52391,11.073771],[106.524425,11.076021],[106.5253,11.07808],[106.5268,11.0807],[106.5279,11.08208],[106.5325,11.08636],[106.5339,11.08852],[106.5338,11.09055],[106.533,11.09158],[106.5313,11.09224],[106.5291,11.09223],[106.5273,11.09156],[106.5251,11.08986],[106.5235,11.08954],[106.5224,11.09005],[106.5216,11.09087],[106.5183,11.09611],[106.5173,11.09741],[106.5162,11.10017],[106.5164,11.10156],[106.5185,11.10258],[106.5241,11.10362],[106.5253,11.10449],[106.5263,11.10586],[106.5267,11.10698],[106.527,11.10967],[106.5278,11.11415],[106.5275,11.11626],[106.527,11.11752],[106.527,11.12023],[106.5267,11.12104],[106.5258,11.12149],[106.5244,11.12124],[106.5212,11.12181],[106.5193,11.12278],[106.5174,11.12404],[106.5159,11.12542],[106.5142,11.12775],[106.5138,11.12862],[106.5127,11.13224],[106.5113,11.13555],[106.5083,11.13974],[106.5077,11.14183],[106.5063,11.14223],[106.5021,11.14032],[106.499928,11.140782],[106.49697,11.142743],[106.4958,11.143203],[106.491369,11.144498],[106.490028,11.144624],[106.487244,11.144256],[106.485758,11.143793],[106.483231,11.142614],[106.482142,11.142403],[106.478623,11.142356],[106.472567,11.14319],[106.470915,11.144368],[106.469984,11.145709],[106.46791,11.147198],[106.467334,11.148261],[106.467589,11.148916],[106.469968,11.151345],[106.470909,11.152911],[106.471084,11.153959],[106.470617,11.155103],[106.467956,11.156198],[106.465969,11.157524],[106.464649,11.15924],[106.463856,11.159819],[106.462795,11.159851],[106.461178,11.15874],[106.459644,11.158253],[106.45854,11.158726],[106.457056,11.160106],[106.455586,11.160219],[106.453754,11.159235],[106.452281,11.157477],[106.451662,11.15554],[106.451485,11.153645],[106.451938,11.151859],[106.452775,11.151593],[106.454124,11.151882],[106.455728,11.153114],[106.456463,11.153377],[106.457683,11.152861],[106.458056,11.151938],[106.458255,11.14763],[106.457962,11.145372],[106.456101,11.140698],[106.455089,11.139587],[106.45164,11.136508],[106.450149,11.136108],[106.447756,11.13603],[106.447818,11.132105],[106.448486,11.130728],[106.44707,11.129692],[106.446077,11.127639],[106.445519,11.127513],[106.444779,11.126271],[106.444838,11.125271],[106.443164,11.119507],[106.442553,11.115954],[106.441467,11.114691],[106.440568,11.114801],[106.438546,11.112664],[106.437661,11.112117],[106.437124,11.110129],[106.437392,11.109906],[106.438771,11.108895],[106.439973,11.107558],[106.442059,11.105814],[106.443079,11.105242],[106.444079,11.103973],[106.444795,11.104363],[106.447019,11.099306],[106.445269,11.097083],[106.447681,11.090955],[106.448306,11.090192],[106.451853,11.082085],[106.451549,11.079146],[106.451674,11.076097],[106.45232,11.071909],[106.453038,11.069321],[106.455849,11.060259],[106.455985,11.055906],[106.456853,11.054671],[106.457715,11.052605],[106.458354,11.051689],[106.460527,11.050237],[106.461841,11.048387],[106.463761,11.047806],[106.465419,11.046529],[106.466651,11.046557],[106.468193,11.046097],[106.470736,11.043453],[106.473073,11.046432],[106.474728,11.047798],[106.47714,11.050114],[106.476222,11.05139],[106.477992,11.052241],[106.477808,11.052508],[106.481771,11.055239],[106.484027,11.05593],[106.485728,11.056845],[106.486298,11.057643],[106.488112,11.059039],[106.490302,11.0601],[106.491002,11.061153],[106.4968,11.062641],[106.498063,11.063437],[106.500497,11.063414],[106.502461,11.063989],[106.50341,11.064738],[106.504585,11.064278],[106.505827,11.065095],[106.507883,11.064478],[106.509911,11.065092],[106.511178,11.065852],[106.51324,11.068433],[106.512692,11.069525],[106.513293,11.06987],[106.513896,11.07177],[106.515624,11.072006],[106.517134,11.072996],[106.517648,11.072794],[106.519488,11.073084],[106.519851,11.073963],[106.521007,11.074458],[106.522464,11.073441],[106.52391,11.073771]]]},"properties":{"name":"Xã An Nhơn Tây","short_name":"An Nhơn Tây","unit_type":"Xã","osm_id":"relation/7621976","population":null,"ref":null,"id":57,"area_km2":77.86,"density":null}},{"type":"Feature","geometry":{"type":"Polygon","coordinates":[[[106.622068,10.914458],[106.624557,10.915164],[106.629177,10.916054],[106.63111,10.916253],[106.637004,10.916062],[106.639078,10.916323],[106.642715,10.917719],[106.64528,10.919642],[106.646134,10.91982],[106.649006,10.919625],[106.651277,10.919991],[106.653504,10.919618],[106.655522,10.921683],[106.656067,10.922754],[106.656276,10.924667],[106.657293,10.925885],[106.6534,10.92909],[106.6525,10.93027],[106.6508,10.93312],[106.6504,10.93448],[106.6502,10.93742],[106.6508,10.93998],[106.6516,10.94217],[106.6524,10.9472],[106.6525,10.94943],[106.6521,10.95353],[106.6518,10.95474],[106.6496,10.96138],[106.6489,10.96449],[106.6488,10.96706],[106.6492,10.96968],[106.6498,10.97154],[106.6502,10.97444],[106.6492,10.97888],[106.6486,10.98004],[106.6475,10.98096],[106.6459,10.9813],[106.643102,10.980673],[106.641502,10.979913],[106.638602,10.977983],[106.637402,10.977443],[106.633702,10.977713],[106.630319,10.978556],[106.627902,10.979243],[106.626102,10.980293],[106.625102,10.981183],[106.622302,10.984573],[106.617802,10.987603],[106.616802,10.988623],[106.616202,10.989803],[106.615902,10.991263],[106.616302,10.992933],[106.619902,10.999553],[106.621002,11.001863],[106.6213,11.00501],[106.6211,11.00593],[106.6196,11.00892],[106.6184,11.0104],[106.6162,11.01159],[106.6149,11.01172],[106.6104,11.01166],[106.6088,11.01184],[106.6043,11.01335],[106.6005,11.0143],[106.5988,11.01511],[106.598,11.01582],[106.5968,11.01863],[106.5951,11.02439],[106.595,11.02549],[106.5952,11.02817],[106.5957,11.03027],[106.5962,11.03107],[106.600744,11.036129],[106.603432,11.039528],[106.603215,11.040414],[106.6012,11.04339],[106.5994,11.0453],[106.5972,11.04565],[106.5946,11.04507],[106.5929,11.04343],[106.5921,11.04195],[106.5916,11.03873],[106.5912,11.03751],[106.5902,11.03657],[106.5889,11.03626],[106.5855,11.03668],[106.5831,11.03784],[106.582237,11.036392],[106.580554,11.034958],[106.578991,11.034252],[106.578,11.03289],[106.577948,11.031573],[106.577441,11.029624],[106.579746,11.029347],[106.580027,11.027761],[106.578699,11.026944],[106.57836,11.026219],[106.57869,11.022816],[106.579477,11.022606],[106.579531,11.021735],[106.578405,11.020036],[106.57813,11.018711],[106.579732,11.016775],[106.58121,11.015417],[106.566041,11.007003],[106.569967,10.999245],[106.576476,10.983703],[106.594227,10.982522],[106.593891,10.978499],[106.593286,10.978533],[106.593061,10.975795],[106.59697,10.974944],[106.598173,10.974826],[106.604008,10.974676],[106.605787,10.974869],[106.60825,10.974476],[106.610573,10.974523],[106.610373,10.9722],[106.608739,10.97204],[106.608691,10.967896],[106.609329,10.966342],[106.609795,10.964205],[106.610434,10.96408],[106.609219,10.960213],[106.610879,10.959903],[106.611,10.960367],[106.614094,10.959491],[106.61449,10.960515],[106.615659,10.960842],[106.616255,10.960122],[106.619007,10.959388],[106.62138,10.958505],[106.624437,10.957606],[106.624925,10.954844],[106.625423,10.953342],[106.625493,10.949421],[106.602742,10.922898],[106.601192,10.923067],[106.600574,10.920514],[106.600452,10.917798],[106.603201,10.91745],[106.611902,10.916037],[106.618592,10.915106],[106.622068,10.914458]]]},"properties":{"name":"Xã Bình Mỹ","short_name":"Bình Mỹ","unit_type":"Xã","osm_id":"relation/7621978","population":null,"ref":null,"id":58,"area_km2":54.77,"density":null}},{"type":"Feature","geometry":{"type":"Polygon","coordinates":[[[106.456853,11.054671],[106.456016,11.051687],[106.45578,11.050131],[106.455252,11.048887],[106.455095,11.044087],[106.454738,11.040874],[106.450529,11.037738],[106.444836,11.032243],[106.442235,11.027383],[106.439628,11.022932],[106.440294,11.022386],[106.443936,11.021076],[106.444681,11.020655],[106.444839,11.019621],[106.446264,11.019204],[106.44678,11.018682],[106.44679,11.016566],[106.448517,11.015117],[106.450476,11.015626],[106.453663,11.01547],[106.456159,11.015085],[106.458743,11.013956],[106.461372,11.013657],[106.462985,11.014652],[106.464375,11.012872],[106.464374,11.010674],[106.462802,11.007963],[106.464457,11.006805],[106.465898,11.006353],[106.465337,11.004842],[106.464698,11.004985],[106.464079,11.002184],[106.46418,11.000795],[106.467005,11.000494],[106.468651,10.993017],[106.470815,10.993459],[106.471147,10.99223],[106.473038,10.991297],[106.475069,10.989844],[106.476456,10.990073],[106.476606,10.989684],[106.478356,10.989275],[106.478167,10.989978],[106.479822,10.989092],[106.479869,10.987282],[106.483921,10.987367],[106.483947,10.986518],[106.486351,10.986579],[106.48611,10.996226],[106.485909,10.998251],[106.490968,10.996197],[106.491619,10.996371],[106.490873,11.000733],[106.490524,11.001842],[106.490241,11.004828],[106.489664,11.007652],[106.491616,11.007952],[106.492818,11.008574],[106.494266,11.008893],[106.496747,11.008087],[106.4969,11.007599],[106.499343,11.007959],[106.499713,11.00878],[106.500958,11.008127],[106.502982,11.00775],[106.504309,11.008317],[106.506108,11.008277],[106.506974,11.007217],[106.509224,11.006732],[106.510751,11.007116],[106.512121,11.006873],[106.512837,11.007508],[106.514172,11.006489],[106.51508,11.007418],[106.515526,11.007163],[106.516427,11.008085],[106.524124,11.011576],[106.534984,11.016775],[106.541545,11.020106],[106.548081,11.023604],[106.547198,11.024973],[106.551532,11.027075],[106.551894,11.027025],[106.554261,11.028204],[106.552529,11.032145],[106.550453,11.035029],[106.550405,11.035345],[106.548044,11.039973],[106.547091,11.041096],[106.546117,11.04309],[106.549349,11.043783],[106.549864,11.044171],[106.550655,11.045954],[106.5489,11.04704],[106.5483,11.04795],[106.547429,11.050408],[106.54606,11.052085],[106.54413,11.053325],[106.541574,11.054341],[106.539153,11.055108],[106.536108,11.056463],[106.535084,11.057088],[106.53313,11.058819],[106.531913,11.060584],[106.530262,11.064335],[106.528751,11.066644],[106.525756,11.068903],[106.524981,11.070083],[106.52391,11.073771],[106.522464,11.073441],[106.521007,11.074458],[106.519851,11.073963],[106.519488,11.073084],[106.517648,11.072794],[106.517134,11.072996],[106.515624,11.072006],[106.513896,11.07177],[106.513293,11.06987],[106.512692,11.069525],[106.51324,11.068433],[106.511178,11.065852],[106.509911,11.065092],[106.507883,11.064478],[106.505827,11.065095],[106.504585,11.064278],[106.50341,11.064738],[106.502461,11.063989],[106.500497,11.063414],[106.498063,11.063437],[106.4968,11.062641],[106.491002,11.061153],[106.490302,11.0601],[106.488112,11.059039],[106.486298,11.057643],[106.485728,11.056845],[106.484027,11.05593],[106.481771,11.055239],[106.477808,11.052508],[106.477992,11.052241],[106.476222,11.05139],[106.47714,11.050114],[106.474728,11.047798],[106.473073,11.046432],[106.470736,11.043453],[106.468193,11.046097],[106.466651,11.046557],[106.465419,11.046529],[106.463761,11.047806],[106.461841,11.048387],[106.460527,11.050237],[106.458354,11.051689],[106.457715,11.052605],[106.456853,11.054671]]]},"properties":{"name":"Xã Nhuận Đức","short_name":"Nhuận Đức","unit_type":"Xã","osm_id":"relation/7627377","population":null,"ref":null,"id":59,"area_km2":62.27,"density":null}},{"type":"Feature","geometry":{"type":"Polygon","coordinates":[[[106.5831,11.03784],[106.5813,11.0406],[106.5804,11.04572],[106.5795,11.04803],[106.5754,11.05188],[106.574,11.05373],[106.5723,11.05467],[106.5713,11.0542],[106.569,11.0509],[106.5687,11.04988],[106.5686,11.04755],[106.5681,11.04593],[106.5667,11.04504],[106.5635,11.04507],[106.5587,11.045628],[106.552,11.04577],[106.550655,11.045954],[106.549864,11.044171],[106.549349,11.043783],[106.546117,11.04309],[106.547091,11.041096],[106.548044,11.039973],[106.550405,11.035345],[106.550453,11.035029],[106.552529,11.032145],[106.554261,11.028204],[106.551894,11.027025],[106.551532,11.027075],[106.547198,11.024973],[106.548081,11.023604],[106.541545,11.020106],[106.534984,11.016775],[106.524124,11.011576],[106.516427,11.008085],[106.515526,11.007163],[106.516502,11.006509],[106.518036,11.004946],[106.519165,11.003219],[106.521822,11.003123],[106.525522,11.000976],[106.526369,11.000238],[106.531771,10.997053],[106.538618,10.995457],[106.538034,10.994826],[106.537825,10.993257],[106.538546,10.992589],[106.5385,10.990073],[106.537878,10.989442],[106.538269,10.988227],[106.53769,10.98776],[106.537728,10.984079],[106.538014,10.983389],[106.543265,10.977902],[106.543725,10.977607],[106.557461,10.972673],[106.562225,10.970598],[106.564244,10.968572],[106.565067,10.966974],[106.568737,10.959092],[106.574144,10.94864],[106.576394,10.944912],[106.578886,10.939206],[106.580392,10.934534],[106.583666,10.928665],[106.584127,10.928482],[106.601192,10.923067],[106.602742,10.922898],[106.625493,10.949421],[106.625423,10.953342],[106.624925,10.954844],[106.624437,10.957606],[106.62138,10.958505],[106.619007,10.959388],[106.616255,10.960122],[106.615659,10.960842],[106.61449,10.960515],[106.614094,10.959491],[106.611,10.960367],[106.610879,10.959903],[106.609219,10.960213],[106.610434,10.96408],[106.609795,10.964205],[106.609329,10.966342],[106.608691,10.967896],[106.608739,10.97204],[106.610373,10.9722],[106.610573,10.974523],[106.60825,10.974476],[106.605787,10.974869],[106.604008,10.974676],[106.598173,10.974826],[106.59697,10.974944],[106.593061,10.975795],[106.593286,10.978533],[106.593891,10.978499],[106.594227,10.982522],[106.576476,10.983703],[106.569967,10.999245],[106.566041,11.007003],[106.58121,11.015417],[106.579732,11.016775],[106.57813,11.018711],[106.578405,11.020036],[106.579531,11.021735],[106.579477,11.022606],[106.57869,11.022816],[106.57836,11.026219],[106.578699,11.026944],[106.580027,11.027761],[106.579746,11.029347],[106.577441,11.029624],[106.577948,11.031573],[106.578,11.03289],[106.578991,11.034252],[106.580554,11.034958],[106.582237,11.036392],[106.5831,11.03784]]]},"properties":{"name":"Xã Phú Hòa Đông","short_name":"Phú Hòa Đông","unit_type":"Xã","osm_id":"relation/7627379","population":null,"ref":null,"id":60,"area_km2":60.04,"density":null}},{"type":"Feature","geometry":{"type":"Polygon","coordinates":[[[106.450476,11.015626],[106.449795,11.01277],[106.449618,11.012784],[106.442326,11.000573],[106.442098,11.000722],[106.441185,10.999066],[106.439812,10.999783],[106.43682,10.994611],[106.435751,10.993824],[106.431886,10.991492],[106.430354,10.989464],[106.429924,10.989558],[106.428363,10.988565],[106.430233,10.985433],[106.433133,10.979906],[106.432588,10.979049],[106.433374,10.978878],[106.431466,10.972436],[106.428529,10.966696],[106.428691,10.966563],[106.426001,10.962936],[106.443695,10.94934],[106.452887,10.942361],[106.454042,10.941641],[106.487391,10.924957],[106.487572,10.92584],[106.498612,10.947259],[106.497714,10.947502],[106.498084,10.9503],[106.499298,10.952],[106.500757,10.954572],[106.499417,10.956401],[106.499434,10.956826],[106.498166,10.960588],[106.498544,10.96145],[106.499409,10.961287],[106.500251,10.963063],[106.49959,10.963361],[106.500156,10.964806],[106.500207,10.968103],[106.499695,10.968237],[106.499723,10.969871],[106.500066,10.970648],[106.501777,10.970021],[106.503473,10.973424],[106.502502,10.973896],[106.503376,10.974483],[106.502944,10.975356],[106.50324,10.975947],[106.505394,10.97476],[106.506141,10.976396],[106.50344,10.977587],[106.503148,10.977938],[106.50775,10.980562],[106.507198,10.981155],[106.504671,10.979706],[106.499895,10.983954],[106.496889,10.985949],[106.499444,10.98999],[106.50557,10.996466],[106.508445,10.999341],[106.513359,11.004576],[106.515526,11.007163],[106.51508,11.007418],[106.514172,11.006489],[106.512837,11.007508],[106.512121,11.006873],[106.510751,11.007116],[106.509224,11.006732],[106.506974,11.007217],[106.506108,11.008277],[106.504309,11.008317],[106.502982,11.00775],[106.500958,11.008127],[106.499713,11.00878],[106.499343,11.007959],[106.4969,11.007599],[106.496747,11.008087],[106.494266,11.008893],[106.492818,11.008574],[106.491616,11.007952],[106.489664,11.007652],[106.490241,11.004828],[106.490524,11.001842],[106.490873,11.000733],[106.491619,10.996371],[106.490968,10.996197],[106.485909,10.998251],[106.48611,10.996226],[106.486351,10.986579],[106.483947,10.986518],[106.483921,10.987367],[106.479869,10.987282],[106.479822,10.989092],[106.478167,10.989978],[106.478356,10.989275],[106.476606,10.989684],[106.476456,10.990073],[106.475069,10.989844],[106.473038,10.991297],[106.471147,10.99223],[106.470815,10.993459],[106.468651,10.993017],[106.467005,11.000494],[106.46418,11.000795],[106.464079,11.002184],[106.464698,11.004985],[106.465337,11.004842],[106.465898,11.006353],[106.464457,11.006805],[106.462802,11.007963],[106.464374,11.010674],[106.464375,11.012872],[106.462985,11.014652],[106.461372,11.013657],[106.458743,11.013956],[106.456159,11.015085],[106.453663,11.01547],[106.450476,11.015626]]]},"properties":{"name":"Xã Tân An Hội","short_name":"Tân An Hội","unit_type":"Xã","osm_id":"relation/7629221","population":null,"ref":null,"id":61,"area_km2":53.72,"density":null}},{"type":"Feature","geometry":{"type":"Polygon","coordinates":[[[106.515526,11.007163],[106.513359,11.004576],[106.508445,10.999341],[106.50557,10.996466],[106.499444,10.98999],[106.496889,10.985949],[106.499895,10.983954],[106.504671,10.979706],[106.507198,10.981155],[106.50775,10.980562],[106.503148,10.977938],[106.50344,10.977587],[106.506141,10.976396],[106.505394,10.97476],[106.50324,10.975947],[106.502944,10.975356],[106.503376,10.974483],[106.502502,10.973896],[106.503473,10.973424],[106.501777,10.970021],[106.500066,10.970648],[106.499723,10.969871],[106.499695,10.968237],[106.500207,10.968103],[106.500156,10.964806],[106.49959,10.963361],[106.500251,10.963063],[106.499409,10.961287],[106.498544,10.96145],[106.498166,10.960588],[106.499434,10.956826],[106.499417,10.956401],[106.500757,10.954572],[106.499298,10.952],[106.498084,10.9503],[106.497714,10.947502],[106.498612,10.947259],[106.487572,10.92584],[106.487391,10.924957],[106.49562,10.92084],[106.50124,10.92031],[106.520826,10.917993],[106.535849,10.916094],[106.538746,10.915964],[106.561375,10.917076],[106.563041,10.91823],[106.565041,10.919127],[106.567852,10.91937],[106.578785,10.919994],[106.580731,10.92002],[106.584164,10.91966],[106.58409,10.920753],[106.583039,10.923289],[106.582642,10.92489],[106.581641,10.925991],[106.581458,10.929341],[106.583666,10.928665],[106.580392,10.934534],[106.578886,10.939206],[106.576394,10.944912],[106.574144,10.94864],[106.568737,10.959092],[106.565067,10.966974],[106.564244,10.968572],[106.562225,10.970598],[106.557461,10.972673],[106.543725,10.977607],[106.543265,10.977902],[106.538014,10.983389],[106.537728,10.984079],[106.53769,10.98776],[106.538269,10.988227],[106.537878,10.989442],[106.5385,10.990073],[106.538546,10.992589],[106.537825,10.993257],[106.538034,10.994826],[106.538618,10.995457],[106.531771,10.997053],[106.526369,11.000238],[106.525522,11.000976],[106.521822,11.003123],[106.519165,11.003219],[106.518036,11.004946],[106.516502,11.006509],[106.515526,11.007163]]]},"properties":{"name":"Xã Củ Chi","short_name":"Củ Chi","unit_type":"Xã","osm_id":"relation/7629287","population":null,"ref":null,"id":62,"area_km2":65.11,"density":null}},{"type":"Feature","geometry":{"type":"Polygon","coordinates":[[[106.437392,11.109906],[106.43589,11.106153],[106.433881,11.100236],[106.433103,11.100336],[106.432299,11.098334],[106.431599,11.098336],[106.430854,11.093714],[106.430888,11.09209],[106.430338,11.091926],[106.426894,11.091884],[106.426012,11.09165],[106.426301,11.08931],[106.426545,11.08477],[106.427196,11.083225],[106.426562,11.083048],[106.426564,11.081787],[106.425912,11.081348],[106.426052,11.07801],[106.426406,11.078084],[106.426666,11.076362],[106.42742,11.075062],[106.427393,11.074014],[106.426315,11.071103],[106.425666,11.070171],[106.425312,11.068523],[106.425778,11.066623],[106.422796,11.066139],[106.42249,11.065559],[106.42131,11.064907],[106.420216,11.063382],[106.42163,11.061922],[106.42074,11.06113],[106.423089,11.058192],[106.421008,11.057432],[106.421268,11.055592],[106.420343,11.051956],[106.422597,11.049244],[106.424777,11.047383],[106.422645,11.046627],[106.423391,11.045452],[106.422286,11.044611],[106.422914,11.043673],[106.422806,11.04281],[106.42168,11.042012],[106.4222,11.041525],[106.421063,11.039751],[106.421363,11.03954],[106.420156,11.036923],[106.42014,11.036192],[106.418746,11.036102],[106.418456,11.035481],[106.417206,11.035028],[106.416157,11.034041],[106.414974,11.033663],[106.413271,11.031945],[106.413328,11.031479],[106.412019,11.030263],[106.411488,11.029394],[106.410565,11.025861],[106.409395,11.023913],[106.409682,11.023476],[106.409004,11.022633],[106.408902,11.020775],[106.409076,11.019211],[106.409556,11.017968],[106.408961,11.016557],[106.40928,11.014664],[106.410055,11.0137],[106.411042,11.013355],[106.412898,11.008901],[106.410543,11.007459],[106.406351,11.006271],[106.406236,11.005346],[106.405603,11.005281],[106.405318,11.003761],[106.404412,11.003756],[106.392846,11.000362],[106.390561,10.999749],[106.386163,10.99917],[106.385028,10.999316],[106.380649,10.998402],[106.378268,11.000254],[106.377297,11.000394],[106.37697,10.99993],[106.366968,10.998722],[106.363508,10.997226],[106.362615,10.997176],[106.362362,10.996463],[106.359919,10.995299],[106.360252,10.99467],[106.357827,10.993058],[106.358187,10.992353],[106.356701,10.991597],[106.36795,10.976516],[106.371206,10.972257],[106.372691,10.970144],[106.373408,10.969623],[106.377622,10.970009],[106.392415,10.971602],[106.3976,10.972092],[106.410934,10.973683],[106.411898,10.973542],[106.422271,10.965809],[106.426001,10.962936],[106.428691,10.966563],[106.428529,10.966696],[106.431466,10.972436],[106.433374,10.978878],[106.432588,10.979049],[106.433133,10.979906],[106.430233,10.985433],[106.428363,10.988565],[106.429924,10.989558],[106.430354,10.989464],[106.431886,10.991492],[106.435751,10.993824],[106.43682,10.994611],[106.439812,10.999783],[106.441185,10.999066],[106.442098,11.000722],[106.442326,11.000573],[106.449618,11.012784],[106.449795,11.01277],[106.450476,11.015626],[106.448517,11.015117],[106.44679,11.016566],[106.44678,11.018682],[106.446264,11.019204],[106.444839,11.019621],[106.444681,11.020655],[106.443936,11.021076],[106.440294,11.022386],[106.439628,11.022932],[106.442235,11.027383],[106.444836,11.032243],[106.450529,11.037738],[106.454738,11.040874],[106.455095,11.044087],[106.455252,11.048887],[106.45578,11.050131],[106.456016,11.051687],[106.456853,11.054671],[106.455985,11.055906],[106.455849,11.060259],[106.453038,11.069321],[106.45232,11.071909],[106.451674,11.076097],[106.451549,11.079146],[106.451853,11.082085],[106.448306,11.090192],[106.447681,11.090955],[106.445269,11.097083],[106.447019,11.099306],[106.444795,11.104363],[106.444079,11.103973],[106.443079,11.105242],[106.442059,11.105814],[106.439973,11.107558],[106.438771,11.108895],[106.437392,11.109906]]]},"properties":{"name":"Xã Thái Mỹ","short_name":"Thái Mỹ","unit_type":"Xã","osm_id":"relation/7629288","population":null,"ref":null,"id":63,"area_km2":62.56,"density":null}},{"type":"Feature","geometry":{"type":"Polygon","coordinates":[[[106.601192,10.923067],[106.584127,10.928482],[106.583666,10.928665],[106.581458,10.929341],[106.581641,10.925991],[106.582642,10.92489],[106.583039,10.923289],[106.58409,10.920753],[106.584164,10.91966],[106.580731,10.92002],[106.578785,10.919994],[106.567852,10.91937],[106.565041,10.919127],[106.563041,10.91823],[106.575488,10.90045],[106.589096,10.892232],[106.586979,10.890845],[106.586244,10.888938],[106.585067,10.889025],[106.583869,10.888478],[106.589541,10.880258],[106.593965,10.87416],[106.601328,10.863766],[106.602674,10.864674],[106.602782,10.865204],[106.604871,10.865331],[106.60467,10.867606],[106.606632,10.86943],[106.607273,10.871032],[106.60619,10.871956],[106.606975,10.87504],[106.608539,10.874634],[106.609619,10.875503],[106.610796,10.876909],[106.607735,10.882952],[106.606382,10.882881],[106.603582,10.883119],[106.60083,10.883935],[106.598845,10.883888],[106.598558,10.884751],[106.601002,10.884472],[106.601267,10.886158],[106.602397,10.88764],[106.60017,10.888019],[106.600776,10.888947],[106.59815,10.88937],[106.598244,10.890725],[106.599022,10.892278],[106.598033,10.89263],[106.598909,10.893216],[106.600901,10.897176],[106.601551,10.897931],[106.602176,10.899498],[106.601249,10.900897],[106.601257,10.901666],[106.600355,10.906516],[106.600904,10.906999],[106.601661,10.906728],[106.605481,10.909443],[106.607013,10.90959],[106.60762,10.910342],[106.613077,10.911628],[106.61441,10.912107],[106.617207,10.912618],[106.619061,10.913528],[106.622068,10.914458],[106.618592,10.915106],[106.611902,10.916037],[106.603201,10.91745],[106.600452,10.917798],[106.600574,10.920514],[106.601192,10.923067]]]},"properties":{"name":"Xã Hóc Môn","short_name":"Hóc Môn","unit_type":"Xã","osm_id":"relation/7638093","population":null,"ref":null,"id":64,"area_km2":16.53,"density":null}},{"type":"Feature","geometry":{"type":"Polygon","coordinates":[[[106.603277,10.826233],[106.604361,10.829873],[106.608031,10.835961],[106.608823,10.836873],[106.615325,10.842684],[106.607256,10.855297],[106.612047,10.862504],[106.615512,10.867345],[106.614919,10.870337],[106.61266,10.873155],[106.610796,10.876909],[106.609619,10.875503],[106.608539,10.874634],[106.606975,10.87504],[106.60619,10.871956],[106.607273,10.871032],[106.606632,10.86943],[106.60467,10.867606],[106.604871,10.865331],[106.602782,10.865204],[106.602674,10.864674],[106.601328,10.863766],[106.606202,10.856895],[106.604226,10.855516],[106.601628,10.856505],[106.601801,10.857492],[106.598266,10.858253],[106.597051,10.860492],[106.596468,10.862693],[106.594544,10.862099],[106.59237,10.861683],[106.589187,10.860001],[106.589196,10.859162],[106.587809,10.859139],[106.587581,10.858749],[106.583846,10.857738],[106.580849,10.857655],[106.578311,10.859024],[106.577523,10.859646],[106.577264,10.861068],[106.57669,10.861284],[106.577019,10.862859],[106.577087,10.865304],[106.575477,10.86651],[106.575737,10.867348],[106.573436,10.868594],[106.571656,10.869935],[106.568802,10.871381],[106.567035,10.871787],[106.565133,10.871126],[106.557951,10.868261],[106.551262,10.869339],[106.541435,10.870683],[106.534879,10.871889],[106.528678,10.847507],[106.544806,10.843039],[106.545224,10.844787],[106.555707,10.843069],[106.557416,10.843335],[106.558062,10.844049],[106.562371,10.844731],[106.562622,10.842943],[106.563078,10.842603],[106.563232,10.84137],[106.564574,10.840777],[106.566179,10.841102],[106.56926,10.8428],[106.575759,10.842608],[106.576474,10.840114],[106.57658,10.838419],[106.578084,10.837305],[106.579035,10.835565],[106.580784,10.834218],[106.582116,10.832751],[106.584135,10.832545],[106.586068,10.833163],[106.589404,10.832391],[106.591075,10.831731],[106.593221,10.829384],[106.595214,10.829783],[106.598079,10.829463],[106.5975,10.827087],[106.600535,10.826096],[106.603277,10.826233]]]},"properties":{"name":"Xã Bà Điểm","short_name":"Bà Điểm","unit_type":"Xã","osm_id":"relation/7638094","population":null,"ref":null,"id":65,"area_km2":27.43,"density":null}},{"type":"Feature","geometry":{"type":"Polygon","coordinates":[[[106.624834,10.877149],[106.626532,10.879225],[106.627924,10.881226],[106.625333,10.882968],[106.625343,10.883421],[106.628658,10.885812],[106.629452,10.886898],[106.631276,10.891217],[106.632102,10.891776],[106.639656,10.891839],[106.642509,10.892408],[106.642853,10.893409],[106.643539,10.893925],[106.645878,10.894083],[106.646892,10.894578],[106.646852,10.894858],[106.649633,10.895358],[106.65227,10.894882],[106.652504,10.893075],[106.653226,10.89174],[106.654493,10.892053],[106.656149,10.892081],[106.657565,10.892498],[106.660609,10.892567],[106.663405,10.892963],[106.665535,10.892102],[106.66722,10.891733],[106.668883,10.890913],[106.669238,10.893955],[106.669674,10.894163],[106.670325,10.896167],[106.670708,10.899025],[106.670634,10.901165],[106.67344,10.901716],[106.677302,10.903033],[106.679668,10.90364],[106.681546,10.898394],[106.68488,10.899568],[106.688017,10.90126],[106.691393,10.903696],[106.692787,10.904199],[106.690943,10.909003],[106.687441,10.916779],[106.685293,10.920485],[106.683401,10.922312],[106.682262,10.922987],[106.680449,10.923521],[106.67768,10.923249],[106.670805,10.921067],[106.668942,10.920801],[106.667164,10.921069],[106.664294,10.92203],[106.661869,10.923092],[106.657293,10.925885],[106.656276,10.924667],[106.656067,10.922754],[106.655522,10.921683],[106.653504,10.919618],[106.651277,10.919991],[106.649006,10.919625],[106.646134,10.91982],[106.64528,10.919642],[106.642715,10.917719],[106.639078,10.916323],[106.637004,10.916062],[106.63111,10.916253],[106.629177,10.916054],[106.624557,10.915164],[106.622068,10.914458],[106.619061,10.913528],[106.617207,10.912618],[106.61441,10.912107],[106.613077,10.911628],[106.60762,10.910342],[106.607013,10.90959],[106.605481,10.909443],[106.601661,10.906728],[106.600904,10.906999],[106.600355,10.906516],[106.601257,10.901666],[106.601249,10.900897],[106.602176,10.899498],[106.601551,10.897931],[106.600901,10.897176],[106.598909,10.893216],[106.598033,10.89263],[106.599022,10.892278],[106.598244,10.890725],[106.59815,10.88937],[106.600776,10.888947],[106.60017,10.888019],[106.602397,10.88764],[106.601267,10.886158],[106.601002,10.884472],[106.598558,10.884751],[106.598845,10.883888],[106.60083,10.883935],[106.603582,10.883119],[106.606382,10.882881],[106.607735,10.882952],[106.610796,10.876909],[106.61266,10.873155],[106.614919,10.870337],[106.6194,10.871172],[106.624834,10.877149]]]},"properties":{"name":"Xã Đông Thạnh","short_name":"Đông Thạnh","unit_type":"Xã","osm_id":"relation/7638095","population":null,"ref":null,"id":66,"area_km2":30.4,"density":null}},{"type":"Feature","geometry":{"type":"Polygon","coordinates":[[[106.534879,10.871889],[106.541435,10.870683],[106.551262,10.869339],[106.557951,10.868261],[106.565133,10.871126],[106.567035,10.871787],[106.568802,10.871381],[106.571656,10.869935],[106.573436,10.868594],[106.575737,10.867348],[106.575477,10.86651],[106.577087,10.865304],[106.577019,10.862859],[106.57669,10.861284],[106.577264,10.861068],[106.577523,10.859646],[106.578311,10.859024],[106.580849,10.857655],[106.583846,10.857738],[106.587581,10.858749],[106.587809,10.859139],[106.589196,10.859162],[106.589187,10.860001],[106.59237,10.861683],[106.594544,10.862099],[106.596468,10.862693],[106.597051,10.860492],[106.598266,10.858253],[106.601801,10.857492],[106.601628,10.856505],[106.604226,10.855516],[106.606202,10.856895],[106.601328,10.863766],[106.593965,10.87416],[106.589541,10.880258],[106.583869,10.888478],[106.585067,10.889025],[106.586244,10.888938],[106.586979,10.890845],[106.589096,10.892232],[106.575488,10.90045],[106.563041,10.91823],[106.561375,10.917076],[106.538746,10.915964],[106.535849,10.916094],[106.520826,10.917993],[106.50124,10.92031],[106.49562,10.92084],[106.50368,10.916887],[106.531536,10.902666],[106.532547,10.901449],[106.532873,10.8999],[106.532054,10.897231],[106.527498,10.880064],[106.526448,10.87664],[106.525911,10.873644],[106.534879,10.871889]]]},"properties":{"name":"Xã Xuân Thới Sơn","short_name":"Xuân Thới Sơn","unit_type":"Xã","osm_id":"relation/7638253","population":null,"ref":null,"id":67,"area_km2":35.23,"density":null}},{"type":"Feature","geometry":{"type":"Polygon","coordinates":[[[106.737876,10.703479],[106.736321,10.703353],[106.734834,10.702067],[106.734187,10.698832],[106.733807,10.6983],[106.732282,10.697899],[106.729901,10.698307],[106.727044,10.699182],[106.726241,10.700438],[106.726137,10.702198],[106.724962,10.704723],[106.724589,10.706033],[106.725762,10.708837],[106.725802,10.710264],[106.7253,10.712035],[106.723952,10.713583],[106.723038,10.715836],[106.72341,10.717025],[106.724968,10.718851],[106.725252,10.719942],[106.724448,10.721128],[106.720827,10.722277],[106.719755,10.721221],[106.719078,10.719526],[106.717675,10.719026],[106.711384,10.720768],[106.7105,10.720617],[106.70867,10.719609],[106.70756,10.720535],[106.707387,10.723469],[106.706823,10.724502],[106.70615,10.724881],[106.70397,10.725385],[106.703031,10.725351],[106.699455,10.724372],[106.69714,10.724492],[106.692972,10.725579],[106.690094,10.72528],[106.689131,10.722309],[106.688981,10.720483],[106.689261,10.718103],[106.688382,10.71496],[106.688856,10.712116],[106.686918,10.711622],[106.685876,10.711645],[106.683467,10.713399],[106.680966,10.714565],[106.678664,10.711467],[106.678268,10.709949],[106.676748,10.709658],[106.676474,10.708847],[106.674872,10.705956],[106.673913,10.704998],[106.673477,10.703864],[106.674405,10.702643],[106.674483,10.70177],[106.673829,10.698049],[106.67381,10.696],[106.673279,10.69229],[106.675121,10.690086],[106.67565,10.688986],[106.675837,10.686817],[106.676216,10.685445],[106.676851,10.684543],[106.679482,10.682113],[106.680781,10.68297],[106.681637,10.683948],[106.684564,10.68515],[106.686138,10.686063],[106.687978,10.685595],[106.689643,10.685493],[106.690236,10.688626],[106.688992,10.688919],[106.690584,10.694348],[106.6921,10.693513],[106.693929,10.691692],[106.695027,10.691213],[106.69776,10.691909],[106.698817,10.691588],[106.701092,10.689088],[106.703199,10.68859],[106.704708,10.687268],[106.70755,10.68577],[106.708492,10.684695],[106.709141,10.682627],[106.709843,10.682277],[106.710703,10.682556],[106.712108,10.683916],[106.71285,10.683856],[106.713588,10.682079],[106.714392,10.681503],[106.716828,10.681628],[106.719244,10.680596],[106.720423,10.680605],[106.723017,10.681098],[106.72626,10.680596],[106.727058,10.679017],[106.727554,10.677258],[106.727126,10.674394],[106.72714,10.673142],[106.728204,10.669483],[106.729336,10.667397],[106.729923,10.666771],[106.731487,10.666242],[106.73874,10.665469],[106.739881,10.667162],[106.741804,10.668633],[106.743625,10.669607],[106.746313,10.670466],[106.748642,10.670599],[106.751012,10.670108],[106.76279,10.665818],[106.764889,10.665299],[106.76739,10.665206],[106.769855,10.66566],[106.771333,10.666207],[106.773876,10.668066],[106.775555,10.669755],[106.77779,10.672474],[106.779009,10.674268],[106.775358,10.676545],[106.770292,10.680299],[106.767237,10.682886],[106.764819,10.685098],[106.762504,10.687415],[106.758205,10.692344],[106.755838,10.695525],[106.754782,10.697263],[106.75327,10.700476],[106.751906,10.705121],[106.749548,10.704611],[106.74593,10.703381],[106.74498,10.703227],[106.737876,10.703479]]]},"properties":{"name":"Xã Nhà Bè","short_name":"Nhà Bè","unit_type":"Xã","osm_id":"relation/7650792","population":null,"ref":null,"id":68,"area_km2":37.46,"density":null}},{"type":"Feature","geometry":{"type":"Polygon","coordinates":[[[106.678379,10.668774],[106.678535,10.665756],[106.679059,10.663969],[106.679802,10.662957],[106.680964,10.6623],[106.683609,10.661484],[106.684687,10.660628],[106.685298,10.659232],[106.685703,10.656658],[106.686973,10.656102],[106.68846,10.653427],[106.690192,10.651405],[106.690824,10.648948],[106.692173,10.648509],[106.696271,10.649863],[106.697678,10.65208],[106.698741,10.652954],[106.700445,10.653852],[106.701686,10.653677],[106.703979,10.652813],[106.705373,10.650996],[106.706866,10.650177],[106.708017,10.649905],[106.709385,10.65003],[106.711185,10.65055],[106.712331,10.650279],[106.715746,10.648157],[106.717411,10.646623],[106.718694,10.645742],[106.719953,10.645576],[106.720926,10.645921],[106.722096,10.645799],[106.722928,10.645195],[106.723704,10.641278],[106.725388,10.639137],[106.725705,10.638367],[106.726854,10.637566],[106.72977,10.636438],[106.73073,10.635374],[106.731205,10.6341],[106.731327,10.632716],[106.732527,10.630663],[106.73324,10.628884],[106.732216,10.627884],[106.731438,10.627756],[106.730329,10.628543],[106.729278,10.62857],[106.728966,10.627979],[106.728332,10.625065],[106.728738,10.624073],[106.731399,10.623701],[106.731718,10.622584],[106.729798,10.619987],[106.729887,10.617702],[106.728911,10.616248],[106.727956,10.616827],[106.727603,10.615671],[106.728567,10.613029],[106.729274,10.611907],[106.730398,10.612435],[106.73169,10.612055],[106.732795,10.60996],[106.731087,10.608839],[106.729011,10.609389],[106.728297,10.609038],[106.72729,10.609984],[106.726589,10.611265],[106.725284,10.6113],[106.72409,10.611911],[106.722915,10.610433],[106.722225,10.607188],[106.721775,10.606767],[106.719957,10.606613],[106.718937,10.605922],[106.719115,10.604082],[106.720389,10.601627],[106.721739,10.600207],[106.721783,10.59943],[106.720365,10.597366],[106.720381,10.596],[106.721187,10.595172],[106.722873,10.594056],[106.723559,10.593111],[106.723651,10.590491],[106.723242,10.588337],[106.724171,10.587102],[106.724917,10.58559],[106.725969,10.585244],[106.726952,10.585588],[106.72683,10.583797],[106.728622,10.580127],[106.730971,10.579706],[106.732754,10.580269],[106.733443,10.581268],[106.734799,10.582304],[106.734752,10.585223],[106.735555,10.586369],[106.736842,10.586397],[106.738739,10.58527],[106.7394,10.583906],[106.739367,10.582141],[106.73867,10.58118],[106.737583,10.580633],[106.736637,10.579697],[106.735059,10.578729],[106.735564,10.577409],[106.736765,10.577084],[106.738047,10.578454],[106.740136,10.579054],[106.741755,10.578986],[106.743109,10.578296],[106.745648,10.576363],[106.746888,10.577722],[106.749216,10.579532],[106.751184,10.580555],[106.754014,10.581426],[106.755859,10.581672],[106.758096,10.581652],[106.760952,10.58111],[106.762615,10.580503],[106.766324,10.578618],[106.770059,10.57727],[106.772212,10.576849],[106.775031,10.576816],[106.777427,10.577249],[106.778529,10.577691],[106.780155,10.578917],[106.781139,10.580412],[106.782419,10.583108],[106.78345,10.586794],[106.783741,10.591044],[106.783469,10.593594],[106.782732,10.596496],[106.781724,10.599079],[106.779963,10.602542],[106.778668,10.604612],[106.775377,10.608971],[106.773062,10.612735],[106.771892,10.615447],[106.771295,10.617304],[106.770668,10.621443],[106.77059,10.623535],[106.770828,10.62829],[106.771398,10.63271],[106.771399,10.634568],[106.770892,10.636979],[106.770287,10.638419],[106.769086,10.640271],[106.767768,10.641638],[106.766182,10.64287],[106.76264,10.644913],[106.759317,10.646124],[106.752415,10.648085],[106.748766,10.649544],[106.746539,10.650875],[106.744202,10.652748],[106.74268,10.654358],[106.741068,10.656545],[106.73998,10.65844],[106.738846,10.661104],[106.738459,10.663613],[106.73874,10.665469],[106.731487,10.666242],[106.729923,10.666771],[106.729336,10.667397],[106.728204,10.669483],[106.72714,10.673142],[106.727126,10.674394],[106.727554,10.677258],[106.727058,10.679017],[106.72626,10.680596],[106.723017,10.681098],[106.720423,10.680605],[106.719244,10.680596],[106.716828,10.681628],[106.714392,10.681503],[106.713588,10.682079],[106.71285,10.683856],[106.712108,10.683916],[106.710703,10.682556],[106.709843,10.682277],[106.709141,10.682627],[106.708492,10.684695],[106.70755,10.68577],[106.704708,10.687268],[106.703199,10.68859],[106.701092,10.689088],[106.698817,10.691588],[106.69776,10.691909],[106.695027,10.691213],[106.693929,10.691692],[106.6921,10.693513],[106.690584,10.694348],[106.688992,10.688919],[106.690236,10.688626],[106.689643,10.685493],[106.687978,10.685595],[106.686138,10.686063],[106.684564,10.68515],[106.681637,10.683948],[106.680781,10.68297],[106.679482,10.682113],[106.680727,10.68],[106.681355,10.678102],[106.681293,10.676572],[106.679415,10.673177],[106.678738,10.67136],[106.678379,10.668774]]]},"properties":{"name":"Xã Hiệp Phước","short_name":"Hiệp Phước","unit_type":"Xã","osm_id":"relation/7650793","population":null,"ref":null,"id":69,"area_km2":63.67,"density":null}},{"type":"Feature","geometry":{"type":"Polygon","coordinates":[[[107.244197,10.42486],[107.244031,10.421076],[107.24818,10.409686],[107.254576,10.37952],[107.25717,10.38038],[107.257942,10.381617],[107.259301,10.382442],[107.260057,10.384089],[107.262196,10.38807],[107.266211,10.393853],[107.267562,10.395391],[107.269002,10.395418],[107.270636,10.396638],[107.272637,10.39845],[107.273445,10.400001],[107.275146,10.402475],[107.277311,10.404372],[107.277562,10.404218],[107.278895,10.406354],[107.280687,10.408785],[107.285793,10.414867],[107.287734,10.417303],[107.290596,10.420173],[107.293139,10.422511],[107.295866,10.425424],[107.298748,10.427958],[107.30301,10.431312],[107.305605,10.433584],[107.307501,10.435661],[107.308246,10.436088],[107.312281,10.439323],[107.312867,10.439576],[107.314502,10.441186],[107.315781,10.441873],[107.31839,10.44413],[107.322611,10.447141],[107.32479,10.448243],[107.327102,10.44904],[107.329414,10.448694],[107.331185,10.445223],[107.331426,10.44535],[107.329487,10.449068],[107.333759,10.449631],[107.333317,10.445498],[107.33371,10.447232],[107.334688,10.447631],[107.33501,10.448449],[107.336233,10.449894],[107.33707,10.449821],[107.338554,10.451881],[107.340937,10.453677],[107.343547,10.454604],[107.345114,10.455563],[107.346716,10.456128],[107.348639,10.457235],[107.347581,10.459188],[107.35029,10.461363],[107.351775,10.463023],[107.356703,10.465251],[107.361495,10.467194],[107.365837,10.469534],[107.366999,10.470584],[107.368401,10.473658],[107.368632,10.47491],[107.368168,10.475598],[107.367007,10.475551],[107.365277,10.474851],[107.364174,10.475373],[107.363335,10.476206],[107.362834,10.477607],[107.36301,10.478357],[107.364356,10.479114],[107.366568,10.47797],[107.36776,10.478616],[107.369004,10.481087],[107.369785,10.482146],[107.370978,10.482255],[107.371727,10.481768],[107.372895,10.482235],[107.373337,10.483882],[107.373036,10.484833],[107.371102,10.484963],[107.37074,10.485372],[107.370905,10.487447],[107.372588,10.488506],[107.373019,10.489125],[107.371244,10.490025],[107.370651,10.490626],[107.370814,10.491414],[107.372391,10.490835],[107.373494,10.490751],[107.376479,10.492256],[107.376874,10.49273],[107.376512,10.494193],[107.376694,10.49511],[107.375673,10.496697],[107.374572,10.496774],[107.374722,10.495336],[107.371898,10.495289],[107.372019,10.496642],[107.370248,10.496742],[107.36924,10.497375],[107.366831,10.496605],[107.365935,10.496797],[107.364796,10.496256],[107.364092,10.495023],[107.362105,10.494194],[107.36095,10.49481],[107.357323,10.4945],[107.355402,10.494651],[107.353187,10.493263],[107.349461,10.491694],[107.347259,10.490526],[107.34768,10.489542],[107.3454,10.488065],[107.343979,10.487896],[107.342316,10.486625],[107.340229,10.486177],[107.33862,10.485549],[107.336254,10.483487],[107.333593,10.482152],[107.333025,10.481532],[107.33057,10.480454],[107.330359,10.480758],[107.326561,10.482384],[107.325101,10.482423],[107.322551,10.483162],[107.320354,10.485161],[107.318906,10.486164],[107.318206,10.485752],[107.315982,10.486522],[107.314971,10.486211],[107.312509,10.487514],[107.311857,10.485971],[107.310462,10.484647],[107.309609,10.484294],[107.308268,10.483128],[107.307336,10.481018],[107.305918,10.480974],[107.304314,10.481688],[107.303537,10.481139],[107.301859,10.480966],[107.301804,10.482836],[107.301423,10.484939],[107.300909,10.486463],[107.299909,10.486711],[107.299195,10.487833],[107.297398,10.488308],[107.295888,10.487949],[107.295861,10.485979],[107.295519,10.482086],[107.295644,10.478747],[107.295395,10.476869],[107.295705,10.475965],[107.295476,10.474245],[107.293387,10.473705],[107.291856,10.473541],[107.290504,10.47281],[107.288337,10.472129],[107.286741,10.473549],[107.285914,10.473707],[107.285083,10.472952],[107.284788,10.471919],[107.282517,10.47198],[107.281591,10.469308],[107.280207,10.469859],[107.278662,10.469811],[107.277788,10.469236],[107.276675,10.467696],[107.276289,10.466728],[107.274389,10.466314],[107.274145,10.465101],[107.272,10.464309],[107.271774,10.463017],[107.268942,10.461814],[107.267456,10.462284],[107.266464,10.461239],[107.264237,10.461097],[107.262907,10.459873],[107.260514,10.459691],[107.257269,10.462097],[107.257318,10.461119],[107.256385,10.457297],[107.255714,10.455965],[107.255843,10.455142],[107.255113,10.453591],[107.255199,10.452958],[107.254544,10.451523],[107.250108,10.445936],[107.250897,10.444939],[107.250575,10.444179],[107.252012,10.444654],[107.253643,10.443525],[107.253665,10.442871],[107.252388,10.439737],[107.250929,10.438978],[107.250779,10.438487],[107.25166,10.437515],[107.251604,10.435553],[107.252342,10.434444],[107.254283,10.434792],[107.255353,10.434677],[107.254507,10.433111],[107.255179,10.432397],[107.256277,10.430251],[107.252935,10.427273],[107.247656,10.427648],[107.245301,10.426305],[107.244197,10.42486]]]},"properties":{"name":"Xã Phước Hải","short_name":"Phước Hải","unit_type":"Xã","osm_id":"relation/7867844","population":null,"ref":null,"id":70,"area_km2":69.46,"density":null}},{"type":"Feature","geometry":{"type":"Polygon","coordinates":[[[107.171651,10.559529],[107.17228,10.561121],[107.172728,10.561483],[107.172862,10.560193],[107.173665,10.56187],[107.172843,10.563384],[107.172523,10.564574],[107.172834,10.565056],[107.174152,10.564414],[107.174322,10.564728],[107.173487,10.566062],[107.173076,10.568315],[107.172172,10.567973],[107.172293,10.569042],[107.17092,10.569645],[107.171101,10.57023],[107.172105,10.570586],[107.172695,10.571757],[107.170907,10.570994],[107.171302,10.572146],[107.170338,10.572699],[107.170258,10.5736],[107.169488,10.574739],[107.170612,10.574364],[107.170365,10.575812],[107.169762,10.577214],[107.17006,10.577707],[107.16924,10.579593],[107.168122,10.579402],[107.168467,10.580482],[107.169466,10.581005],[107.169748,10.58139],[107.168876,10.581914],[107.169293,10.58302],[107.168785,10.584484],[107.168258,10.583813],[107.167868,10.584408],[107.166535,10.584133],[107.166492,10.584782],[107.16738,10.584842],[107.167398,10.585995],[107.16593,10.587278],[107.166249,10.587668],[107.166359,10.590398],[107.166977,10.589452],[107.167667,10.58926],[107.167348,10.590571],[107.166561,10.591868],[107.167588,10.592604],[107.167376,10.59406],[107.166874,10.594886],[107.168161,10.598383],[107.167868,10.599259],[107.167276,10.598754],[107.166453,10.599174],[107.166242,10.600218],[107.165483,10.600907],[107.164177,10.601257],[107.164616,10.602078],[107.164145,10.602529],[107.163771,10.604373],[107.163289,10.604674],[107.163439,10.605645],[107.162437,10.605562],[107.162047,10.606598],[107.161332,10.606023],[107.160415,10.6064],[107.161143,10.607141],[107.162366,10.607154],[107.161748,10.607646],[107.162496,10.608362],[107.162145,10.609104],[107.162483,10.609948],[107.161202,10.610088],[107.160291,10.610619],[107.159946,10.611527],[107.160428,10.612051],[107.16022,10.613234],[107.161462,10.613828],[107.162262,10.616008],[107.163504,10.616276],[107.163998,10.617446],[107.16515,10.61728],[107.164748,10.619426],[107.162789,10.620347],[107.15972,10.619727],[107.158701,10.61844],[107.158358,10.617407],[107.158594,10.616521],[107.157843,10.615203],[107.156823,10.615193],[107.156063,10.616364],[107.153521,10.61881],[107.149766,10.617365],[107.144918,10.614739],[107.144272,10.616778],[107.142631,10.616205],[107.141279,10.616184],[107.140174,10.617777],[107.138586,10.617154],[107.13717,10.617197],[107.137741,10.618038],[107.138608,10.618101],[107.139723,10.619105],[107.139434,10.619511],[107.140689,10.620239],[107.141424,10.620075],[107.142411,10.620866],[107.142631,10.621552],[107.139724,10.621458],[107.137481,10.621157],[107.134017,10.620203],[107.131355,10.619886],[107.130743,10.621531],[107.129241,10.622543],[107.127274,10.622533],[107.126012,10.621404],[107.125235,10.619507],[107.121488,10.619585],[107.1214,10.618373],[107.111428,10.619751],[107.111716,10.622061],[107.112602,10.625351],[107.113025,10.626368],[107.112607,10.627578],[107.110723,10.627467],[107.108368,10.626861],[107.105702,10.626703],[107.104401,10.62712],[107.102924,10.626598],[107.100882,10.626229],[107.099717,10.626744],[107.097705,10.628167],[107.094421,10.629176],[107.091535,10.628327],[107.088402,10.628754],[107.087098,10.628706],[107.084749,10.627942],[107.08373,10.628257],[107.082881,10.627851],[107.081879,10.627745],[107.080614,10.626956],[107.080014,10.626059],[107.080684,10.624842],[107.078353,10.623637],[107.078867,10.622114],[107.080219,10.620877],[107.081118,10.620802],[107.081864,10.618113],[107.081348,10.61735],[107.083656,10.616655],[107.084512,10.616085],[107.084057,10.614489],[107.083677,10.61425],[107.083819,10.613031],[107.082858,10.61298],[107.082806,10.611106],[107.081744,10.608955],[107.078116,10.609657],[107.077505,10.607395],[107.078105,10.607265],[107.077898,10.606088],[107.0767,10.605307],[107.078828,10.604531],[107.081626,10.60418],[107.083936,10.603069],[107.083442,10.602646],[107.084547,10.601058],[107.085256,10.599596],[107.084824,10.598482],[107.085117,10.597788],[107.087837,10.594586],[107.09101,10.59006],[107.091992,10.588196],[107.096406,10.583105],[107.097115,10.582994],[107.099078,10.584339],[107.098776,10.582969],[107.097455,10.5805],[107.098116,10.579548],[107.10079,10.579262],[107.101905,10.578805],[107.104756,10.571619],[107.107166,10.565715],[107.107048,10.561812],[107.113717,10.558681],[107.114199,10.558349],[107.114096,10.556894],[107.114409,10.556651],[107.117558,10.556457],[107.117956,10.556596],[107.118657,10.555348],[107.120435,10.55428],[107.119623,10.553463],[107.121192,10.553542],[107.122176,10.554412],[107.122933,10.554349],[107.127106,10.555238],[107.13321,10.557073],[107.141891,10.548645],[107.143704,10.544975],[107.144777,10.541969],[107.148353,10.535881],[107.15155,10.536033],[107.155252,10.533953],[107.157009,10.532559],[107.156871,10.534842],[107.16026,10.538053],[107.166386,10.536817],[107.170074,10.534818],[107.171148,10.535018],[107.171006,10.538486],[107.171583,10.541259],[107.171003,10.545755],[107.170467,10.54899],[107.169611,10.555558],[107.168454,10.558315],[107.168358,10.559649],[107.17009,10.55933],[107.17056,10.559709],[107.171651,10.559529]]]},"properties":{"name":"Xã Châu Pha","short_name":"Châu Pha","unit_type":"Xã","osm_id":"relation/8051119","population":null,"ref":null,"id":71,"area_km2":66.43,"density":null}},{"type":"Feature","geometry":{"type":"Polygon","coordinates":[[[107.112788,10.477321],[107.11522,10.477202],[107.116554,10.476559],[107.117721,10.474978],[107.119789,10.474844],[107.122033,10.47759],[107.122528,10.478632],[107.12084,10.48017],[107.120619,10.481204],[107.122325,10.482603],[107.122873,10.48355],[107.122661,10.484463],[107.121256,10.485027],[107.121477,10.486426],[107.122465,10.488347],[107.123322,10.48877],[107.124244,10.489794],[107.126598,10.49052],[107.126258,10.491469],[107.124787,10.491795],[107.124629,10.493218],[107.123419,10.49412],[107.123939,10.497051],[107.123513,10.497166],[107.123954,10.499865],[107.124457,10.499867],[107.124455,10.50483],[107.124569,10.507477],[107.124266,10.510669],[107.125516,10.512068],[107.126307,10.512045],[107.126164,10.510669],[107.126979,10.510365],[107.128205,10.510995],[107.129547,10.510158],[107.129925,10.51126],[107.130732,10.511362],[107.13124,10.510658],[107.132087,10.511119],[107.132452,10.512144],[107.133494,10.511631],[107.134367,10.513898],[107.135956,10.514014],[107.135526,10.515551],[107.136555,10.518202],[107.137024,10.518791],[107.137246,10.52052],[107.139265,10.523812],[107.140515,10.526335],[107.141453,10.527731],[107.142535,10.52841],[107.146059,10.533208],[107.148353,10.535881],[107.144777,10.541969],[107.143704,10.544975],[107.141891,10.548645],[107.13321,10.557073],[107.127106,10.555238],[107.122933,10.554349],[107.122176,10.554412],[107.121192,10.553542],[107.119623,10.553463],[107.120435,10.55428],[107.118657,10.555348],[107.117956,10.556596],[107.117558,10.556457],[107.114409,10.556651],[107.114096,10.556894],[107.113357,10.554998],[107.112335,10.553388],[107.109551,10.550916],[107.107932,10.55119],[107.106164,10.549988],[107.104088,10.54642],[107.10434,10.545724],[107.102823,10.544934],[107.102496,10.544428],[107.101942,10.541898],[107.100805,10.540611],[107.099464,10.540211],[107.099759,10.538575],[107.099453,10.537409],[107.09739,10.536358],[107.096309,10.533255],[107.096197,10.531588],[107.094917,10.529326],[107.093983,10.529173],[107.089597,10.526355],[107.088076,10.528429],[107.087369,10.52703],[107.085587,10.525942],[107.084532,10.527454],[107.081823,10.526842],[107.079889,10.526612],[107.078663,10.526168],[107.078961,10.525424],[107.078322,10.52535],[107.078778,10.524048],[107.078537,10.521827],[107.078864,10.519454],[107.080377,10.518183],[107.080784,10.517334],[107.080227,10.516036],[107.080366,10.515319],[107.078167,10.513642],[107.077834,10.510414],[107.077013,10.510087],[107.076134,10.510946],[107.075517,10.513151],[107.074771,10.512935],[107.0749,10.511263],[107.074428,10.510271],[107.07247,10.510261],[107.071949,10.50958],[107.070276,10.509216],[107.069433,10.509633],[107.068071,10.509538],[107.067588,10.50881],[107.067137,10.506078],[107.066333,10.505239],[107.065201,10.505187],[107.0635,10.506147],[107.062422,10.506157],[107.062014,10.505477],[107.062326,10.502623],[107.061574,10.500914],[107.059794,10.499332],[107.058259,10.498536],[107.059064,10.497052],[107.058511,10.494493],[107.055678,10.492509],[107.052202,10.488247],[107.048247,10.484784],[107.046788,10.482695],[107.045693,10.479324],[107.045256,10.476819],[107.047338,10.476568],[107.048042,10.476731],[107.0504,10.478183],[107.052094,10.478333],[107.056613,10.477439],[107.059542,10.47732],[107.061983,10.478231],[107.064815,10.480383],[107.06709,10.483295],[107.06829,10.484034],[107.069235,10.484181],[107.071124,10.483126],[107.074819,10.47833],[107.076922,10.478162],[107.080951,10.480172],[107.086144,10.480299],[107.088461,10.481692],[107.089373,10.481789],[107.090483,10.481242],[107.095671,10.479286],[107.099104,10.476543],[107.103739,10.474475],[107.105625,10.47462],[107.10789,10.476527],[107.111004,10.477571],[107.112788,10.477321]]]},"properties":{"name":"Phường Tân Hải","short_name":"Tân Hải","unit_type":"Phường","osm_id":"relation/8051120","population":30297,"ref":null,"id":72,"area_km2":52.01,"density":583}},{"type":"Feature","geometry":{"type":"Polygon","coordinates":[[[107.18464,10.541826],[107.184958,10.542152],[107.185962,10.541245],[107.186403,10.541675],[107.187479,10.541516],[107.189734,10.540414],[107.190668,10.540547],[107.191084,10.542177],[107.192532,10.542566],[107.192405,10.543158],[107.194026,10.543889],[107.196546,10.544167],[107.196263,10.545183],[107.19681,10.546991],[107.196427,10.548858],[107.196993,10.54986],[107.196357,10.551673],[107.196819,10.551855],[107.195205,10.552615],[107.19634,10.553898],[107.196957,10.553539],[107.198105,10.554694],[107.198866,10.55424],[107.198716,10.551783],[107.200283,10.551883],[107.200234,10.552375],[107.201995,10.553358],[107.201939,10.553808],[107.204248,10.554273],[107.204318,10.553547],[107.205248,10.554377],[107.206178,10.553465],[107.208375,10.554154],[107.210885,10.551532],[107.211883,10.5516],[107.212284,10.550788],[107.213345,10.551329],[107.213775,10.55379],[107.214526,10.554472],[107.215752,10.55476],[107.217777,10.55397],[107.219817,10.561847],[107.220235,10.563197],[107.226399,10.562349],[107.228839,10.561284],[107.227297,10.554305],[107.226678,10.552462],[107.227217,10.551045],[107.229671,10.550179],[107.231232,10.550733],[107.233884,10.549802],[107.237497,10.54527],[107.240827,10.541711],[107.241447,10.539974],[107.242208,10.538726],[107.243019,10.538141],[107.246476,10.540298],[107.247201,10.541851],[107.246981,10.542832],[107.247654,10.543026],[107.247181,10.544345],[107.247901,10.545105],[107.249179,10.545296],[107.248749,10.545669],[107.248583,10.547688],[107.247131,10.548876],[107.248762,10.549093],[107.252349,10.557727],[107.257764,10.565149],[107.260067,10.567132],[107.261219,10.567579],[107.262709,10.566975],[107.264407,10.567798],[107.265612,10.567854],[107.269148,10.57053],[107.271573,10.569076],[107.272468,10.569713],[107.273692,10.569492],[107.273734,10.573496],[107.275288,10.573894],[107.275613,10.576703],[107.276458,10.57673],[107.27667,10.575326],[107.277815,10.574486],[107.279157,10.574624],[107.280545,10.572589],[107.28148,10.572051],[107.282054,10.570893],[107.283106,10.571052],[107.284436,10.570732],[107.28498,10.571358],[107.285067,10.572429],[107.286347,10.572386],[107.287393,10.571422],[107.287461,10.570016],[107.288783,10.568229],[107.288722,10.566623],[107.290353,10.566397],[107.291347,10.566918],[107.294268,10.566287],[107.295371,10.565663],[107.295234,10.564556],[107.296171,10.56303],[107.297276,10.562645],[107.297765,10.561496],[107.299079,10.561076],[107.299359,10.560318],[107.300279,10.559678],[107.302682,10.559401],[107.305044,10.559659],[107.306443,10.562367],[107.306946,10.562397],[107.306758,10.562826],[107.30524,10.562958],[107.304497,10.563541],[107.303775,10.566072],[107.304391,10.569081],[107.30394,10.570719],[107.304297,10.571123],[107.304133,10.572434],[107.305479,10.572833],[107.305323,10.573829],[107.306067,10.575842],[107.304466,10.577631],[107.304872,10.578682],[107.304143,10.579035],[107.303632,10.580325],[107.301289,10.581237],[107.300338,10.581862],[107.299942,10.583173],[107.300162,10.583735],[107.298416,10.584542],[107.296794,10.585868],[107.295581,10.58754],[107.295569,10.588772],[107.296896,10.588169],[107.297241,10.588816],[107.298252,10.588375],[107.298195,10.590646],[107.298875,10.591442],[107.298784,10.593356],[107.299143,10.594582],[107.296962,10.594917],[107.296354,10.596493],[107.296803,10.597826],[107.298017,10.598157],[107.300152,10.598104],[107.300557,10.598642],[107.30385,10.599345],[107.304475,10.600683],[107.30498,10.600791],[107.305141,10.602491],[107.306897,10.602628],[107.307054,10.603964],[107.30826,10.605106],[107.30916,10.605039],[107.30927,10.603787],[107.31014,10.604318],[107.310854,10.605396],[107.310044,10.605976],[107.310655,10.606802],[107.309918,10.607015],[107.309223,10.608824],[107.309588,10.609275],[107.308129,10.611075],[107.308721,10.612124],[107.3076,10.612604],[107.306071,10.612493],[107.304942,10.613102],[107.304974,10.614798],[107.305393,10.615562],[107.304985,10.616087],[107.306659,10.617191],[107.307434,10.617065],[107.307396,10.617795],[107.305819,10.618507],[107.303295,10.617792],[107.303062,10.618531],[107.302163,10.618452],[107.3012,10.617576],[107.300693,10.616506],[107.298556,10.615383],[107.297359,10.615515],[107.295206,10.613664],[107.292432,10.612188],[107.291995,10.611339],[107.289884,10.611202],[107.289114,10.610616],[107.288192,10.609267],[107.285976,10.607771],[107.285338,10.608995],[107.284831,10.60917],[107.281334,10.61217],[107.280808,10.613126],[107.280224,10.613008],[107.279245,10.611137],[107.278761,10.61108],[107.278007,10.609831],[107.278184,10.60923],[107.277685,10.60807],[107.276433,10.608561],[107.276143,10.610585],[107.274137,10.610788],[107.272686,10.610093],[107.270792,10.611071],[107.269916,10.611158],[107.268491,10.612393],[107.266557,10.613102],[107.265803,10.614347],[107.264092,10.614866],[107.262952,10.613954],[107.261927,10.614442],[107.259876,10.614819],[107.259908,10.615908],[107.259245,10.616055],[107.259829,10.61942],[107.259041,10.62123],[107.259118,10.622071],[107.257971,10.622652],[107.258091,10.625596],[107.257747,10.626949],[107.252872,10.628205],[107.252314,10.628287],[107.247119,10.609248],[107.248924,10.608763],[107.247717,10.604265],[107.24964,10.603735],[107.248426,10.599181],[107.246943,10.599574],[107.245078,10.592473],[107.25354,10.592393],[107.253087,10.591866],[107.252994,10.590283],[107.252032,10.5892],[107.252007,10.585642],[107.252776,10.584067],[107.241788,10.584042],[107.240183,10.584098],[107.22787,10.58421],[107.226782,10.58173],[107.224812,10.582309],[107.221609,10.582948],[107.218396,10.583765],[107.215753,10.58479],[107.214062,10.58452],[107.208475,10.584655],[107.198971,10.584753],[107.197233,10.58527],[107.195533,10.587036],[107.194792,10.58668],[107.192142,10.586822],[107.189583,10.585739],[107.186895,10.585971],[107.184994,10.586635],[107.184117,10.587263],[107.183213,10.588689],[107.182277,10.58871],[107.182293,10.589377],[107.181043,10.59011],[107.179761,10.590369],[107.177883,10.589907],[107.177038,10.590174],[107.175735,10.589997],[107.174766,10.588528],[107.173192,10.588186],[107.173549,10.587097],[107.172562,10.586501],[107.172824,10.585984],[107.17247,10.584083],[107.171518,10.583569],[107.171513,10.582425],[107.170421,10.582317],[107.169912,10.58084],[107.169466,10.581005],[107.168467,10.580482],[107.168122,10.579402],[107.16924,10.579593],[107.17006,10.577707],[107.169762,10.577214],[107.170365,10.575812],[107.170612,10.574364],[107.169488,10.574739],[107.170258,10.5736],[107.170338,10.572699],[107.171302,10.572146],[107.170907,10.570994],[107.172695,10.571757],[107.172105,10.570586],[107.171101,10.57023],[107.17092,10.569645],[107.172293,10.569042],[107.172172,10.567973],[107.173076,10.568315],[107.173487,10.566062],[107.174322,10.564728],[107.174152,10.564414],[107.172834,10.565056],[107.172523,10.564574],[107.172843,10.563384],[107.173665,10.56187],[107.172862,10.560193],[107.172728,10.561483],[107.17228,10.561121],[107.171651,10.559529],[107.172478,10.558718],[107.171743,10.558555],[107.172934,10.557811],[107.173841,10.557737],[107.174597,10.556704],[107.174216,10.555354],[107.174656,10.555106],[107.174946,10.553777],[107.174356,10.553492],[107.175348,10.551926],[107.17596,10.552775],[107.176427,10.552495],[107.175976,10.551731],[107.177033,10.551715],[107.176909,10.550586],[107.178154,10.550317],[107.177322,10.550022],[107.178768,10.548671],[107.17813,10.548024],[107.178696,10.546441],[107.179506,10.546837],[107.180943,10.545634],[107.180922,10.544595],[107.181576,10.544416],[107.181652,10.543657],[107.182821,10.542185],[107.183567,10.541668],[107.18464,10.541826]]]},"properties":{"name":"Xã Nghĩa Thành","short_name":"Nghĩa Thành","unit_type":"Xã","osm_id":"relation/8077536","population":null,"ref":null,"id":73,"area_km2":65.38,"density":null}},{"type":"Feature","geometry":{"type":"Polygon","coordinates":[[[107.082881,10.627851],[107.08373,10.628257],[107.084749,10.627942],[107.087098,10.628706],[107.088402,10.628754],[107.091535,10.628327],[107.094421,10.629176],[107.097705,10.628167],[107.099717,10.626744],[107.100882,10.626229],[107.102924,10.626598],[107.104401,10.62712],[107.105702,10.626703],[107.108368,10.626861],[107.110723,10.627467],[107.112607,10.627578],[107.113025,10.626368],[107.112602,10.625351],[107.111716,10.622061],[107.111428,10.619751],[107.1214,10.618373],[107.121488,10.619585],[107.125235,10.619507],[107.126012,10.621404],[107.127274,10.622533],[107.129241,10.622543],[107.130743,10.621531],[107.131355,10.619886],[107.134017,10.620203],[107.137481,10.621157],[107.139724,10.621458],[107.142631,10.621552],[107.142411,10.620866],[107.141424,10.620075],[107.140689,10.620239],[107.139434,10.619511],[107.139723,10.619105],[107.138608,10.618101],[107.137741,10.618038],[107.13717,10.617197],[107.138586,10.617154],[107.140174,10.617777],[107.141279,10.616184],[107.142631,10.616205],[107.144272,10.616778],[107.144918,10.614739],[107.149766,10.617365],[107.153521,10.61881],[107.156063,10.616364],[107.156823,10.615193],[107.157843,10.615203],[107.158594,10.616521],[107.158358,10.617407],[107.158701,10.61844],[107.15972,10.619727],[107.162789,10.620347],[107.164748,10.619426],[107.164132,10.621246],[107.166265,10.625951],[107.164808,10.633519],[107.16418,10.641214],[107.164768,10.642362],[107.164777,10.643311],[107.165323,10.644724],[107.166148,10.645535],[107.166088,10.646297],[107.167656,10.647316],[107.166415,10.648771],[107.16612,10.649973],[107.167252,10.650579],[107.166746,10.65095],[107.166847,10.651989],[107.167583,10.652595],[107.166764,10.652739],[107.167518,10.653309],[107.167068,10.654213],[107.167408,10.655325],[107.166212,10.655307],[107.165992,10.656554],[107.165467,10.657286],[107.164851,10.659302],[107.165587,10.659636],[107.164971,10.660649],[107.165973,10.661083],[107.165412,10.661806],[107.165265,10.663144],[107.166139,10.663578],[107.166405,10.665846],[107.166727,10.66619],[107.16624,10.667772],[107.165431,10.668441],[107.165293,10.66957],[107.164382,10.670004],[107.163435,10.671911],[107.163195,10.673195],[107.161724,10.673801],[107.160316,10.676476],[107.159479,10.677606],[107.159995,10.679477],[107.159783,10.680507],[107.16051,10.681158],[107.163195,10.682225],[107.164532,10.684087],[107.165429,10.684469],[107.165552,10.685666],[107.166587,10.687304],[107.166342,10.689613],[107.166594,10.690797],[107.165906,10.691692],[107.16566,10.692979],[107.165939,10.693933],[107.165607,10.696506],[107.165184,10.697201],[107.165225,10.699156],[107.164766,10.700115],[107.165134,10.700398],[107.16573,10.703195],[107.16573,10.704712],[107.166161,10.705248],[107.166002,10.706336],[107.166367,10.707048],[107.16381,10.709337],[107.163729,10.710436],[107.165282,10.713524],[107.16538,10.716673],[107.16411,10.714893],[107.162938,10.714906],[107.162459,10.713961],[107.16117,10.713031],[107.161307,10.711754],[107.160907,10.711746],[107.160585,10.710397],[107.152895,10.710304],[107.1514,10.709976],[107.144412,10.709811],[107.139767,10.709623],[107.139353,10.709622],[107.138519,10.708362],[107.137276,10.708176],[107.137802,10.705666],[107.137175,10.704025],[107.136869,10.700401],[107.136408,10.699678],[107.134905,10.696128],[107.134218,10.694912],[107.134463,10.693195],[107.133803,10.690097],[107.133931,10.68802],[107.133838,10.685071],[107.132382,10.683935],[107.130845,10.683374],[107.129677,10.683745],[107.128049,10.682764],[107.126004,10.682282],[107.125048,10.682453],[107.125304,10.681813],[107.123429,10.679414],[107.12291,10.679518],[107.123048,10.677419],[107.122745,10.676212],[107.121339,10.674179],[107.121211,10.673157],[107.119706,10.67325],[107.11944,10.672326],[107.118271,10.672385],[107.117465,10.671052],[107.116644,10.670535],[107.116009,10.670901],[107.115465,10.670374],[107.114462,10.670529],[107.113186,10.66995],[107.111099,10.669717],[107.110029,10.668821],[107.10965,10.667883],[107.108557,10.667078],[107.107156,10.66507],[107.105117,10.663914],[107.103728,10.663956],[107.1014,10.662777],[107.100777,10.658931],[107.099023,10.656921],[107.096685,10.652134],[107.096489,10.651959],[107.093697,10.653106],[107.090765,10.653246],[107.089303,10.651965],[107.088521,10.650817],[107.086794,10.649579],[107.084604,10.648977],[107.082717,10.649502],[107.079889,10.649338],[107.077716,10.648726],[107.076223,10.64698],[107.075163,10.646436],[107.074641,10.644244],[107.07059,10.641539],[107.073144,10.639943],[107.074514,10.63784],[107.076292,10.636551],[107.076381,10.6356],[107.077722,10.633967],[107.079526,10.63131],[107.081033,10.630925],[107.082881,10.627851]]]},"properties":{"name":"Phường Tân Thành","short_name":"Tân Thành","unit_type":"Phường","osm_id":"relation/8081287","population":33943,"ref":null,"id":74,"area_km2":61.79,"density":549}},{"type":"Feature","geometry":{"type":"Polygon","coordinates":[[[107.169466,10.581005],[107.169912,10.58084],[107.170421,10.582317],[107.171513,10.582425],[107.171518,10.583569],[107.17247,10.584083],[107.172824,10.585984],[107.172562,10.586501],[107.173549,10.587097],[107.173192,10.588186],[107.174766,10.588528],[107.175735,10.589997],[107.177038,10.590174],[107.177883,10.589907],[107.179761,10.590369],[107.181043,10.59011],[107.182293,10.589377],[107.182277,10.58871],[107.183213,10.588689],[107.184117,10.587263],[107.184994,10.586635],[107.186895,10.585971],[107.189583,10.585739],[107.192142,10.586822],[107.194792,10.58668],[107.195533,10.587036],[107.197233,10.58527],[107.198971,10.584753],[107.208475,10.584655],[107.214062,10.58452],[107.215753,10.58479],[107.218396,10.583765],[107.221609,10.582948],[107.224812,10.582309],[107.226782,10.58173],[107.22787,10.58421],[107.240183,10.584098],[107.241788,10.584042],[107.252776,10.584067],[107.252007,10.585642],[107.252032,10.5892],[107.252994,10.590283],[107.253087,10.591866],[107.25354,10.592393],[107.245078,10.592473],[107.246943,10.599574],[107.248426,10.599181],[107.24964,10.603735],[107.247717,10.604265],[107.248924,10.608763],[107.247119,10.609248],[107.252314,10.628287],[107.252872,10.628205],[107.25287,10.629294],[107.250517,10.630475],[107.24956,10.630573],[107.249284,10.631132],[107.247578,10.630937],[107.246333,10.630069],[107.243216,10.63104],[107.242983,10.631762],[107.243841,10.633088],[107.24375,10.63453],[107.244901,10.635629],[107.244855,10.636676],[107.246609,10.636976],[107.246998,10.63749],[107.249056,10.637785],[107.25015,10.63956],[107.250523,10.639285],[107.251199,10.640856],[107.250834,10.641347],[107.251014,10.642599],[107.251805,10.643166],[107.251727,10.644299],[107.252514,10.646564],[107.253179,10.646753],[107.253578,10.648175],[107.253251,10.648745],[107.25438,10.65195],[107.255292,10.652122],[107.255364,10.653095],[107.256407,10.654199],[107.256969,10.656],[107.256212,10.657402],[107.256707,10.658431],[107.256247,10.659227],[107.25761,10.661885],[107.257931,10.664156],[107.25744,10.66379],[107.252785,10.664797],[107.248867,10.664994],[107.248553,10.663045],[107.243912,10.663786],[107.242472,10.664927],[107.241588,10.664907],[107.229451,10.667346],[107.229236,10.666188],[107.215548,10.666655],[107.215442,10.663618],[107.216853,10.661288],[107.215946,10.658763],[107.215839,10.657255],[107.215394,10.656417],[107.213399,10.65456],[107.213098,10.650317],[107.213422,10.649661],[107.213017,10.647845],[107.21383,10.645398],[107.214309,10.64133],[107.213296,10.642546],[107.211904,10.645296],[107.210501,10.646669],[107.209303,10.647449],[107.207811,10.647953],[107.206679,10.650183],[107.202879,10.65153],[107.200524,10.651509],[107.198635,10.652173],[107.197825,10.654218],[107.196537,10.654721],[107.194837,10.653865],[107.194065,10.652879],[107.192877,10.650083],[107.19234,10.649695],[107.191766,10.648335],[107.189575,10.648541],[107.186976,10.649545],[107.185672,10.647607],[107.184318,10.646026],[107.184345,10.645066],[107.183186,10.644228],[107.183127,10.643656],[107.18207,10.642757],[107.181322,10.641157],[107.180764,10.640798],[107.180037,10.638819],[107.178546,10.637031],[107.178331,10.636262],[107.178782,10.635397],[107.178251,10.63487],[107.178728,10.633183],[107.179785,10.627394],[107.173712,10.623956],[107.166265,10.625951],[107.164132,10.621246],[107.164748,10.619426],[107.16515,10.61728],[107.163998,10.617446],[107.163504,10.616276],[107.162262,10.616008],[107.161462,10.613828],[107.16022,10.613234],[107.160428,10.612051],[107.159946,10.611527],[107.160291,10.610619],[107.161202,10.610088],[107.162483,10.609948],[107.162145,10.609104],[107.162496,10.608362],[107.161748,10.607646],[107.162366,10.607154],[107.161143,10.607141],[107.160415,10.6064],[107.161332,10.606023],[107.162047,10.606598],[107.162437,10.605562],[107.163439,10.605645],[107.163289,10.604674],[107.163771,10.604373],[107.164145,10.602529],[107.164616,10.602078],[107.164177,10.601257],[107.165483,10.600907],[107.166242,10.600218],[107.166453,10.599174],[107.167276,10.598754],[107.167868,10.599259],[107.168161,10.598383],[107.166874,10.594886],[107.167376,10.59406],[107.167588,10.592604],[107.166561,10.591868],[107.167348,10.590571],[107.167667,10.58926],[107.166977,10.589452],[107.166359,10.590398],[107.166249,10.587668],[107.16593,10.587278],[107.167398,10.585995],[107.16738,10.584842],[107.166492,10.584782],[107.166535,10.584133],[107.167868,10.584408],[107.168258,10.583813],[107.168785,10.584484],[107.169293,10.58302],[107.168876,10.581914],[107.169748,10.58139],[107.169466,10.581005]]]},"properties":{"name":"Xã Ngãi Giao","short_name":"Ngãi Giao","unit_type":"Xã","osm_id":"relation/8115640","population":null,"ref":null,"id":75,"area_km2":69.68,"density":null}},{"type":"Feature","geometry":{"type":"Polygon","coordinates":[[[107.166265,10.625951],[107.173712,10.623956],[107.179785,10.627394],[107.178728,10.633183],[107.178251,10.63487],[107.178782,10.635397],[107.178331,10.636262],[107.178546,10.637031],[107.180037,10.638819],[107.180764,10.640798],[107.181322,10.641157],[107.18207,10.642757],[107.183127,10.643656],[107.183186,10.644228],[107.184345,10.645066],[107.184318,10.646026],[107.185672,10.647607],[107.186976,10.649545],[107.189575,10.648541],[107.191766,10.648335],[107.19234,10.649695],[107.192877,10.650083],[107.194065,10.652879],[107.194837,10.653865],[107.196537,10.654721],[107.197825,10.654218],[107.198635,10.652173],[107.200524,10.651509],[107.202879,10.65153],[107.206679,10.650183],[107.207811,10.647953],[107.209303,10.647449],[107.210501,10.646669],[107.211904,10.645296],[107.213296,10.642546],[107.214309,10.64133],[107.21383,10.645398],[107.213017,10.647845],[107.213422,10.649661],[107.213098,10.650317],[107.213399,10.65456],[107.215394,10.656417],[107.215839,10.657255],[107.215946,10.658763],[107.216853,10.661288],[107.215442,10.663618],[107.215548,10.666655],[107.229236,10.666188],[107.229451,10.667346],[107.241588,10.664907],[107.242472,10.664927],[107.243912,10.663786],[107.248553,10.663045],[107.248867,10.664994],[107.252785,10.664797],[107.25744,10.66379],[107.257931,10.664156],[107.258575,10.664628],[107.257912,10.666681],[107.258094,10.667845],[107.261193,10.667298],[107.262142,10.671116],[107.266409,10.669143],[107.267155,10.671948],[107.267166,10.673355],[107.267745,10.677456],[107.268217,10.679029],[107.269373,10.679707],[107.269377,10.680692],[107.267642,10.682771],[107.267598,10.683389],[107.265868,10.683638],[107.265121,10.684544],[107.26492,10.686524],[107.264619,10.686621],[107.264223,10.688993],[107.265712,10.690849],[107.26662,10.691478],[107.266019,10.69294],[107.266578,10.6935],[107.26748,10.693273],[107.268148,10.694188],[107.26922,10.694472],[107.269188,10.695495],[107.269698,10.695374],[107.270033,10.69646],[107.268421,10.696676],[107.267429,10.696265],[107.265251,10.697688],[107.263867,10.697714],[107.261823,10.698634],[107.26156,10.699322],[107.260973,10.698929],[107.260069,10.701467],[107.260914,10.702695],[107.260404,10.703433],[107.260777,10.704361],[107.259731,10.706614],[107.259017,10.707271],[107.258441,10.708538],[107.256507,10.70871],[107.253698,10.711282],[107.251354,10.710697],[107.25079,10.713289],[107.250064,10.715632],[107.249615,10.71844],[107.240901,10.716537],[107.239587,10.722925],[107.238198,10.72338],[107.235908,10.723385],[107.228826,10.723746],[107.227301,10.723626],[107.226416,10.722311],[107.224774,10.721858],[107.224347,10.721426],[107.222067,10.720991],[107.220994,10.721576],[107.220147,10.721423],[107.21824,10.719605],[107.216907,10.719641],[107.214506,10.718326],[107.213374,10.718155],[107.210166,10.718261],[107.209627,10.717744],[107.207395,10.717541],[107.207355,10.715825],[107.206626,10.715222],[107.206545,10.713957],[107.205313,10.712854],[107.205109,10.711684],[107.204351,10.71096],[107.204177,10.709321],[107.205239,10.708772],[107.205836,10.707247],[107.206066,10.705177],[107.204279,10.704242],[107.201979,10.703632],[107.199872,10.701982],[107.198643,10.701566],[107.196917,10.700472],[107.196586,10.698692],[107.194756,10.696676],[107.195115,10.695774],[107.194784,10.694644],[107.194135,10.694806],[107.193449,10.694124],[107.191958,10.693817],[107.192262,10.693458],[107.190602,10.693328],[107.190511,10.691834],[107.190009,10.691478],[107.188065,10.691652],[107.187971,10.690775],[107.187072,10.689944],[107.187429,10.689357],[107.183969,10.689881],[107.182614,10.691244],[107.182086,10.689396],[107.1814,10.68923],[107.181917,10.688424],[107.181298,10.68835],[107.180847,10.687398],[107.180978,10.686225],[107.18008,10.68559],[107.179753,10.68592],[107.178669,10.685453],[107.178235,10.683816],[107.176791,10.682999],[107.174801,10.682657],[107.174345,10.681731],[107.172159,10.681584],[107.172202,10.681057],[107.170193,10.680833],[107.16901,10.682293],[107.169075,10.682746],[107.167766,10.683619],[107.167508,10.685066],[107.165552,10.685666],[107.165429,10.684469],[107.164532,10.684087],[107.163195,10.682225],[107.16051,10.681158],[107.159783,10.680507],[107.159995,10.679477],[107.159479,10.677606],[107.160316,10.676476],[107.161724,10.673801],[107.163195,10.673195],[107.163435,10.671911],[107.164382,10.670004],[107.165293,10.66957],[107.165431,10.668441],[107.16624,10.667772],[107.166727,10.66619],[107.166405,10.665846],[107.166139,10.663578],[107.165265,10.663144],[107.165412,10.661806],[107.165973,10.661083],[107.164971,10.660649],[107.165587,10.659636],[107.164851,10.659302],[107.165467,10.657286],[107.165992,10.656554],[107.166212,10.655307],[107.167408,10.655325],[107.167068,10.654213],[107.167518,10.653309],[107.166764,10.652739],[107.167583,10.652595],[107.166847,10.651989],[107.166746,10.65095],[107.167252,10.650579],[107.16612,10.649973],[107.166415,10.648771],[107.167656,10.647316],[107.166088,10.646297],[107.166148,10.645535],[107.165323,10.644724],[107.164777,10.643311],[107.164768,10.642362],[107.16418,10.641214],[107.164808,10.633519],[107.166265,10.625951]]]},"properties":{"name":"Xã Kim Long","short_name":"Kim Long","unit_type":"Xã","osm_id":"relation/8121764","population":null,"ref":null,"id":76,"area_km2":64.38,"density":null}},{"type":"Feature","geometry":{"type":"Polygon","coordinates":[[[107.305819,10.618507],[107.304278,10.620694],[107.304041,10.622385],[107.303153,10.623837],[107.303515,10.624583],[107.303183,10.625248],[107.301549,10.626666],[107.301487,10.62761],[107.300857,10.627789],[107.300278,10.629782],[107.299688,10.629967],[107.299661,10.630921],[107.298891,10.631651],[107.297225,10.63217],[107.296984,10.634097],[107.297649,10.635695],[107.297325,10.636963],[107.295855,10.63841],[107.295781,10.639182],[107.297013,10.639109],[107.298925,10.63964],[107.299309,10.640074],[107.299263,10.644197],[107.305988,10.643324],[107.305548,10.646007],[107.30355,10.651024],[107.303054,10.651675],[107.30274,10.653707],[107.302045,10.654603],[107.302035,10.65566],[107.303236,10.656045],[107.30401,10.658212],[107.305802,10.657993],[107.305996,10.656984],[107.307142,10.656286],[107.308067,10.656596],[107.309342,10.657582],[107.310081,10.659442],[107.310919,10.659634],[107.313388,10.661686],[107.314247,10.66316],[107.31419,10.663819],[107.315145,10.664383],[107.315352,10.66539],[107.316127,10.666241],[107.317565,10.666797],[107.318662,10.66636],[107.319826,10.666449],[107.320992,10.669243],[107.321953,10.670048],[107.320515,10.669824],[107.318676,10.669196],[107.317989,10.668625],[107.317055,10.669156],[107.315902,10.669269],[107.314536,10.67047],[107.313472,10.670804],[107.31324,10.671598],[107.311927,10.672355],[107.311992,10.672862],[107.310969,10.67285],[107.310456,10.673654],[107.310186,10.675578],[107.309223,10.675925],[107.30911,10.67677],[107.308176,10.67679],[107.308085,10.677387],[107.306971,10.677657],[107.305448,10.679455],[107.30436,10.680039],[107.302585,10.681746],[107.302949,10.682034],[107.301742,10.682637],[107.301396,10.683386],[107.299913,10.6836],[107.299989,10.685733],[107.299465,10.686262],[107.304744,10.688516],[107.303652,10.691133],[107.304788,10.691596],[107.304633,10.692526],[107.307149,10.69347],[107.307762,10.694078],[107.306779,10.694517],[107.307203,10.69594],[107.306905,10.696763],[107.305765,10.698094],[107.305639,10.699119],[107.304449,10.699446],[107.303386,10.700381],[107.302343,10.7008],[107.301985,10.701723],[107.300905,10.70176],[107.299716,10.703919],[107.300818,10.704756],[107.300692,10.705972],[107.301152,10.707743],[107.304512,10.712009],[107.305438,10.712858],[107.305312,10.714408],[107.304593,10.715673],[107.304124,10.715209],[107.301274,10.717764],[107.302108,10.717998],[107.301171,10.718893],[107.300988,10.720664],[107.302099,10.721829],[107.304206,10.725984],[107.303748,10.726295],[107.304652,10.727446],[107.304107,10.72825],[107.305165,10.728209],[107.305297,10.728995],[107.304352,10.729798],[107.304651,10.730417],[107.302909,10.732312],[107.303069,10.735085],[107.302431,10.739252],[107.301791,10.745723],[107.303395,10.748378],[107.304239,10.7493],[107.299508,10.750446],[107.298807,10.747573],[107.298314,10.746641],[107.291794,10.743712],[107.283661,10.740213],[107.283007,10.740265],[107.281355,10.741815],[107.280314,10.742078],[107.279525,10.741762],[107.276913,10.737966],[107.276371,10.736753],[107.274967,10.735425],[107.279096,10.735339],[107.28014,10.731111],[107.282551,10.728826],[107.28253,10.727358],[107.281986,10.726613],[107.282036,10.726234],[107.281054,10.72489],[107.281573,10.723954],[107.281023,10.720653],[107.280138,10.719976],[107.280368,10.719167],[107.278922,10.719528],[107.249615,10.71844],[107.250064,10.715632],[107.25079,10.713289],[107.251354,10.710697],[107.253698,10.711282],[107.256507,10.70871],[107.258441,10.708538],[107.259017,10.707271],[107.259731,10.706614],[107.260777,10.704361],[107.260404,10.703433],[107.260914,10.702695],[107.260069,10.701467],[107.260973,10.698929],[107.26156,10.699322],[107.261823,10.698634],[107.263867,10.697714],[107.265251,10.697688],[107.267429,10.696265],[107.268421,10.696676],[107.270033,10.69646],[107.269698,10.695374],[107.269188,10.695495],[107.26922,10.694472],[107.268148,10.694188],[107.26748,10.693273],[107.266578,10.6935],[107.266019,10.69294],[107.26662,10.691478],[107.265712,10.690849],[107.264223,10.688993],[107.264619,10.686621],[107.26492,10.686524],[107.265121,10.684544],[107.265868,10.683638],[107.267598,10.683389],[107.267642,10.682771],[107.269377,10.680692],[107.269373,10.679707],[107.268217,10.679029],[107.267745,10.677456],[107.267166,10.673355],[107.267155,10.671948],[107.266409,10.669143],[107.262142,10.671116],[107.261193,10.667298],[107.258094,10.667845],[107.257912,10.666681],[107.258575,10.664628],[107.257931,10.664156],[107.25761,10.661885],[107.256247,10.659227],[107.256707,10.658431],[107.256212,10.657402],[107.256969,10.656],[107.256407,10.654199],[107.255364,10.653095],[107.255292,10.652122],[107.25438,10.65195],[107.253251,10.648745],[107.253578,10.648175],[107.253179,10.646753],[107.252514,10.646564],[107.251727,10.644299],[107.251805,10.643166],[107.251014,10.642599],[107.250834,10.641347],[107.251199,10.640856],[107.250523,10.639285],[107.25015,10.63956],[107.249056,10.637785],[107.246998,10.63749],[107.246609,10.636976],[107.244855,10.636676],[107.244901,10.635629],[107.24375,10.63453],[107.243841,10.633088],[107.242983,10.631762],[107.243216,10.63104],[107.246333,10.630069],[107.247578,10.630937],[107.249284,10.631132],[107.24956,10.630573],[107.250517,10.630475],[107.25287,10.629294],[107.252872,10.628205],[107.257747,10.626949],[107.258091,10.625596],[107.257971,10.622652],[107.259118,10.622071],[107.259041,10.62123],[107.259829,10.61942],[107.259245,10.616055],[107.259908,10.615908],[107.259876,10.614819],[107.261927,10.614442],[107.262952,10.613954],[107.264092,10.614866],[107.265803,10.614347],[107.266557,10.613102],[107.268491,10.612393],[107.269916,10.611158],[107.270792,10.611071],[107.272686,10.610093],[107.274137,10.610788],[107.276143,10.610585],[107.276433,10.608561],[107.277685,10.60807],[107.278184,10.60923],[107.278007,10.609831],[107.278761,10.61108],[107.279245,10.611137],[107.280224,10.613008],[107.280808,10.613126],[107.281334,10.61217],[107.284831,10.60917],[107.285338,10.608995],[107.285976,10.607771],[107.288192,10.609267],[107.289114,10.610616],[107.289884,10.611202],[107.291995,10.611339],[107.292432,10.612188],[107.295206,10.613664],[107.297359,10.615515],[107.298556,10.615383],[107.300693,10.616506],[107.3012,10.617576],[107.302163,10.618452],[107.303062,10.618531],[107.303295,10.617792],[107.305819,10.618507]]]},"properties":{"name":"Xã Bình Giã","short_name":"Bình Giã","unit_type":"Xã","osm_id":"relation/8145048","population":null,"ref":null,"id":77,"area_km2":67.22,"density":null}},{"type":"Feature","geometry":{"type":"Polygon","coordinates":[[[107.165552,10.685666],[107.167508,10.685066],[107.167766,10.683619],[107.169075,10.682746],[107.16901,10.682293],[107.170193,10.680833],[107.172202,10.681057],[107.172159,10.681584],[107.174345,10.681731],[107.174801,10.682657],[107.176791,10.682999],[107.178235,10.683816],[107.178669,10.685453],[107.179753,10.68592],[107.18008,10.68559],[107.180978,10.686225],[107.180847,10.687398],[107.181298,10.68835],[107.181917,10.688424],[107.1814,10.68923],[107.182086,10.689396],[107.182614,10.691244],[107.183969,10.689881],[107.187429,10.689357],[107.187072,10.689944],[107.187971,10.690775],[107.188065,10.691652],[107.190009,10.691478],[107.190511,10.691834],[107.190602,10.693328],[107.192262,10.693458],[107.191958,10.693817],[107.193449,10.694124],[107.194135,10.694806],[107.194784,10.694644],[107.195115,10.695774],[107.194756,10.696676],[107.196586,10.698692],[107.196917,10.700472],[107.198643,10.701566],[107.199872,10.701982],[107.201979,10.703632],[107.204279,10.704242],[107.206066,10.705177],[107.205836,10.707247],[107.205239,10.708772],[107.204177,10.709321],[107.204351,10.71096],[107.205109,10.711684],[107.205313,10.712854],[107.206545,10.713957],[107.206626,10.715222],[107.207355,10.715825],[107.207395,10.717541],[107.209627,10.717744],[107.210166,10.718261],[107.213374,10.718155],[107.214506,10.718326],[107.216907,10.719641],[107.21824,10.719605],[107.220147,10.721423],[107.220994,10.721576],[107.222067,10.720991],[107.224347,10.721426],[107.224774,10.721858],[107.226416,10.722311],[107.227301,10.723626],[107.228826,10.723746],[107.235908,10.723385],[107.238198,10.72338],[107.239587,10.722925],[107.240901,10.716537],[107.249615,10.71844],[107.278922,10.719528],[107.280368,10.719167],[107.280138,10.719976],[107.281023,10.720653],[107.281573,10.723954],[107.281054,10.72489],[107.282036,10.726234],[107.281986,10.726613],[107.28253,10.727358],[107.282551,10.728826],[107.28014,10.731111],[107.279096,10.735339],[107.274967,10.735425],[107.276371,10.736753],[107.276913,10.737966],[107.279525,10.741762],[107.280314,10.742078],[107.281355,10.741815],[107.283007,10.740265],[107.283661,10.740213],[107.291794,10.743712],[107.298314,10.746641],[107.298807,10.747573],[107.299508,10.750446],[107.300498,10.75496],[107.257436,10.755891],[107.257191,10.755977],[107.24406,10.756142],[107.244369,10.757842],[107.244295,10.75974],[107.241958,10.759195],[107.24036,10.761784],[107.239997,10.761321],[107.238757,10.761608],[107.237562,10.760775],[107.234851,10.761389],[107.233638,10.76204],[107.231299,10.764085],[107.229572,10.763537],[107.228726,10.762897],[107.228641,10.762008],[107.227562,10.761685],[107.227735,10.760642],[107.227268,10.759257],[107.225946,10.759643],[107.224861,10.75828],[107.223566,10.757599],[107.222833,10.757746],[107.221732,10.757099],[107.219602,10.757165],[107.219137,10.757661],[107.217069,10.757523],[107.215781,10.759337],[107.208096,10.75952],[107.206837,10.758775],[107.206541,10.758072],[107.206879,10.773817],[107.206595,10.774484],[107.205157,10.774828],[107.203707,10.774488],[107.202611,10.773711],[107.201614,10.773624],[107.200161,10.772909],[107.199153,10.772063],[107.198013,10.771776],[107.195412,10.771825],[107.19407,10.771472],[107.193543,10.771964],[107.190208,10.771324],[107.189503,10.771958],[107.18721,10.770794],[107.187329,10.770183],[107.184919,10.768524],[107.182354,10.767728],[107.180801,10.766966],[107.180748,10.764623],[107.179927,10.764698],[107.179299,10.763362],[107.179232,10.762266],[107.178311,10.761633],[107.177162,10.761784],[107.175708,10.761498],[107.174681,10.760525],[107.173975,10.760435],[107.17386,10.759486],[107.171708,10.757894],[107.171062,10.756693],[107.171413,10.756044],[107.17088,10.755086],[107.168191,10.752805],[107.167525,10.753308],[107.166825,10.752832],[107.166977,10.75395],[107.166444,10.75405],[107.165698,10.752693],[107.164684,10.751889],[107.163724,10.749754],[107.162101,10.749798],[107.160748,10.749349],[107.160366,10.748192],[107.158881,10.748283],[107.157541,10.746728],[107.157149,10.745801],[107.15602,10.74613],[107.154402,10.744241],[107.151436,10.744103],[107.148641,10.74468],[107.147127,10.74451],[107.138431,10.745009],[107.138904,10.739751],[107.138836,10.737339],[107.139029,10.732541],[107.144144,10.732639],[107.144197,10.732217],[107.146289,10.73107],[107.146303,10.729839],[107.144903,10.730105],[107.143513,10.729196],[107.143438,10.728088],[107.144329,10.727852],[107.145504,10.726339],[107.145404,10.725044],[107.143415,10.723792],[107.142494,10.723796],[107.141891,10.725384],[107.141078,10.726177],[107.140936,10.727202],[107.139219,10.72788],[107.139336,10.720485],[107.140675,10.719482],[107.140564,10.718559],[107.139546,10.718189],[107.139767,10.709623],[107.144412,10.709811],[107.1514,10.709976],[107.152895,10.710304],[107.160585,10.710397],[107.160907,10.711746],[107.161307,10.711754],[107.16117,10.713031],[107.162459,10.713961],[107.162938,10.714906],[107.16411,10.714893],[107.16538,10.716673],[107.165282,10.713524],[107.163729,10.710436],[107.16381,10.709337],[107.166367,10.707048],[107.166002,10.706336],[107.166161,10.705248],[107.16573,10.704712],[107.16573,10.703195],[107.165134,10.700398],[107.164766,10.700115],[107.165225,10.699156],[107.165184,10.697201],[107.165607,10.696506],[107.165939,10.693933],[107.16566,10.692979],[107.165906,10.691692],[107.166594,10.690797],[107.166342,10.689613],[107.166587,10.687304],[107.165552,10.685666]]]},"properties":{"name":"Xã Châu Đức","short_name":"Châu Đức","unit_type":"Xã","osm_id":"relation/8162714","population":null,"ref":null,"id":78,"area_km2":85.03,"density":null}},{"type":"Feature","geometry":{"type":"Polygon","coordinates":[[[107.347748,10.566882],[107.347785,10.567621],[107.348645,10.568751],[107.347496,10.569992],[107.347621,10.570702],[107.348555,10.57081],[107.348517,10.569715],[107.35051,10.569507],[107.350333,10.571049],[107.351651,10.570966],[107.352786,10.571932],[107.352199,10.574043],[107.352638,10.574435],[107.355565,10.574802],[107.355264,10.575452],[107.353756,10.575764],[107.355626,10.577079],[107.354737,10.57776],[107.35563,10.578818],[107.355418,10.580473],[107.355946,10.580676],[107.356798,10.579227],[107.357465,10.578833],[107.357501,10.580259],[107.35797,10.580975],[107.358867,10.580811],[107.361396,10.582535],[107.362436,10.582789],[107.362461,10.584916],[107.361793,10.58681],[107.36213,10.587389],[107.363477,10.588247],[107.363483,10.588851],[107.362921,10.589512],[107.363846,10.591129],[107.364437,10.591432],[107.364894,10.592507],[107.367569,10.592418],[107.367649,10.592898],[107.366357,10.593162],[107.365183,10.594269],[107.364549,10.596503],[107.363431,10.598224],[107.362232,10.598675],[107.360923,10.598385],[107.35902,10.598643],[107.359662,10.59995],[107.359649,10.60106],[107.358223,10.600925],[107.356936,10.601315],[107.356849,10.602565],[107.355162,10.605187],[107.354174,10.605872],[107.351265,10.60654],[107.35178,10.608021],[107.351575,10.610417],[107.352391,10.61087],[107.353183,10.612967],[107.352959,10.613498],[107.353849,10.61364],[107.355224,10.612973],[107.356093,10.611981],[107.357472,10.612614],[107.35811,10.614662],[107.35749,10.617277],[107.356279,10.619625],[107.353235,10.621954],[107.353573,10.62331],[107.355596,10.623664],[107.356571,10.625143],[107.356711,10.629046],[107.35591,10.630562],[107.357078,10.633145],[107.358825,10.635487],[107.360899,10.636672],[107.361737,10.638203],[107.36222,10.638484],[107.364044,10.638328],[107.365388,10.639464],[107.366203,10.641171],[107.365588,10.642539],[107.365538,10.643914],[107.364401,10.646049],[107.365535,10.647177],[107.367597,10.649696],[107.367542,10.656338],[107.357785,10.671825],[107.352008,10.678364],[107.348959,10.677297],[107.343976,10.676426],[107.337342,10.677667],[107.332797,10.677583],[107.331758,10.677369],[107.33099,10.676212],[107.328037,10.676329],[107.327553,10.674955],[107.325243,10.673493],[107.32398,10.673173],[107.322929,10.672153],[107.322888,10.670804],[107.321953,10.670048],[107.320992,10.669243],[107.319826,10.666449],[107.318662,10.66636],[107.317565,10.666797],[107.316127,10.666241],[107.315352,10.66539],[107.315145,10.664383],[107.31419,10.663819],[107.314247,10.66316],[107.313388,10.661686],[107.310919,10.659634],[107.310081,10.659442],[107.309342,10.657582],[107.308067,10.656596],[107.307142,10.656286],[107.305996,10.656984],[107.305802,10.657993],[107.30401,10.658212],[107.303236,10.656045],[107.302035,10.65566],[107.302045,10.654603],[107.30274,10.653707],[107.303054,10.651675],[107.30355,10.651024],[107.305548,10.646007],[107.305988,10.643324],[107.299263,10.644197],[107.299309,10.640074],[107.298925,10.63964],[107.297013,10.639109],[107.295781,10.639182],[107.295855,10.63841],[107.297325,10.636963],[107.297649,10.635695],[107.296984,10.634097],[107.297225,10.63217],[107.298891,10.631651],[107.299661,10.630921],[107.299688,10.629967],[107.300278,10.629782],[107.300857,10.627789],[107.301487,10.62761],[107.301549,10.626666],[107.303183,10.625248],[107.303515,10.624583],[107.303153,10.623837],[107.304041,10.622385],[107.304278,10.620694],[107.305819,10.618507],[107.307396,10.617795],[107.307434,10.617065],[107.306659,10.617191],[107.304985,10.616087],[107.305393,10.615562],[107.304974,10.614798],[107.304942,10.613102],[107.306071,10.612493],[107.3076,10.612604],[107.308721,10.612124],[107.308129,10.611075],[107.309588,10.609275],[107.309223,10.608824],[107.309918,10.607015],[107.310655,10.606802],[107.310044,10.605976],[107.310854,10.605396],[107.31014,10.604318],[107.30927,10.603787],[107.30916,10.605039],[107.30826,10.605106],[107.307054,10.603964],[107.306897,10.602628],[107.305141,10.602491],[107.30498,10.600791],[107.304475,10.600683],[107.30385,10.599345],[107.300557,10.598642],[107.300152,10.598104],[107.298017,10.598157],[107.296803,10.597826],[107.296354,10.596493],[107.296962,10.594917],[107.299143,10.594582],[107.298784,10.593356],[107.298875,10.591442],[107.298195,10.590646],[107.298252,10.588375],[107.297241,10.588816],[107.296896,10.588169],[107.295569,10.588772],[107.295581,10.58754],[107.296794,10.585868],[107.298416,10.584542],[107.300162,10.583735],[107.299942,10.583173],[107.300338,10.581862],[107.301289,10.581237],[107.303632,10.580325],[107.304143,10.579035],[107.304872,10.578682],[107.304466,10.577631],[107.306067,10.575842],[107.305323,10.573829],[107.305479,10.572833],[107.304133,10.572434],[107.304297,10.571123],[107.30394,10.570719],[107.304391,10.569081],[107.303775,10.566072],[107.304497,10.563541],[107.30524,10.562958],[107.306758,10.562826],[107.306946,10.562397],[107.307262,10.561725],[107.308269,10.561539],[107.309716,10.56069],[107.312023,10.55967],[107.312597,10.55817],[107.31463,10.557089],[107.315264,10.556369],[107.316185,10.55617],[107.316643,10.556884],[107.319165,10.556768],[107.320356,10.557175],[107.321712,10.557167],[107.323008,10.557729],[107.323283,10.55834],[107.322067,10.559058],[107.323032,10.559411],[107.323163,10.560286],[107.323777,10.559903],[107.324071,10.560645],[107.325589,10.559983],[107.326191,10.561475],[107.324819,10.56205],[107.326593,10.562439],[107.328273,10.561555],[107.329456,10.561833],[107.330054,10.56108],[107.33011,10.563391],[107.330743,10.564254],[107.333007,10.566069],[107.334101,10.565341],[107.336107,10.564913],[107.337466,10.565354],[107.338573,10.567572],[107.34024,10.567399],[107.340604,10.566983],[107.342172,10.56759],[107.342704,10.568189],[107.343628,10.56766],[107.344139,10.568187],[107.345178,10.568075],[107.347748,10.566882]]]},"properties":{"name":"Xã Xuân Sơn","short_name":"Xuân Sơn","unit_type":"Xã","osm_id":"relation/8165423","population":null,"ref":null,"id":79,"area_km2":74.66,"density":null}},{"type":"Feature","geometry":{"type":"Polygon","coordinates":[[[107.375673,10.496697],[107.376694,10.49511],[107.376512,10.494193],[107.376874,10.49273],[107.376479,10.492256],[107.373494,10.490751],[107.372391,10.490835],[107.370814,10.491414],[107.370651,10.490626],[107.371244,10.490025],[107.373019,10.489125],[107.372588,10.488506],[107.370905,10.487447],[107.37074,10.485372],[107.371102,10.484963],[107.373036,10.484833],[107.373337,10.483882],[107.372895,10.482235],[107.371727,10.481768],[107.370978,10.482255],[107.369785,10.482146],[107.369004,10.481087],[107.36776,10.478616],[107.366568,10.47797],[107.364356,10.479114],[107.36301,10.478357],[107.362834,10.477607],[107.363335,10.476206],[107.364174,10.475373],[107.365277,10.474851],[107.367007,10.475551],[107.368168,10.475598],[107.368632,10.47491],[107.368401,10.473658],[107.366999,10.470584],[107.365837,10.469534],[107.361495,10.467194],[107.356703,10.465251],[107.351775,10.463023],[107.35029,10.461363],[107.347581,10.459188],[107.348639,10.457235],[107.354073,10.460783],[107.353709,10.460192],[107.356289,10.461828],[107.358198,10.463711],[107.366627,10.466995],[107.369314,10.467544],[107.37572,10.468281],[107.377698,10.468315],[107.385004,10.468814],[107.392387,10.468268],[107.39416,10.468001],[107.396046,10.468123],[107.402738,10.467893],[107.410052,10.46677],[107.413413,10.46659],[107.416957,10.466592],[107.41885,10.466745],[107.421607,10.467521],[107.422472,10.467438],[107.424882,10.46825],[107.429632,10.46914],[107.431598,10.469709],[107.435039,10.469712],[107.438555,10.469182],[107.442129,10.467858],[107.445288,10.469278],[107.446987,10.47131],[107.447478,10.472253],[107.450775,10.4764],[107.454492,10.481965],[107.456192,10.483889],[107.457587,10.48601],[107.457399,10.49143],[107.457683,10.492174],[107.423637,10.524938],[107.423128,10.525393],[107.423606,10.525944],[107.423702,10.528591],[107.42328,10.530031],[107.423466,10.532283],[107.423067,10.533552],[107.421119,10.535999],[107.419902,10.53626],[107.419218,10.537061],[107.417361,10.537792],[107.41738,10.538274],[107.415409,10.540189],[107.415459,10.542161],[107.416806,10.544459],[107.412745,10.546836],[107.408229,10.552453],[107.407773,10.554468],[107.408698,10.555686],[107.408237,10.55648],[107.40902,10.557263],[107.408996,10.558325],[107.409658,10.558655],[107.409242,10.559514],[107.410321,10.561036],[107.410449,10.564493],[107.410761,10.565917],[107.409226,10.567746],[107.40836,10.569682],[107.406541,10.570913],[107.404463,10.571013],[107.402923,10.571802],[107.401263,10.573294],[107.401443,10.573864],[107.401338,10.577109],[107.403441,10.577249],[107.402811,10.579145],[107.40427,10.580133],[107.404656,10.581473],[107.405697,10.582116],[107.40567,10.582831],[107.406705,10.583922],[107.406791,10.584879],[107.408357,10.584642],[107.409875,10.585188],[107.410326,10.588433],[107.410879,10.589198],[107.412676,10.589512],[107.412873,10.591549],[107.384001,10.59123],[107.383308,10.581677],[107.372077,10.5816],[107.371919,10.584167],[107.370383,10.585719],[107.368266,10.586526],[107.366078,10.586659],[107.363873,10.588963],[107.363483,10.588851],[107.363477,10.588247],[107.36213,10.587389],[107.361793,10.58681],[107.362461,10.584916],[107.362436,10.582789],[107.361396,10.582535],[107.358867,10.580811],[107.35797,10.580975],[107.357501,10.580259],[107.357465,10.578833],[107.356798,10.579227],[107.355946,10.580676],[107.355418,10.580473],[107.35563,10.578818],[107.354737,10.57776],[107.355626,10.577079],[107.353756,10.575764],[107.355264,10.575452],[107.355565,10.574802],[107.352638,10.574435],[107.352199,10.574043],[107.352786,10.571932],[107.351651,10.570966],[107.350333,10.571049],[107.35051,10.569507],[107.348517,10.569715],[107.348555,10.57081],[107.347621,10.570702],[107.347496,10.569992],[107.348645,10.568751],[107.347785,10.567621],[107.347748,10.566882],[107.348749,10.566238],[107.348521,10.564612],[107.347066,10.564027],[107.346916,10.563135],[107.345476,10.563213],[107.343672,10.564092],[107.343053,10.563814],[107.342272,10.564288],[107.34101,10.561619],[107.341761,10.559964],[107.342714,10.558923],[107.346229,10.55831],[107.345621,10.557363],[107.345708,10.556673],[107.347682,10.555577],[107.348001,10.555039],[107.347802,10.553531],[107.348296,10.552515],[107.349691,10.552209],[107.348677,10.550318],[107.349014,10.549461],[107.35174,10.550532],[107.352745,10.550165],[107.352864,10.549206],[107.353977,10.549285],[107.357136,10.550323],[107.358183,10.552155],[107.35861,10.553585],[107.359847,10.553472],[107.360014,10.552709],[107.35923,10.551926],[107.359287,10.551106],[107.360175,10.549998],[107.359842,10.548986],[107.360555,10.548283],[107.36035,10.547333],[107.360529,10.544254],[107.361973,10.543582],[107.363885,10.543895],[107.364938,10.544763],[107.365801,10.543892],[107.367028,10.544204],[107.367528,10.542869],[107.366643,10.542984],[107.366286,10.542183],[107.366433,10.539691],[107.36727,10.538565],[107.367984,10.538214],[107.369092,10.536772],[107.36914,10.535645],[107.369914,10.536614],[107.371128,10.535732],[107.37053,10.534342],[107.370301,10.532649],[107.371078,10.53137],[107.371733,10.529105],[107.372806,10.528537],[107.372726,10.527975],[107.371636,10.52776],[107.371458,10.526631],[107.37053,10.525632],[107.369952,10.523524],[107.371045,10.522725],[107.370748,10.522064],[107.371277,10.520032],[107.372027,10.519419],[107.372194,10.515732],[107.373573,10.514598],[107.373372,10.51346],[107.373899,10.512946],[107.373637,10.511845],[107.37455,10.511522],[107.375478,10.509919],[107.375379,10.508844],[107.375938,10.507423],[107.374672,10.506851],[107.373133,10.505512],[107.373641,10.504251],[107.374043,10.501347],[107.372766,10.50201],[107.372649,10.501356],[107.374449,10.500932],[107.375137,10.501997],[107.375817,10.502034],[107.376101,10.501216],[107.375137,10.500243],[107.37434,10.500282],[107.373218,10.499729],[107.372989,10.498872],[107.375153,10.499031],[107.375407,10.497973],[107.376438,10.49842],[107.377049,10.497428],[107.375673,10.496697]]]},"properties":{"name":"Xã Hồ Tràm","short_name":"Hồ Tràm","unit_type":"Xã","osm_id":"relation/8165499","population":null,"ref":null,"id":80,"area_km2":93.2,"density":null}},{"type":"Feature","geometry":{"type":"Polygon","coordinates":[[[107.457587,10.48601],[107.463552,10.492405],[107.467663,10.495912],[107.47058,10.497825],[107.473399,10.498813],[107.476984,10.499025],[107.478783,10.498954],[107.480892,10.49815],[107.481917,10.498519],[107.485682,10.497391],[107.488268,10.497449],[107.493794,10.498341],[107.498095,10.499602],[107.499198,10.499772],[107.501604,10.49916],[107.504325,10.500361],[107.505808,10.500823],[107.507434,10.500856],[107.509043,10.500531],[107.511105,10.501209],[107.509729,10.544226],[107.509203,10.549173],[107.509332,10.551694],[107.510533,10.554795],[107.511515,10.555855],[107.512545,10.555923],[107.513731,10.555438],[107.517352,10.557468],[107.518403,10.559981],[107.517352,10.562658],[107.515686,10.564271],[107.514582,10.564364],[107.514314,10.565191],[107.513406,10.565006],[107.513441,10.566083],[107.512955,10.565859],[107.51255,10.566948],[107.512742,10.568556],[107.511815,10.569147],[107.511762,10.570523],[107.511317,10.571459],[107.511231,10.57326],[107.511606,10.573492],[107.511695,10.575617],[107.511523,10.57697],[107.510845,10.577615],[107.511185,10.580008],[107.511805,10.581035],[107.511566,10.582538],[107.510508,10.58294],[107.510858,10.58408],[107.510539,10.584766],[107.510866,10.58567],[107.509216,10.587426],[107.509165,10.589409],[107.508551,10.589781],[107.507969,10.589327],[107.506113,10.590406],[107.504799,10.593498],[107.502864,10.595462],[107.502819,10.596052],[107.503586,10.596753],[107.503816,10.598148],[107.504462,10.598837],[107.50443,10.600574],[107.503916,10.600954],[107.503338,10.603045],[107.50154,10.605573],[107.500293,10.606661],[107.500018,10.606224],[107.497216,10.605167],[107.497262,10.604772],[107.495762,10.605559],[107.494032,10.605961],[107.494038,10.607078],[107.492876,10.60754],[107.492278,10.608577],[107.492796,10.610018],[107.494188,10.611413],[107.493601,10.612823],[107.492705,10.612736],[107.491897,10.611196],[107.489245,10.61151],[107.483706,10.611386],[107.481533,10.611218],[107.477558,10.61127],[107.476131,10.610026],[107.476888,10.606525],[107.477875,10.604279],[107.477456,10.603414],[107.478502,10.601742],[107.479321,10.601705],[107.478976,10.600659],[107.477805,10.599773],[107.477971,10.599093],[107.477258,10.598792],[107.476212,10.595618],[107.475265,10.594885],[107.475533,10.593883],[107.474243,10.593277],[107.474385,10.592185],[107.473505,10.591262],[107.473953,10.589496],[107.472776,10.58857],[107.473296,10.586999],[107.473409,10.58504],[107.472524,10.582259],[107.46986,10.581265],[107.46997,10.580547],[107.467543,10.579211],[107.466524,10.579416],[107.46617,10.577834],[107.466143,10.576295],[107.465794,10.575198],[107.465175,10.575361],[107.465311,10.577365],[107.464614,10.577133],[107.457455,10.577057],[107.454652,10.576883],[107.445892,10.576664],[107.444261,10.577492],[107.444176,10.578431],[107.440518,10.578399],[107.439498,10.578789],[107.438505,10.581133],[107.438568,10.584246],[107.437577,10.584299],[107.435415,10.583672],[107.433696,10.582295],[107.433624,10.583007],[107.432712,10.583545],[107.431717,10.584705],[107.429343,10.585417],[107.429359,10.586688],[107.42786,10.587867],[107.425869,10.587671],[107.425448,10.587207],[107.424374,10.588905],[107.423056,10.5888],[107.421076,10.589119],[107.420368,10.588937],[107.419682,10.587795],[107.41864,10.587653],[107.416755,10.588315],[107.415471,10.589442],[107.412676,10.589512],[107.410879,10.589198],[107.410326,10.588433],[107.409875,10.585188],[107.408357,10.584642],[107.406791,10.584879],[107.406705,10.583922],[107.40567,10.582831],[107.405697,10.582116],[107.404656,10.581473],[107.40427,10.580133],[107.402811,10.579145],[107.403441,10.577249],[107.401338,10.577109],[107.401443,10.573864],[107.401263,10.573294],[107.402923,10.571802],[107.404463,10.571013],[107.406541,10.570913],[107.40836,10.569682],[107.409226,10.567746],[107.410761,10.565917],[107.410449,10.564493],[107.410321,10.561036],[107.409242,10.559514],[107.409658,10.558655],[107.408996,10.558325],[107.40902,10.557263],[107.408237,10.55648],[107.408698,10.555686],[107.407773,10.554468],[107.408229,10.552453],[107.412745,10.546836],[107.416806,10.544459],[107.415459,10.542161],[107.415409,10.540189],[107.41738,10.538274],[107.417361,10.537792],[107.419218,10.537061],[107.419902,10.53626],[107.421119,10.535999],[107.423067,10.533552],[107.423466,10.532283],[107.42328,10.530031],[107.423702,10.528591],[107.423606,10.525944],[107.423128,10.525393],[107.423637,10.524938],[107.457683,10.492174],[107.457399,10.49143],[107.457587,10.48601]]]},"properties":{"name":"Xã Xuyên Mộc","short_name":"Xuyên Mộc","unit_type":"Xã","osm_id":"relation/8385623","population":null,"ref":null,"id":81,"area_km2":103.72,"density":null}},{"type":"Feature","geometry":{"type":"Polygon","coordinates":[[[106.769114,10.89403],[106.768421,10.89404],[106.768418,10.892243],[106.767265,10.892507],[106.767668,10.891634],[106.766892,10.891551],[106.766019,10.888455],[106.765279,10.887615],[106.764737,10.886317],[106.764547,10.884859],[106.764012,10.884943],[106.763561,10.883864],[106.761207,10.882041],[106.760521,10.88126],[106.761942,10.878706],[106.761427,10.878521],[106.761898,10.875542],[106.761271,10.874563],[106.761794,10.87439],[106.760377,10.872382],[106.762214,10.871085],[106.763285,10.86992],[106.763084,10.868771],[106.76224,10.867262],[106.759412,10.86688],[106.757501,10.867087],[106.756197,10.866445],[106.75504,10.866418],[106.753576,10.86571],[106.753747,10.865195],[106.752497,10.863786],[106.751747,10.863459],[106.751643,10.858989],[106.751556,10.855391],[106.750986,10.853484],[106.749865,10.851578],[106.750132,10.851367],[106.751107,10.85074],[106.751071,10.848968],[106.751965,10.849522],[106.753075,10.848671],[106.754977,10.850961],[106.754599,10.853053],[106.754724,10.853732],[106.7574,10.85774],[106.758318,10.858078],[106.760422,10.860122],[106.760918,10.860899],[106.76162,10.860405],[106.763856,10.857326],[106.766159,10.856419],[106.766712,10.855677],[106.76865,10.854477],[106.771584,10.85397],[106.77295,10.854396],[106.774305,10.851587],[106.773366,10.849565],[106.774005,10.849168],[106.775425,10.85051],[106.776768,10.851439],[106.789882,10.859259],[106.802785,10.866888],[106.805595,10.869182],[106.807725,10.871874],[106.808484,10.872917],[106.807835,10.873769],[106.805297,10.875117],[106.804349,10.873703],[106.801333,10.873632],[106.799072,10.872148],[106.798224,10.872044],[106.797826,10.873208],[106.794665,10.873447],[106.793528,10.872587],[106.792171,10.872595],[106.792166,10.871976],[106.788922,10.871952],[106.787951,10.870076],[106.787728,10.867212],[106.783027,10.867488],[106.780332,10.868267],[106.78023,10.869659],[106.781855,10.873959],[106.782107,10.877196],[106.781307,10.878246],[106.781207,10.87973],[106.780507,10.881336],[106.779207,10.882836],[106.776907,10.884986],[106.775107,10.887546],[106.772707,10.889706],[106.769959,10.89342],[106.769114,10.89403]]]},"properties":{"name":"Phường Linh Xuân","short_name":"Linh Xuân","unit_type":"Phường","osm_id":"relation/8427050","population":158334,"ref":null,"id":82,"area_km2":12.35,"density":12821}},{"type":"Feature","geometry":{"type":"Polygon","coordinates":[[[106.6516,10.94217],[106.652599,10.941964],[106.653391,10.940592],[106.654142,10.940117],[106.655694,10.940362],[106.657447,10.939723],[106.658065,10.940002],[106.659116,10.942886],[106.660001,10.943984],[106.660552,10.945639],[106.66172,10.94641],[106.663606,10.946672],[106.664424,10.945623],[106.664841,10.943853],[106.665642,10.94364],[106.666177,10.944345],[106.666932,10.943528],[106.667712,10.943329],[106.668196,10.943853],[106.67011,10.946943],[106.66867,10.948043],[106.667971,10.949658],[106.665892,10.951029],[106.666345,10.952652],[106.668093,10.952066],[106.669932,10.953253],[106.669108,10.954404],[106.669672,10.954937],[106.6723,10.956352],[106.671981,10.95721],[106.673062,10.957761],[106.672845,10.958527],[106.673783,10.959059],[106.675015,10.959199],[106.677285,10.959863],[106.678147,10.960613],[106.680046,10.961464],[106.680628,10.959689],[106.681752,10.95731],[106.685631,10.960037],[106.686103,10.960895],[106.689261,10.963605],[106.681832,10.967076],[106.675492,10.97064],[106.67219,10.97224],[106.671052,10.973076],[106.670309,10.974276],[106.666963,10.981316],[106.665672,10.985947],[106.663571,10.990164],[106.662762,10.991278],[106.661865,10.991899],[106.660469,10.992282],[106.657329,10.992572],[106.655941,10.992885],[106.648752,10.997234],[106.649557,10.996367],[106.648972,10.994528],[106.647727,10.993007],[106.647522,10.993385],[106.645526,10.992654],[106.644193,10.992653],[106.64418,10.99008],[106.642612,10.989973],[106.640747,10.989401],[106.637735,10.98945],[106.635808,10.990197],[106.634631,10.990202],[106.63478,10.988826],[106.63447,10.988277],[106.632104,10.986601],[106.630778,10.984875],[106.629775,10.982115],[106.630452,10.981097],[106.63021,10.980677],[106.630319,10.978556],[106.633702,10.977713],[106.637402,10.977443],[106.638602,10.977983],[106.641502,10.979913],[106.643102,10.980673],[106.6459,10.9813],[106.6475,10.98096],[106.6486,10.98004],[106.6492,10.97888],[106.6502,10.97444],[106.6498,10.97154],[106.6492,10.96968],[106.6488,10.96706],[106.6489,10.96449],[106.6496,10.96138],[106.6518,10.95474],[106.6521,10.95353],[106.6525,10.94943],[106.6524,10.9472],[106.6516,10.94217]]]},"properties":{"name":"Phường Thủ Dầu Một","short_name":"Thủ Dầu Một","unit_type":"Phường","osm_id":"relation/8448188","population":88132,"ref":null,"id":83,"area_km2":15.65,"density":5631}},{"type":"Feature","geometry":{"type":"Polygon","coordinates":[[[106.794616,10.906516],[106.783239,10.90995],[106.780692,10.911842],[106.777808,10.913232],[106.773129,10.914586],[106.769204,10.915616],[106.768565,10.915992],[106.76849,10.918968],[106.76762,10.92091],[106.766301,10.922649],[106.764973,10.925109],[106.7562,10.929427],[106.755771,10.929852],[106.7507,10.937264],[106.74674,10.934695],[106.746395,10.934117],[106.744857,10.933358],[106.745123,10.932569],[106.742101,10.931882],[106.741802,10.926927],[106.741159,10.916332],[106.740656,10.906115],[106.73976,10.890382],[106.739376,10.889306],[106.736817,10.884747],[106.734177,10.880511],[106.735375,10.880226],[106.736065,10.879605],[106.736658,10.8806],[106.738403,10.879431],[106.739648,10.880885],[106.740511,10.880827],[106.741142,10.881441],[106.74329,10.880438],[106.744981,10.881627],[106.745658,10.880786],[106.744687,10.880077],[106.747197,10.877387],[106.748377,10.878217],[106.749396,10.876763],[106.750372,10.877295],[106.751339,10.875463],[106.746443,10.873879],[106.747041,10.872075],[106.745986,10.871725],[106.747341,10.869485],[106.747879,10.869289],[106.747941,10.867316],[106.748706,10.865656],[106.74909,10.865804],[106.750035,10.864295],[106.75121,10.864427],[106.751747,10.863459],[106.752497,10.863786],[106.753747,10.865195],[106.753576,10.86571],[106.75504,10.866418],[106.756197,10.866445],[106.757501,10.867087],[106.759412,10.86688],[106.76224,10.867262],[106.763084,10.868771],[106.763285,10.86992],[106.762214,10.871085],[106.760377,10.872382],[106.761794,10.87439],[106.761271,10.874563],[106.761898,10.875542],[106.761427,10.878521],[106.761942,10.878706],[106.760521,10.88126],[106.761207,10.882041],[106.763561,10.883864],[106.764012,10.884943],[106.764547,10.884859],[106.764737,10.886317],[106.765279,10.887615],[106.766019,10.888455],[106.766892,10.891551],[106.767668,10.891634],[106.767265,10.892507],[106.768418,10.892243],[106.768421,10.89404],[106.769114,10.89403],[106.76878,10.896133],[106.769477,10.898543],[106.769495,10.899679],[106.769066,10.900634],[106.770273,10.901328],[106.77075,10.902335],[106.772252,10.901781],[106.772891,10.902757],[106.773187,10.904683],[106.776948,10.905047],[106.778638,10.90466],[106.782373,10.904624],[106.782715,10.903674],[106.786809,10.902947],[106.786854,10.903444],[106.789569,10.903754],[106.791147,10.904895],[106.792898,10.905445],[106.79304,10.905844],[106.794362,10.905666],[106.794616,10.906516]]]},"properties":{"name":"Phường Dĩ An","short_name":"Dĩ An","unit_type":"Phường","osm_id":"relation/8448992","population":227817,"ref":null,"id":84,"area_km2":21.4,"density":10646}},{"type":"Feature","geometry":{"type":"Polygon","coordinates":[[[107.357785,10.671825],[107.359053,10.672143],[107.359825,10.674494],[107.361499,10.675063],[107.363452,10.674061],[107.366649,10.674504],[107.367958,10.675063],[107.370342,10.675464],[107.371536,10.676647],[107.372137,10.677836],[107.372751,10.677151],[107.3759,10.676895],[107.377405,10.676125],[107.378826,10.675962],[107.378978,10.674305],[107.379486,10.67375],[107.382903,10.673194],[107.385982,10.672883],[107.386499,10.675435],[107.390212,10.674618],[107.39125,10.674538],[107.392894,10.673384],[107.39486,10.672852],[107.39667,10.669971],[107.397223,10.669631],[107.402988,10.669812],[107.405863,10.669443],[107.405788,10.678636],[107.422016,10.678455],[107.434892,10.678173],[107.453815,10.678202],[107.453751,10.686644],[107.45329,10.687599],[107.448694,10.687795],[107.44803,10.730277],[107.449624,10.730054],[107.451407,10.731303],[107.453215,10.731383],[107.454501,10.730948],[107.455265,10.73175],[107.456431,10.732129],[107.456802,10.7333],[107.458382,10.733987],[107.459758,10.736122],[107.460876,10.737259],[107.462302,10.737444],[107.462138,10.738008],[107.462638,10.739466],[107.4626,10.740584],[107.463302,10.741263],[107.464037,10.740615],[107.466132,10.740638],[107.466687,10.741413],[107.467901,10.741488],[107.469131,10.742263],[107.469701,10.74164],[107.470563,10.741918],[107.470563,10.742847],[107.471341,10.74294],[107.472006,10.744579],[107.47236,10.746316],[107.471885,10.749088],[107.472417,10.749462],[107.472855,10.751311],[107.473803,10.7521],[107.475753,10.752887],[107.476554,10.754458],[107.476719,10.755648],[107.47633,10.756632],[107.47766,10.756698],[107.496768,10.760266],[107.50525,10.771598],[107.502256,10.771159],[107.501124,10.770564],[107.50062,10.769805],[107.499713,10.769499],[107.49852,10.768421],[107.495741,10.767631],[107.494965,10.768216],[107.493453,10.767989],[107.490653,10.768967],[107.486844,10.768788],[107.484977,10.768551],[107.483561,10.77019],[107.48057,10.775654],[107.478797,10.777963],[107.477617,10.779124],[107.477475,10.780531],[107.476542,10.781414],[107.476829,10.782895],[107.475596,10.784014],[107.475041,10.786319],[107.474462,10.786967],[107.475034,10.787836],[107.473723,10.791358],[107.472623,10.792262],[107.471488,10.793795],[107.465313,10.791975],[107.462986,10.791872],[107.457565,10.791355],[107.458105,10.794023],[107.457667,10.796367],[107.45574,10.799025],[107.454371,10.801478],[107.453794,10.802919],[107.45315,10.802877],[107.452364,10.803735],[107.450713,10.803533],[107.449769,10.804338],[107.448589,10.804561],[107.448545,10.803918],[107.447754,10.804285],[107.445399,10.804316],[107.445635,10.804869],[107.444367,10.804318],[107.443693,10.803636],[107.443654,10.802871],[107.442187,10.80134],[107.441774,10.801627],[107.439002,10.799762],[107.438179,10.80006],[107.437948,10.799082],[107.437223,10.79878],[107.437481,10.797392],[107.436223,10.796248],[107.436309,10.79501],[107.434949,10.79399],[107.435784,10.793419],[107.435517,10.792707],[107.434442,10.793173],[107.434077,10.791799],[107.432697,10.791147],[107.43277,10.790315],[107.431883,10.790531],[107.430715,10.789161],[107.430704,10.788187],[107.429622,10.788934],[107.428417,10.787333],[107.426705,10.787427],[107.426046,10.786839],[107.425985,10.785725],[107.42544,10.785378],[107.426114,10.784386],[107.425223,10.784439],[107.42518,10.783335],[107.423627,10.782224],[107.42391,10.781139],[107.423385,10.78116],[107.423471,10.780059],[107.422801,10.78004],[107.42238,10.778321],[107.421332,10.777745],[107.421432,10.776699],[107.420223,10.776034],[107.419483,10.775222],[107.419147,10.774088],[107.420046,10.773478],[107.420095,10.772129],[107.41905,10.771126],[107.418416,10.772308],[107.416907,10.77218],[107.414939,10.773333],[107.415229,10.771945],[107.413881,10.773313],[107.413529,10.772491],[107.412925,10.773758],[107.411935,10.774964],[107.411419,10.774441],[107.410236,10.774279],[107.409618,10.774685],[107.409141,10.773961],[107.408143,10.774042],[107.407417,10.772094],[107.405582,10.770302],[107.405125,10.770829],[107.404152,10.770569],[107.404573,10.769841],[107.403389,10.769413],[107.402663,10.769768],[107.402464,10.769064],[107.400886,10.769111],[107.400041,10.76813],[107.400531,10.767449],[107.399841,10.766779],[107.399837,10.76603],[107.398862,10.765788],[107.397419,10.763127],[107.394442,10.763114],[107.393936,10.762728],[107.393907,10.761458],[107.392497,10.759911],[107.39316,10.75855],[107.392788,10.75698],[107.391672,10.755554],[107.391065,10.755425],[107.389684,10.756729],[107.388931,10.756269],[107.388544,10.754824],[107.387653,10.754627],[107.385561,10.752999],[107.38504,10.752003],[107.383262,10.75134],[107.382898,10.75074],[107.383073,10.747672],[107.381231,10.748038],[107.38046,10.747589],[107.380393,10.746189],[107.379593,10.74455],[107.380175,10.742792],[107.379778,10.74111],[107.378761,10.742263],[107.37816,10.741722],[107.37812,10.740569],[107.376377,10.737659],[107.374808,10.736704],[107.374291,10.73566],[107.373037,10.734743],[107.371681,10.734731],[107.370999,10.734351],[107.370944,10.73347],[107.371634,10.732849],[107.371649,10.731667],[107.370654,10.731373],[107.369574,10.73278],[107.36812,10.733097],[107.366526,10.730952],[107.365893,10.730491],[107.364315,10.731259],[107.363626,10.731018],[107.363729,10.729724],[107.36109,10.728208],[107.361183,10.726797],[107.360705,10.72469],[107.358941,10.721704],[107.350752,10.708588],[107.350687,10.690572],[107.352008,10.678364],[107.357785,10.671825]]]},"properties":{"name":"Xã Bàu Lâm","short_name":"Bàu Lâm","unit_type":"Xã","osm_id":"relation/10329654","population":null,"ref":null,"id":85,"area_km2":125.17,"density":null}},{"type":"Feature","geometry":{"type":"Polygon","coordinates":[[[107.363483,10.588851],[107.363873,10.588963],[107.366078,10.586659],[107.368266,10.586526],[107.370383,10.585719],[107.371919,10.584167],[107.372077,10.5816],[107.383308,10.581677],[107.384001,10.59123],[107.412873,10.591549],[107.412676,10.589512],[107.415471,10.589442],[107.416755,10.588315],[107.41864,10.587653],[107.419682,10.587795],[107.420368,10.588937],[107.421076,10.589119],[107.423056,10.5888],[107.424374,10.588905],[107.425448,10.587207],[107.425869,10.587671],[107.42786,10.587867],[107.429359,10.586688],[107.429343,10.585417],[107.431717,10.584705],[107.432712,10.583545],[107.433624,10.583007],[107.433696,10.582295],[107.435415,10.583672],[107.437577,10.584299],[107.438568,10.584246],[107.438505,10.581133],[107.439498,10.578789],[107.440518,10.578399],[107.444176,10.578431],[107.444261,10.577492],[107.445892,10.576664],[107.454652,10.576883],[107.457455,10.577057],[107.464614,10.577133],[107.465311,10.577365],[107.465175,10.575361],[107.465794,10.575198],[107.466143,10.576295],[107.46617,10.577834],[107.466524,10.579416],[107.467543,10.579211],[107.46997,10.580547],[107.46986,10.581265],[107.472524,10.582259],[107.473409,10.58504],[107.473296,10.586999],[107.472776,10.58857],[107.473953,10.589496],[107.473505,10.591262],[107.474385,10.592185],[107.474243,10.593277],[107.475533,10.593883],[107.475265,10.594885],[107.476212,10.595618],[107.477258,10.598792],[107.477971,10.599093],[107.477805,10.599773],[107.478976,10.600659],[107.479321,10.601705],[107.478502,10.601742],[107.477456,10.603414],[107.477875,10.604279],[107.476888,10.606525],[107.476131,10.610026],[107.477558,10.61127],[107.481533,10.611218],[107.483706,10.611386],[107.489245,10.61151],[107.491897,10.611196],[107.492705,10.612736],[107.493601,10.612823],[107.494188,10.611413],[107.492796,10.610018],[107.492278,10.608577],[107.492876,10.60754],[107.494038,10.607078],[107.494032,10.605961],[107.495762,10.605559],[107.497262,10.604772],[107.497216,10.605167],[107.500018,10.606224],[107.500293,10.606661],[107.500259,10.606723],[107.490929,10.644738],[107.490378,10.6469],[107.489459,10.647064],[107.486267,10.649208],[107.485629,10.649049],[107.485425,10.649919],[107.484454,10.649656],[107.482815,10.650718],[107.481128,10.652176],[107.48016,10.653623],[107.478336,10.652856],[107.476724,10.65352],[107.47619,10.653177],[107.474522,10.653372],[107.473742,10.653989],[107.473717,10.654827],[107.472521,10.655502],[107.472443,10.656264],[107.473717,10.658858],[107.473782,10.659983],[107.47309,10.660848],[107.474329,10.663357],[107.473674,10.664138],[107.472752,10.66443],[107.472626,10.665303],[107.470936,10.66628],[107.470319,10.668539],[107.470515,10.669992],[107.469973,10.67257],[107.469201,10.673326],[107.465918,10.674119],[107.463648,10.676471],[107.46212,10.67762],[107.460961,10.677137],[107.46003,10.67729],[107.459563,10.676273],[107.457522,10.677765],[107.456865,10.678542],[107.453815,10.678202],[107.434892,10.678173],[107.422016,10.678455],[107.405788,10.678636],[107.405863,10.669443],[107.402988,10.669812],[107.397223,10.669631],[107.39667,10.669971],[107.39486,10.672852],[107.392894,10.673384],[107.39125,10.674538],[107.390212,10.674618],[107.386499,10.675435],[107.385982,10.672883],[107.382903,10.673194],[107.379486,10.67375],[107.378978,10.674305],[107.378826,10.675962],[107.377405,10.676125],[107.3759,10.676895],[107.372751,10.677151],[107.372137,10.677836],[107.371536,10.676647],[107.370342,10.675464],[107.367958,10.675063],[107.366649,10.674504],[107.363452,10.674061],[107.361499,10.675063],[107.359825,10.674494],[107.359053,10.672143],[107.357785,10.671825],[107.367542,10.656338],[107.367597,10.649696],[107.365535,10.647177],[107.364401,10.646049],[107.365538,10.643914],[107.365588,10.642539],[107.366203,10.641171],[107.365388,10.639464],[107.364044,10.638328],[107.36222,10.638484],[107.361737,10.638203],[107.360899,10.636672],[107.358825,10.635487],[107.357078,10.633145],[107.35591,10.630562],[107.356711,10.629046],[107.356571,10.625143],[107.355596,10.623664],[107.353573,10.62331],[107.353235,10.621954],[107.356279,10.619625],[107.35749,10.617277],[107.35811,10.614662],[107.357472,10.612614],[107.356093,10.611981],[107.355224,10.612973],[107.353849,10.61364],[107.352959,10.613498],[107.353183,10.612967],[107.352391,10.61087],[107.351575,10.610417],[107.35178,10.608021],[107.351265,10.60654],[107.354174,10.605872],[107.355162,10.605187],[107.356849,10.602565],[107.356936,10.601315],[107.358223,10.600925],[107.359649,10.60106],[107.359662,10.59995],[107.35902,10.598643],[107.360923,10.598385],[107.362232,10.598675],[107.363431,10.598224],[107.364549,10.596503],[107.365183,10.594269],[107.366357,10.593162],[107.367649,10.592898],[107.367569,10.592418],[107.364894,10.592507],[107.364437,10.591432],[107.363846,10.591129],[107.362921,10.589512],[107.363483,10.588851]]]},"properties":{"name":"Xã Hòa Hội","short_name":"Hòa Hội","unit_type":"Xã","osm_id":"relation/10330034","population":null,"ref":null,"id":86,"area_km2":136.18,"density":null}},{"type":"Feature","geometry":{"type":"Polygon","coordinates":[[[106.630319,10.978556],[106.63021,10.980677],[106.630452,10.981097],[106.629775,10.982115],[106.630778,10.984875],[106.632104,10.986601],[106.63447,10.988277],[106.63478,10.988826],[106.634631,10.990202],[106.635808,10.990197],[106.637735,10.98945],[106.640747,10.989401],[106.642612,10.989973],[106.64418,10.99008],[106.644193,10.992653],[106.645526,10.992654],[106.647522,10.993385],[106.647727,10.993007],[106.648972,10.994528],[106.649557,10.996367],[106.648752,10.997234],[106.647437,10.998644],[106.647019,10.999501],[106.645663,11.005067],[106.649225,11.005836],[106.651549,11.006911],[106.656723,11.008818],[106.658019,11.010074],[106.658889,11.011708],[106.658754,11.012216],[106.661561,11.013603],[106.663577,11.015644],[106.662472,11.016908],[106.661094,11.01972],[106.659597,11.023156],[106.664089,11.025195],[106.663505,11.026572],[106.661606,11.027098],[106.660265,11.028283],[106.660869,11.02893],[106.656576,11.033043],[106.655605,11.034729],[106.655732,11.03536],[106.654367,11.039055],[106.653243,11.040715],[106.657131,11.041211],[106.657414,11.042202],[106.656738,11.043523],[106.658943,11.045034],[106.661378,11.047793],[106.662215,11.049046],[106.661754,11.049433],[106.664674,11.056878],[106.663623,11.057001],[106.661919,11.056973],[106.658605,11.057941],[106.65805,11.058426],[106.653645,11.058093],[106.653998,11.05675],[106.653767,11.053914],[106.652678,11.051767],[106.64703,11.045896],[106.64005,11.034216],[106.640792,11.032806],[106.644449,11.028264],[106.645482,11.027275],[106.648086,11.02576],[106.646851,11.024324],[106.644218,11.022371],[106.64392,11.022991],[106.642391,11.022986],[106.639666,11.024134],[106.639926,11.023044],[106.639143,11.022441],[106.639176,11.02125],[106.638451,11.020706],[106.636667,11.02088],[106.636723,11.020288],[106.63408,11.01995],[106.63237,11.023237],[106.627321,11.021683],[106.624783,11.021102],[106.62031,11.02101],[106.620746,11.019795],[106.621638,11.018741],[106.622746,11.015528],[106.619002,11.015164],[106.617455,11.015428],[106.617273,11.01356],[106.616569,11.012869],[106.6162,11.01159],[106.6184,11.0104],[106.6196,11.00892],[106.6211,11.00593],[106.6213,11.00501],[106.621002,11.001863],[106.619902,10.999553],[106.616302,10.992933],[106.615902,10.991263],[106.616202,10.989803],[106.616802,10.988623],[106.617802,10.987603],[106.622302,10.984573],[106.625102,10.981183],[106.626102,10.980293],[106.627902,10.979243],[106.630319,10.978556]]]},"properties":{"name":"Phường Chánh Hiệp","short_name":"Chánh Hiệp","unit_type":"Phường","osm_id":"relation/10590955","population":57176,"ref":null,"id":87,"area_km2":20.14,"density":2839}},{"type":"Feature","geometry":{"type":"Polygon","coordinates":[[[107.511105,10.501209],[107.512741,10.501126],[107.515121,10.503225],[107.515721,10.503331],[107.532109,10.52742],[107.536737,10.530804],[107.541497,10.53872],[107.542934,10.540176],[107.544725,10.541157],[107.546399,10.539655],[107.548446,10.540186],[107.548159,10.542657],[107.549189,10.544289],[107.550359,10.547454],[107.553266,10.552538],[107.552956,10.551412],[107.553926,10.552703],[107.554146,10.553555],[107.555117,10.555079],[107.556206,10.555322],[107.556757,10.55683],[107.557428,10.557127],[107.559763,10.560298],[107.559484,10.559377],[107.560444,10.560052],[107.560591,10.560836],[107.561249,10.560996],[107.56222,10.562352],[107.56355,10.562557],[107.567249,10.565706],[107.568389,10.56551],[107.568689,10.566064],[107.570403,10.567414],[107.568812,10.578124],[107.569594,10.579576],[107.569198,10.581417],[107.568298,10.582224],[107.567847,10.585433],[107.570302,10.592718],[107.571947,10.600185],[107.570073,10.602286],[107.568033,10.602912],[107.568002,10.603801],[107.565873,10.605534],[107.564379,10.608375],[107.564982,10.613933],[107.563464,10.615167],[107.567246,10.616068],[107.568067,10.6172],[107.568123,10.6192],[107.567478,10.619505],[107.566906,10.621463],[107.566368,10.621538],[107.566527,10.622812],[107.565028,10.623342],[107.564529,10.624932],[107.563318,10.625872],[107.563856,10.626413],[107.562253,10.62809],[107.562859,10.62883],[107.563097,10.630427],[107.562166,10.632329],[107.562765,10.632706],[107.562186,10.633629],[107.561574,10.633768],[107.561023,10.6349],[107.560304,10.635423],[107.559528,10.637581],[107.556964,10.63918],[107.557092,10.640908],[107.556634,10.641604],[107.555552,10.641824],[107.55531,10.64397],[107.556177,10.644217],[107.556256,10.645162],[107.555248,10.645143],[107.555525,10.646226],[107.553879,10.646687],[107.55429,10.647633],[107.553643,10.647657],[107.55321,10.648857],[107.552251,10.64898],[107.551281,10.649975],[107.550556,10.651776],[107.55119,10.653849],[107.550052,10.654933],[107.549872,10.656443],[107.549426,10.656229],[107.532928,10.644731],[107.532385,10.644399],[107.531669,10.645619],[107.530793,10.645878],[107.529507,10.64698],[107.52829,10.64764],[107.526329,10.647889],[107.525098,10.647754],[107.524261,10.647172],[107.522784,10.64749],[107.52229,10.646855],[107.521032,10.646944],[107.519065,10.647917],[107.518619,10.647589],[107.517904,10.648197],[107.51582,10.646959],[107.514551,10.647511],[107.513778,10.646695],[107.511034,10.645808],[107.509503,10.646889],[107.508378,10.647047],[107.506827,10.64868],[107.503188,10.648845],[107.502082,10.64926],[107.501411,10.648643],[107.490929,10.644738],[107.500259,10.606723],[107.500293,10.606661],[107.50154,10.605573],[107.503338,10.603045],[107.503916,10.600954],[107.50443,10.600574],[107.504462,10.598837],[107.503816,10.598148],[107.503586,10.596753],[107.502819,10.596052],[107.502864,10.595462],[107.504799,10.593498],[107.506113,10.590406],[107.507969,10.589327],[107.508551,10.589781],[107.509165,10.589409],[107.509216,10.587426],[107.510866,10.58567],[107.510539,10.584766],[107.510858,10.58408],[107.510508,10.58294],[107.511566,10.582538],[107.511805,10.581035],[107.511185,10.580008],[107.510845,10.577615],[107.511523,10.57697],[107.511695,10.575617],[107.511606,10.573492],[107.511231,10.57326],[107.511317,10.571459],[107.511762,10.570523],[107.511815,10.569147],[107.512742,10.568556],[107.51255,10.566948],[107.512955,10.565859],[107.513441,10.566083],[107.513406,10.565006],[107.514314,10.565191],[107.514582,10.564364],[107.515686,10.564271],[107.517352,10.562658],[107.518403,10.559981],[107.517352,10.557468],[107.513731,10.555438],[107.512545,10.555923],[107.511515,10.555855],[107.510533,10.554795],[107.509332,10.551694],[107.509203,10.549173],[107.509729,10.544226],[107.511105,10.501209]]]},"properties":{"name":"Xã Bình Châu","short_name":"Bình Châu","unit_type":"Xã","osm_id":"relation/11379195","population":null,"ref":null,"id":88,"area_km2":85.94,"density":null}},{"type":"Feature","geometry":{"type":"Polygon","coordinates":[[[107.453815,10.678202],[107.456865,10.678542],[107.457522,10.677765],[107.459563,10.676273],[107.46003,10.67729],[107.460961,10.677137],[107.46212,10.67762],[107.463648,10.676471],[107.465918,10.674119],[107.469201,10.673326],[107.469973,10.67257],[107.470515,10.669992],[107.470319,10.668539],[107.470936,10.66628],[107.472626,10.665303],[107.472752,10.66443],[107.473674,10.664138],[107.474329,10.663357],[107.47309,10.660848],[107.473782,10.659983],[107.473717,10.658858],[107.472443,10.656264],[107.472521,10.655502],[107.473717,10.654827],[107.473742,10.653989],[107.474522,10.653372],[107.47619,10.653177],[107.476724,10.65352],[107.478336,10.652856],[107.48016,10.653623],[107.481128,10.652176],[107.482815,10.650718],[107.484454,10.649656],[107.485425,10.649919],[107.485629,10.649049],[107.486267,10.649208],[107.489459,10.647064],[107.490378,10.6469],[107.490929,10.644738],[107.501411,10.648643],[107.502082,10.64926],[107.503188,10.648845],[107.506827,10.64868],[107.508378,10.647047],[107.509503,10.646889],[107.511034,10.645808],[107.513778,10.646695],[107.514551,10.647511],[107.51582,10.646959],[107.517904,10.648197],[107.518619,10.647589],[107.519065,10.647917],[107.521032,10.646944],[107.52229,10.646855],[107.522784,10.64749],[107.524261,10.647172],[107.525098,10.647754],[107.526329,10.647889],[107.52829,10.64764],[107.529507,10.64698],[107.530793,10.645878],[107.531669,10.645619],[107.532385,10.644399],[107.532928,10.644731],[107.549426,10.656229],[107.549872,10.656443],[107.549044,10.657149],[107.549688,10.657759],[107.548921,10.658128],[107.549236,10.659449],[107.547962,10.660297],[107.548889,10.661525],[107.548704,10.662532],[107.548103,10.662519],[107.547191,10.663497],[107.545828,10.662912],[107.545293,10.664146],[107.546429,10.66434],[107.545335,10.664725],[107.545084,10.666243],[107.544117,10.667024],[107.544045,10.66947],[107.544898,10.66993],[107.54356,10.671199],[107.544844,10.671482],[107.544399,10.672244],[107.542852,10.673546],[107.541241,10.673578],[107.541146,10.674599],[107.540404,10.675164],[107.539626,10.674526],[107.539752,10.675675],[107.538907,10.67615],[107.539446,10.677286],[107.538819,10.677559],[107.538153,10.678648],[107.538482,10.679646],[107.538782,10.678883],[107.540405,10.680058],[107.539819,10.680789],[107.540604,10.681429],[107.54066,10.683205],[107.542099,10.684044],[107.54207,10.685148],[107.542615,10.68534],[107.54178,10.686321],[107.541758,10.687189],[107.542626,10.687317],[107.542087,10.68782],[107.543423,10.687986],[107.543778,10.68926],[107.542934,10.690191],[107.544343,10.691151],[107.544341,10.691912],[107.545005,10.692048],[107.545012,10.693208],[107.545912,10.693165],[107.545665,10.693875],[107.54655,10.694515],[107.546391,10.695809],[107.54504,10.695925],[107.54545,10.696497],[107.543562,10.698576],[107.544109,10.699499],[107.543248,10.699465],[107.544088,10.700972],[107.544805,10.701373],[107.543685,10.702524],[107.544198,10.703865],[107.543383,10.704156],[107.544337,10.706018],[107.543598,10.70651],[107.543242,10.707667],[107.542656,10.707976],[107.542135,10.709245],[107.540435,10.709429],[107.540714,10.711013],[107.53947,10.710928],[107.539834,10.712761],[107.538766,10.714083],[107.538703,10.715124],[107.537631,10.715264],[107.538171,10.715765],[107.537477,10.716321],[107.536401,10.716347],[107.536276,10.717501],[107.535623,10.718261],[107.535637,10.720328],[107.535014,10.721381],[107.534156,10.721877],[107.532481,10.722175],[107.532262,10.721409],[107.531108,10.722897],[107.529511,10.723283],[107.529242,10.723821],[107.528158,10.724142],[107.527466,10.727173],[107.526355,10.728188],[107.526102,10.729956],[107.526278,10.731211],[107.525449,10.73183],[107.524352,10.731191],[107.523374,10.732347],[107.522898,10.731749],[107.522156,10.732402],[107.522466,10.73358],[107.519536,10.73544],[107.516952,10.735388],[107.516791,10.734819],[107.515941,10.735152],[107.515584,10.73715],[107.515825,10.737838],[107.515308,10.738774],[107.514663,10.738897],[107.512361,10.740327],[107.512072,10.742861],[107.511567,10.743483],[107.509069,10.744761],[107.506464,10.745606],[107.50574,10.747448],[107.505934,10.749331],[107.506629,10.750311],[107.506237,10.751663],[107.506875,10.752419],[107.507042,10.755322],[107.507903,10.756374],[107.506775,10.757799],[107.504935,10.758473],[107.504504,10.759149],[107.501945,10.761104],[107.50525,10.771598],[107.496768,10.760266],[107.47766,10.756698],[107.47633,10.756632],[107.476719,10.755648],[107.476554,10.754458],[107.475753,10.752887],[107.473803,10.7521],[107.472855,10.751311],[107.472417,10.749462],[107.471885,10.749088],[107.47236,10.746316],[107.472006,10.744579],[107.471341,10.74294],[107.470563,10.742847],[107.470563,10.741918],[107.469701,10.74164],[107.469131,10.742263],[107.467901,10.741488],[107.466687,10.741413],[107.466132,10.740638],[107.464037,10.740615],[107.463302,10.741263],[107.4626,10.740584],[107.462638,10.739466],[107.462138,10.738008],[107.462302,10.737444],[107.460876,10.737259],[107.459758,10.736122],[107.458382,10.733987],[107.456802,10.7333],[107.456431,10.732129],[107.455265,10.73175],[107.454501,10.730948],[107.453215,10.731383],[107.451407,10.731303],[107.449624,10.730054],[107.44803,10.730277],[107.448694,10.687795],[107.45329,10.687599],[107.453751,10.686644],[107.453815,10.678202]]]},"properties":{"name":"Xã Hòa Hiệp","short_name":"Hòa Hiệp","unit_type":"Xã","osm_id":"relation/11379196","population":null,"ref":null,"id":89,"area_km2":99.37,"density":null}},{"type":"Feature","geometry":{"type":"Polygon","coordinates":[[[106.801987,10.919813],[106.798779,10.921946],[106.797096,10.922113],[106.796441,10.922673],[106.794652,10.923036],[106.794472,10.923699],[106.788182,10.922147],[106.788058,10.922861],[106.789199,10.924234],[106.791772,10.926598],[106.791372,10.928491],[106.79175,10.929536],[106.791609,10.930558],[106.790752,10.931846],[106.788429,10.932936],[106.787453,10.932811],[106.785695,10.933293],[106.783696,10.932752],[106.783351,10.935809],[106.782665,10.936631],[106.782036,10.938211],[106.780698,10.93771],[106.779297,10.936821],[106.777773,10.937731],[106.778321,10.939121],[106.776989,10.939323],[106.776385,10.938631],[106.775421,10.940308],[106.774587,10.939899],[106.77266,10.941204],[106.770098,10.944236],[106.769823,10.94642],[106.769315,10.947594],[106.769522,10.949078],[106.769999,10.949648],[106.769847,10.950713],[106.770222,10.95129],[106.771011,10.951013],[106.770882,10.952036],[106.770198,10.952513],[106.768736,10.951725],[106.767493,10.952124],[106.7664,10.95185],[106.764456,10.952188],[106.762821,10.953413],[106.764133,10.95606],[106.764807,10.956848],[106.764593,10.957886],[106.765157,10.958562],[106.76483,10.959791],[106.762412,10.961032],[106.761966,10.961871],[106.762087,10.963298],[106.763623,10.964723],[106.764316,10.963446],[106.765779,10.964404],[106.766729,10.964155],[106.766606,10.963452],[106.767929,10.964445],[106.769589,10.964262],[106.770032,10.965001],[106.771328,10.965262],[106.771582,10.964737],[106.771169,10.96343],[106.772056,10.963089],[106.772944,10.961785],[106.772998,10.959865],[106.773557,10.959253],[106.775519,10.959245],[106.776607,10.960104],[106.777896,10.961956],[106.778905,10.9628],[106.780643,10.963708],[106.78325,10.964617],[106.781267,10.972088],[106.780178,10.973737],[106.779283,10.974566],[106.777264,10.975528],[106.773568,10.976344],[106.771207,10.977403],[106.769174,10.979387],[106.768937,10.980479],[106.767267,10.980802],[106.766299,10.979324],[106.765213,10.978246],[106.765138,10.976295],[106.766093,10.97521],[106.76024,10.975941],[106.755692,10.9763],[106.749764,10.977184],[106.749391,10.973936],[106.74955,10.973092],[106.748957,10.971388],[106.749366,10.97043],[106.749358,10.969176],[106.75066,10.969373],[106.751227,10.968463],[106.750718,10.967832],[106.751528,10.967185],[106.751953,10.967783],[106.753359,10.965712],[106.752653,10.964027],[106.750429,10.961727],[106.747058,10.957145],[106.745368,10.953401],[106.745868,10.952094],[106.746941,10.947302],[106.748311,10.944508],[106.749375,10.940229],[106.7507,10.937264],[106.755771,10.929852],[106.7562,10.929427],[106.764973,10.925109],[106.766301,10.922649],[106.76762,10.92091],[106.76849,10.918968],[106.768565,10.915992],[106.769204,10.915616],[106.773129,10.914586],[106.777808,10.913232],[106.780692,10.911842],[106.783239,10.90995],[106.794616,10.906516],[106.795967,10.910734],[106.796587,10.912159],[106.801987,10.919813]]]},"properties":{"name":"Phường Tân Đông Hiệp","short_name":"Tân Đông Hiệp","unit_type":"Phường","osm_id":"relation/13420411","population":100243,"ref":null,"id":90,"area_km2":21.43,"density":4678}},{"type":"Feature","geometry":{"type":"Polygon","coordinates":[[[106.689261,10.963605],[106.690328,10.96502],[106.693539,10.966329],[106.699393,10.969956],[106.70029,10.970871],[106.700821,10.970813],[106.701836,10.972493],[106.70193,10.973386],[106.701086,10.974203],[106.700894,10.974965],[106.701211,10.977964],[106.700568,10.979602],[106.699425,10.980979],[106.699191,10.982355],[106.698448,10.982953],[106.698807,10.984149],[106.698348,10.985878],[106.697205,10.986296],[106.697247,10.986796],[106.696259,10.987403],[106.696429,10.988506],[106.697068,10.989754],[106.698929,10.991138],[106.70479,10.994679],[106.707167,10.996662],[106.706399,10.998297],[106.70464,11.000299],[106.703205,11.002263],[106.699833,11.003772],[106.698382,11.005622],[106.695396,11.007681],[106.692753,11.004635],[106.690856,11.004226],[106.689892,11.004307],[106.689085,11.005139],[106.687763,11.003809],[106.686358,11.001515],[106.686289,11.000242],[106.685376,10.998513],[106.683843,10.996339],[106.68296,10.99735],[106.681098,10.998912],[106.673518,11.004039],[106.671949,11.005169],[106.668836,11.008339],[106.666849,11.005562],[106.665365,11.007364],[106.663646,11.008883],[106.662313,11.00976],[106.661173,11.010094],[106.658889,11.011708],[106.658019,11.010074],[106.656723,11.008818],[106.651549,11.006911],[106.649225,11.005836],[106.645663,11.005067],[106.647019,10.999501],[106.647437,10.998644],[106.648752,10.997234],[106.655941,10.992885],[106.657329,10.992572],[106.660469,10.992282],[106.661865,10.991899],[106.662762,10.991278],[106.663571,10.990164],[106.665672,10.985947],[106.666963,10.981316],[106.670309,10.974276],[106.671052,10.973076],[106.67219,10.97224],[106.675492,10.97064],[106.681832,10.967076],[106.689261,10.963605]]]},"properties":{"name":"Phường Phú Lợi","short_name":"Phú Lợi","unit_type":"Phường","osm_id":"relation/13455517","population":107721,"ref":null,"id":91,"area_km2":18.08,"density":5958}},{"type":"Feature","geometry":{"type":"Polygon","coordinates":[[[106.658889,11.011708],[106.661173,11.010094],[106.662313,11.00976],[106.663646,11.008883],[106.665365,11.007364],[106.666849,11.005562],[106.668836,11.008339],[106.671949,11.005169],[106.673518,11.004039],[106.681098,10.998912],[106.68296,10.99735],[106.683843,10.996339],[106.685376,10.998513],[106.686289,11.000242],[106.686358,11.001515],[106.687763,11.003809],[106.689085,11.005139],[106.689892,11.004307],[106.690856,11.004226],[106.692753,11.004635],[106.695396,11.007681],[106.698382,11.005622],[106.699833,11.003772],[106.703205,11.002263],[106.703821,11.004112],[106.705101,11.00399],[106.70686,11.002925],[106.707872,11.002883],[106.709745,11.00379],[106.707491,11.005125],[106.707619,11.006195],[106.706748,11.006518],[106.707761,11.007819],[106.706611,11.008182],[106.705077,11.008017],[106.705602,11.009357],[106.705258,11.009738],[106.705809,11.011257],[106.705731,11.012458],[106.706455,11.012997],[106.706466,11.014185],[106.707662,11.016775],[106.708105,11.01681],[106.708131,11.017957],[106.707087,11.019079],[106.706468,11.021004],[106.706135,11.023311],[106.706101,11.027035],[106.704908,11.028844],[106.704487,11.030079],[106.705554,11.030416],[106.706488,11.031224],[106.710296,11.032053],[106.710415,11.033495],[106.711745,11.034559],[106.711809,11.036068],[106.714059,11.036802],[106.713807,11.038632],[106.713129,11.039732],[106.713239,11.040483],[106.715248,11.040533],[106.718547,11.042136],[106.719137,11.042831],[106.718617,11.046061],[106.717544,11.047906],[106.717072,11.049265],[106.715264,11.052295],[106.715178,11.052892],[106.713137,11.057188],[106.709186,11.057641],[106.708584,11.060593],[106.709207,11.060258],[106.709885,11.059106],[106.711579,11.059327],[106.712023,11.060191],[106.713098,11.060048],[106.717943,11.061257],[106.718793,11.062019],[106.721076,11.062731],[106.722878,11.062748],[106.721518,11.065431],[106.720966,11.065335],[106.719614,11.06681],[106.718848,11.068149],[106.718239,11.068225],[106.718232,11.069099],[106.717025,11.071235],[106.717055,11.072029],[106.715968,11.073431],[106.716083,11.074125],[106.715289,11.075264],[106.715147,11.076883],[106.713819,11.077959],[106.714017,11.079096],[106.713703,11.08001],[106.71248,11.08066],[106.711933,11.081876],[106.710073,11.084531],[106.708158,11.085489],[106.708584,11.086069],[106.706741,11.088135],[106.705722,11.088235],[106.704443,11.089665],[106.702998,11.090735],[106.70197,11.091113],[106.700378,11.092912],[106.698626,11.096969],[106.697808,11.097434],[106.695721,11.100492],[106.694617,11.101472],[106.693865,11.101344],[106.692909,11.10262],[106.693677,11.103635],[106.693052,11.10456],[106.693471,11.106103],[106.692926,11.106629],[106.691285,11.106553],[106.6904,11.106174],[106.687095,11.105921],[106.686298,11.10545],[106.685839,11.107405],[106.685424,11.107129],[106.681111,11.106929],[106.678405,11.107282],[106.678233,11.10795],[106.677155,11.108363],[106.673982,11.108908],[106.672185,11.108508],[106.671259,11.107648],[106.669495,11.107827],[106.66917,11.107348],[106.667244,11.107248],[106.667164,11.102306],[106.667746,11.100133],[106.667488,11.099146],[106.667574,11.097067],[106.667936,11.095259],[106.667195,11.095061],[106.666925,11.093021],[106.668854,11.091679],[106.669543,11.090089],[106.670015,11.08786],[106.670841,11.08721],[106.669819,11.084643],[106.667968,11.079416],[106.670097,11.078587],[106.6692,11.075992],[106.666928,11.076864],[106.66633,11.075246],[106.664836,11.074146],[106.663132,11.070334],[106.663434,11.067956],[106.662303,11.067656],[106.662448,11.066862],[106.663449,11.066818],[106.663578,11.065259],[106.663942,11.064875],[106.664173,11.061664],[106.663623,11.057001],[106.664674,11.056878],[106.661754,11.049433],[106.662215,11.049046],[106.661378,11.047793],[106.658943,11.045034],[106.656738,11.043523],[106.657414,11.042202],[106.657131,11.041211],[106.653243,11.040715],[106.654367,11.039055],[106.655732,11.03536],[106.655605,11.034729],[106.656576,11.033043],[106.660869,11.02893],[106.660265,11.028283],[106.661606,11.027098],[106.663505,11.026572],[106.664089,11.025195],[106.659597,11.023156],[106.661094,11.01972],[106.662472,11.016908],[106.663577,11.015644],[106.661561,11.013603],[106.658754,11.012216],[106.658889,11.011708]]]},"properties":{"name":"Phường Bình Dương","short_name":"Bình Dương","unit_type":"Phường","osm_id":"relation/13455518","population":107576,"ref":null,"id":92,"area_km2":57.91,"density":1858}},{"type":"Feature","geometry":{"type":"Polygon","coordinates":[[[106.694908,10.873533],[106.696475,10.874709],[106.697877,10.875413],[106.703057,10.877307],[106.701948,10.879614],[106.701136,10.882555],[106.702323,10.882781],[106.704517,10.882318],[106.704874,10.884235],[106.70684,10.883918],[106.707807,10.888036],[106.708742,10.89127],[106.707669,10.892004],[106.706897,10.89143],[106.706129,10.892397],[106.705146,10.892897],[106.710021,10.898688],[106.711996,10.901832],[106.712533,10.903477],[106.712826,10.90771],[106.713523,10.92001],[106.713395,10.922129],[106.71217,10.926859],[106.7108,10.932218],[106.709767,10.932201],[106.709741,10.9328],[106.708188,10.932804],[106.70819,10.934575],[106.707731,10.934875],[106.706162,10.932902],[106.70503,10.933418],[106.705441,10.934114],[106.704596,10.934582],[106.704128,10.935805],[106.703456,10.935565],[106.702914,10.936983],[106.702331,10.936889],[106.698305,10.938585],[106.695153,10.939374],[106.693953,10.938126],[106.692198,10.939147],[106.689169,10.936242],[106.687942,10.933676],[106.685927,10.932115],[106.684828,10.930716],[106.684507,10.930771],[106.683754,10.92894],[106.682008,10.929973],[106.681664,10.928725],[106.681522,10.926736],[106.680651,10.926214],[106.68026,10.925392],[106.680449,10.923521],[106.682262,10.922987],[106.683401,10.922312],[106.685293,10.920485],[106.687441,10.916779],[106.690943,10.909003],[106.692787,10.904199],[106.693264,10.9027],[106.694268,10.898388],[106.69451,10.89638],[106.694337,10.894569],[106.693565,10.892698],[106.689953,10.886907],[106.68899,10.884282],[106.689155,10.88197],[106.690138,10.879814],[106.694908,10.873533]]]},"properties":{"name":"Phường Lái Thiêu","short_name":"Lái Thiêu","unit_type":"Phường","osm_id":"relation/13470501","population":118852,"ref":null,"id":93,"area_km2":15.3,"density":7768}},{"type":"Feature","geometry":{"type":"Polygon","coordinates":[[[106.713114,10.865707],[106.715473,10.868384],[106.715204,10.869627],[106.71504,10.872618],[106.715811,10.872871],[106.718094,10.872389],[106.719485,10.872376],[106.721283,10.871775],[106.723645,10.871782],[106.723523,10.872654],[106.722628,10.873419],[106.721736,10.87485],[106.721437,10.876385],[106.717535,10.877183],[106.715186,10.877414],[106.714047,10.876996],[106.713841,10.877807],[106.712851,10.877417],[106.712647,10.877882],[106.713983,10.879366],[106.717879,10.880983],[106.716785,10.88326],[106.716695,10.885017],[106.717586,10.887748],[106.717279,10.887983],[106.71555,10.887704],[106.714579,10.886872],[106.713863,10.887505],[106.714508,10.888086],[106.713471,10.888785],[106.713107,10.889902],[106.715649,10.893147],[106.717641,10.896436],[106.721047,10.894028],[106.72617,10.890859],[106.727496,10.89019],[106.72868,10.891062],[106.729565,10.889677],[106.73283,10.890733],[106.731588,10.88683],[106.731462,10.885913],[106.736817,10.884747],[106.739376,10.889306],[106.73976,10.890382],[106.740656,10.906115],[106.741159,10.916332],[106.741802,10.926927],[106.734778,10.927334],[106.732217,10.926587],[106.732217,10.927009],[106.728973,10.926621],[106.728698,10.929301],[106.727823,10.929604],[106.726982,10.930464],[106.726863,10.931731],[106.725816,10.93345],[106.726036,10.933923],[106.725423,10.935799],[106.724388,10.938012],[106.725009,10.93822],[106.72445,10.94191],[106.723003,10.941906],[106.722385,10.941571],[106.721904,10.939144],[106.721235,10.939127],[106.720222,10.935689],[106.719759,10.935773],[106.71913,10.934676],[106.71957,10.93429],[106.718558,10.932332],[106.717819,10.932672],[106.716154,10.930582],[106.71217,10.926859],[106.713395,10.922129],[106.713523,10.92001],[106.712826,10.90771],[106.712533,10.903477],[106.711996,10.901832],[106.710021,10.898688],[106.705146,10.892897],[106.706129,10.892397],[106.706897,10.89143],[106.707669,10.892004],[106.708742,10.89127],[106.707807,10.888036],[106.70684,10.883918],[106.704874,10.884235],[106.704517,10.882318],[106.702323,10.882781],[106.701136,10.882555],[106.701948,10.879614],[106.703057,10.877307],[106.697877,10.875413],[106.696475,10.874709],[106.694908,10.873533],[106.697883,10.87024],[106.700514,10.868085],[106.702307,10.867248],[106.705172,10.866856],[106.709025,10.866598],[106.711878,10.866133],[106.713114,10.865707]]]},"properties":{"name":"Phường Bình Hòa","short_name":"Bình Hòa","unit_type":"Phường","osm_id":"relation/13470503","population":120035,"ref":null,"id":94,"area_km2":18.53,"density":6478}},{"type":"Feature","geometry":{"type":"Polygon","coordinates":[[[106.7507,10.937264],[106.749375,10.940229],[106.748311,10.944508],[106.746941,10.947302],[106.745868,10.952094],[106.745368,10.953401],[106.747058,10.957145],[106.750429,10.961727],[106.752653,10.964027],[106.753359,10.965712],[106.751953,10.967783],[106.751528,10.967185],[106.750718,10.967832],[106.751227,10.968463],[106.75066,10.969373],[106.749358,10.969176],[106.749366,10.97043],[106.748957,10.971388],[106.74955,10.973092],[106.749391,10.973936],[106.749764,10.977184],[106.745738,10.977789],[106.741022,10.978071],[106.740624,10.981197],[106.742465,10.986697],[106.740505,10.986336],[106.73779,10.986382],[106.735893,10.987326],[106.735282,10.986259],[106.73229,10.987691],[106.731013,10.988507],[106.730078,10.987824],[106.729162,10.988815],[106.726412,10.990866],[106.724654,10.991955],[106.723217,10.992214],[106.72293,10.989996],[106.722513,10.98632],[106.722006,10.983864],[106.721165,10.981786],[106.716091,10.973742],[106.718446,10.972443],[106.719174,10.971757],[106.720362,10.971618],[106.724272,10.970505],[106.724905,10.969829],[106.72538,10.970117],[106.727441,10.966976],[106.726546,10.966931],[106.725277,10.965019],[106.725231,10.96424],[106.72618,10.961692],[106.726326,10.960645],[106.725763,10.956785],[106.726215,10.953209],[106.726161,10.951908],[106.726798,10.945899],[106.724749,10.944818],[106.72445,10.94191],[106.725009,10.93822],[106.724388,10.938012],[106.725423,10.935799],[106.726036,10.933923],[106.725816,10.93345],[106.726863,10.931731],[106.726982,10.930464],[106.727823,10.929604],[106.728698,10.929301],[106.728973,10.926621],[106.732217,10.927009],[106.732217,10.926587],[106.734778,10.927334],[106.741802,10.926927],[106.742101,10.931882],[106.745123,10.932569],[106.744857,10.933358],[106.746395,10.934117],[106.74674,10.934695],[106.7507,10.937264]]]},"properties":{"name":"Phường An Phú","short_name":"An Phú","unit_type":"Phường","osm_id":"relation/13470504","population":162930,"ref":null,"id":95,"area_km2":16.81,"density":9692}},{"type":"Feature","geometry":{"type":"Polygon","coordinates":[[[106.689261,10.963605],[106.696202,10.960311],[106.698622,10.958632],[106.701654,10.955687],[106.699439,10.953649],[106.700692,10.95283],[106.69997,10.951507],[106.702058,10.951627],[106.703992,10.951348],[106.70611,10.950652],[106.706865,10.948805],[106.707299,10.947029],[106.706264,10.946847],[106.7065,10.945285],[106.706142,10.941237],[106.705396,10.941086],[106.704071,10.939484],[106.702913,10.937428],[106.702914,10.936983],[106.703456,10.935565],[106.704128,10.935805],[106.704596,10.934582],[106.705441,10.934114],[106.70503,10.933418],[106.706162,10.932902],[106.707731,10.934875],[106.70819,10.934575],[106.708188,10.932804],[106.709741,10.9328],[106.709767,10.932201],[106.7108,10.932218],[106.71217,10.926859],[106.716154,10.930582],[106.717819,10.932672],[106.718558,10.932332],[106.71957,10.93429],[106.71913,10.934676],[106.719759,10.935773],[106.720222,10.935689],[106.721235,10.939127],[106.721904,10.939144],[106.722385,10.941571],[106.723003,10.941906],[106.72445,10.94191],[106.724749,10.944818],[106.726798,10.945899],[106.726161,10.951908],[106.726215,10.953209],[106.725763,10.956785],[106.726326,10.960645],[106.72618,10.961692],[106.725231,10.96424],[106.725277,10.965019],[106.726546,10.966931],[106.727441,10.966976],[106.72538,10.970117],[106.724905,10.969829],[106.724272,10.970505],[106.720362,10.971618],[106.719174,10.971757],[106.718446,10.972443],[106.716091,10.973742],[106.721165,10.981786],[106.722006,10.983864],[106.722513,10.98632],[106.72293,10.989996],[106.720262,10.99093],[106.720303,10.991831],[106.718335,10.992087],[106.717868,10.993187],[106.715314,10.993495],[106.716138,10.995347],[106.7148,10.995148],[106.712179,10.993814],[106.712321,10.992434],[106.710924,10.992329],[106.710769,10.991696],[106.709263,10.991982],[106.707644,10.99172],[106.707523,10.994122],[106.708706,10.997493],[106.707167,10.996662],[106.70479,10.994679],[106.698929,10.991138],[106.697068,10.989754],[106.696429,10.988506],[106.696259,10.987403],[106.697247,10.986796],[106.697205,10.986296],[106.698348,10.985878],[106.698807,10.984149],[106.698448,10.982953],[106.699191,10.982355],[106.699425,10.980979],[106.700568,10.979602],[106.701211,10.977964],[106.700894,10.974965],[106.701086,10.974203],[106.70193,10.973386],[106.701836,10.972493],[106.700821,10.970813],[106.70029,10.970871],[106.699393,10.969956],[106.693539,10.966329],[106.690328,10.96502],[106.689261,10.963605]]]},"properties":{"name":"Phường Thuận Giao","short_name":"Thuận Giao","unit_type":"Phường","osm_id":"relation/13470506","population":150781,"ref":null,"id":96,"area_km2":16.92,"density":8911}},{"type":"Feature","geometry":{"type":"Polygon","coordinates":[[[106.657293,10.925885],[106.661869,10.923092],[106.664294,10.92203],[106.667164,10.921069],[106.668942,10.920801],[106.670805,10.921067],[106.67768,10.923249],[106.680449,10.923521],[106.68026,10.925392],[106.680651,10.926214],[106.681522,10.926736],[106.681664,10.928725],[106.682008,10.929973],[106.683754,10.92894],[106.684507,10.930771],[106.684828,10.930716],[106.685927,10.932115],[106.687942,10.933676],[106.689169,10.936242],[106.692198,10.939147],[106.693953,10.938126],[106.695153,10.939374],[106.698305,10.938585],[106.702331,10.936889],[106.702914,10.936983],[106.702913,10.937428],[106.704071,10.939484],[106.705396,10.941086],[106.706142,10.941237],[106.7065,10.945285],[106.706264,10.946847],[106.707299,10.947029],[106.706865,10.948805],[106.70611,10.950652],[106.703992,10.951348],[106.702058,10.951627],[106.69997,10.951507],[106.700692,10.95283],[106.699439,10.953649],[106.701654,10.955687],[106.698622,10.958632],[106.696202,10.960311],[106.689261,10.963605],[106.686103,10.960895],[106.685631,10.960037],[106.681752,10.95731],[106.680628,10.959689],[106.680046,10.961464],[106.678147,10.960613],[106.677285,10.959863],[106.675015,10.959199],[106.673783,10.959059],[106.672845,10.958527],[106.673062,10.957761],[106.671981,10.95721],[106.6723,10.956352],[106.669672,10.954937],[106.669108,10.954404],[106.669932,10.953253],[106.668093,10.952066],[106.666345,10.952652],[106.665892,10.951029],[106.667971,10.949658],[106.66867,10.948043],[106.67011,10.946943],[106.668196,10.943853],[106.667712,10.943329],[106.666932,10.943528],[106.666177,10.944345],[106.665642,10.94364],[106.664841,10.943853],[106.664424,10.945623],[106.663606,10.946672],[106.66172,10.94641],[106.660552,10.945639],[106.660001,10.943984],[106.659116,10.942886],[106.658065,10.940002],[106.657447,10.939723],[106.655694,10.940362],[106.654142,10.940117],[106.653391,10.940592],[106.652599,10.941964],[106.6516,10.94217],[106.6508,10.93998],[106.6502,10.93742],[106.6504,10.93448],[106.6508,10.93312],[106.6525,10.93027],[106.6534,10.92909],[106.657293,10.925885]]]},"properties":{"name":"Phường Thuận An","short_name":"Thuận An","unit_type":"Phường","osm_id":"relation/13470588","population":64689,"ref":null,"id":97,"area_km2":16.17,"density":4001}},{"type":"Feature","geometry":{"type":"Polygon","coordinates":[[[106.776951,11.009087],[106.78108,11.011352],[106.782956,11.012932],[106.784,11.014905],[106.784466,11.017445],[106.785309,11.018272],[106.787667,11.018837],[106.789332,11.019667],[106.792289,11.022529],[106.79362,11.023264],[106.79653,11.02413],[106.800279,11.024965],[106.80501,11.025398],[106.808286,11.026087],[106.809888,11.026967],[106.811049,11.028152],[106.812796,11.031388],[106.813153,11.032758],[106.813159,11.034483],[106.812618,11.037064],[106.811761,11.040237],[106.810234,11.044094],[106.808202,11.046803],[106.806215,11.048527],[106.80277,11.050953],[106.800239,11.052391],[106.799012,11.053894],[106.798575,11.055489],[106.798756,11.057119],[106.800451,11.058987],[106.802234,11.059932],[106.805186,11.060874],[106.809338,11.061703],[106.815248,11.063197],[106.819874,11.06461],[106.823291,11.065403],[106.824942,11.065321],[106.828179,11.064264],[106.829463,11.062899],[106.830082,11.061831],[106.831399,11.057808],[106.832362,11.05563],[106.835023,11.0508],[106.83715,11.04559],[106.841745,11.047692],[106.84267,11.047143],[106.846759,11.049683],[106.848867,11.048443],[106.85046,11.049422],[106.851304,11.050293],[106.849393,11.052166],[106.850976,11.053483],[106.852664,11.056319],[106.854407,11.058181],[106.857127,11.05912],[106.858973,11.061052],[106.86035,11.062842],[106.86135,11.063759],[106.862616,11.064245],[106.86352,11.065635],[106.863982,11.067427],[106.864989,11.069201],[106.865372,11.071271],[106.867463,11.073877],[106.865795,11.075176],[106.866329,11.077282],[106.866973,11.078822],[106.872842,11.087448],[106.874838,11.090535],[106.876115,11.093482],[106.875013,11.092681],[106.873811,11.093587],[106.872299,11.093661],[106.870823,11.092993],[106.869209,11.093103],[106.869096,11.093477],[106.867427,11.093527],[106.866688,11.093216],[106.864274,11.093878],[106.861638,11.094036],[106.860226,11.094756],[106.857721,11.094355],[106.856121,11.093361],[106.855423,11.093657],[106.852698,11.093239],[106.84968,11.092471],[106.849151,11.091655],[106.847489,11.09115],[106.845732,11.091112],[106.845274,11.090466],[106.843517,11.089126],[106.842546,11.088685],[106.841057,11.089057],[106.838565,11.087726],[106.837024,11.087266],[106.836679,11.086849],[106.83475,11.08744],[106.833911,11.086991],[106.832087,11.087831],[106.831149,11.087744],[106.829837,11.088539],[106.82815,11.088978],[106.825494,11.091681],[106.824965,11.093314],[106.823587,11.095609],[106.823239,11.099712],[106.823821,11.102347],[106.823258,11.104568],[106.823335,11.106116],[106.822933,11.106668],[106.823035,11.1079],[106.822686,11.110053],[106.821485,11.111811],[106.821293,11.112634],[106.82223,11.116802],[106.822241,11.118988],[106.823703,11.119021],[106.823094,11.123102],[106.822241,11.127966],[106.82219,11.137156],[106.826531,11.137291],[106.826476,11.147676],[106.826216,11.149098],[106.827071,11.149207],[106.827672,11.150053],[106.828576,11.150274],[106.828606,11.15374],[106.827015,11.15394],[106.826012,11.155326],[106.824896,11.155498],[106.824447,11.157744],[106.824113,11.157911],[106.823904,11.161643],[106.823928,11.165993],[106.816693,11.16622],[106.816592,11.166611],[106.814185,11.167158],[106.813728,11.168255],[106.810927,11.167934],[106.811214,11.170368],[106.810249,11.170045],[106.810328,11.170685],[106.809621,11.173708],[106.807977,11.173544],[106.806384,11.172047],[106.805276,11.169676],[106.804372,11.169042],[106.803469,11.167688],[106.801477,11.165949],[106.800818,11.16479],[106.79933,11.164234],[106.797522,11.163919],[106.793852,11.162711],[106.790659,11.162251],[106.789292,11.162311],[106.788534,11.162824],[106.787367,11.162911],[106.785505,11.161319],[106.785296,11.161619],[106.783501,11.160637],[106.782033,11.160284],[106.781525,11.159735],[106.781241,11.158256],[106.779814,11.156614],[106.778317,11.156256],[106.778317,11.154872],[106.773618,11.154766],[106.773819,11.140756],[106.780012,11.140793],[106.779475,11.133871],[106.783027,11.136548],[106.783746,11.135024],[106.783998,11.132676],[106.783456,11.123286],[106.783061,11.104689],[106.783081,11.095476],[106.774449,11.095454],[106.773705,11.094296],[106.771362,11.089658],[106.76037,11.067878],[106.763014,11.067843],[106.762956,11.063343],[106.767763,11.063252],[106.767678,11.058645],[106.76781,11.057948],[106.770218,11.055423],[106.771559,11.054607],[106.772733,11.052215],[106.773588,11.051623],[106.775972,11.05077],[106.777007,11.049162],[106.778001,11.048959],[106.78009,11.047732],[106.779724,11.046034],[106.780458,11.044222],[106.781581,11.044217],[106.783,11.043627],[106.782657,11.042374],[106.782867,11.040888],[106.782695,11.039794],[106.779868,11.037129],[106.779103,11.03582],[106.779488,11.03279],[106.780385,11.030301],[106.780544,11.029171],[106.77954,11.024173],[106.779935,11.022086],[106.781053,11.020848],[106.781284,11.019111],[106.780063,11.016234],[106.779457,11.015244],[106.777804,11.013462],[106.776959,11.010784],[106.776951,11.009087]]]},"properties":{"name":"Phường Tân Uyên","short_name":"Tân Uyên","unit_type":"Phường","osm_id":"relation/13477425","population":73032,"ref":null,"id":98,"area_km2":93.64,"density":780}},{"type":"Feature","geometry":{"type":"Polygon","coordinates":[[[106.78325,10.964617],[106.784433,10.965832],[106.786358,10.96723],[106.788515,10.968221],[106.79102,10.968938],[106.79354,10.969968],[106.795875,10.97127],[106.796307,10.972046],[106.796272,10.973268],[106.794826,10.975513],[106.793387,10.976827],[106.789541,10.979989],[106.785664,10.983613],[106.783188,10.985741],[106.781928,10.987354],[106.77917,10.99215],[106.777827,10.995113],[106.774738,11.003243],[106.774483,11.00451],[106.774923,11.006827],[106.775777,11.008086],[106.776951,11.009087],[106.776959,11.010784],[106.777804,11.013462],[106.77491,11.015359],[106.775625,11.016387],[106.77419,11.018055],[106.773473,11.018311],[106.770612,11.020801],[106.769492,11.022166],[106.767621,11.023476],[106.765972,11.023704],[106.763748,11.023543],[106.762333,11.022051],[106.761752,11.022296],[106.759717,11.020648],[106.758251,11.017593],[106.757756,11.0162],[106.756495,11.015228],[106.754826,11.014707],[106.753675,11.013933],[106.754135,11.013444],[106.753288,11.012864],[106.751993,11.013435],[106.750845,11.013086],[106.75023,11.013402],[106.751106,11.014338],[106.74956,11.015301],[106.749033,11.016124],[106.748185,11.015927],[106.747685,11.016593],[106.74656,11.016806],[106.746078,11.017699],[106.746657,11.018882],[106.746243,11.019331],[106.744608,11.01938],[106.742943,11.020588],[106.742337,11.020416],[106.741445,11.021064],[106.741362,11.022253],[106.740074,11.022794],[106.740157,11.024104],[106.739732,11.02518],[106.738462,11.026668],[106.738491,11.027531],[106.737704,11.02796],[106.73763,11.030326],[106.736653,11.031293],[106.735227,11.031031],[106.733267,11.032383],[106.732081,11.03171],[106.730215,11.032261],[106.72875,11.032017],[106.727376,11.032251],[106.725967,11.033247],[106.723644,11.033135],[106.721398,11.033842],[106.72058,11.03367],[106.719295,11.034039],[106.716924,11.033402],[106.715661,11.033838],[106.71438,11.033561],[106.713233,11.032659],[106.710296,11.032053],[106.706488,11.031224],[106.705554,11.030416],[106.704487,11.030079],[106.704908,11.028844],[106.706101,11.027035],[106.706135,11.023311],[106.706468,11.021004],[106.707087,11.019079],[106.708131,11.017957],[106.708105,11.01681],[106.707662,11.016775],[106.706466,11.014185],[106.706455,11.012997],[106.705731,11.012458],[106.705809,11.011257],[106.705258,11.009738],[106.705602,11.009357],[106.705077,11.008017],[106.706611,11.008182],[106.707761,11.007819],[106.706748,11.006518],[106.707619,11.006195],[106.707491,11.005125],[106.709745,11.00379],[106.707872,11.002883],[106.70686,11.002925],[106.705101,11.00399],[106.703821,11.004112],[106.703205,11.002263],[106.70464,11.000299],[106.706399,10.998297],[106.707167,10.996662],[106.708706,10.997493],[106.707523,10.994122],[106.707644,10.99172],[106.709263,10.991982],[106.710769,10.991696],[106.710924,10.992329],[106.712321,10.992434],[106.712179,10.993814],[106.7148,10.995148],[106.716138,10.995347],[106.715314,10.993495],[106.717868,10.993187],[106.718335,10.992087],[106.720303,10.991831],[106.720262,10.99093],[106.72293,10.989996],[106.723217,10.992214],[106.724654,10.991955],[106.726412,10.990866],[106.729162,10.988815],[106.730078,10.987824],[106.731013,10.988507],[106.73229,10.987691],[106.735282,10.986259],[106.735893,10.987326],[106.73779,10.986382],[106.740505,10.986336],[106.742465,10.986697],[106.740624,10.981197],[106.741022,10.978071],[106.745738,10.977789],[106.749764,10.977184],[106.755692,10.9763],[106.76024,10.975941],[106.766093,10.97521],[106.765138,10.976295],[106.765213,10.978246],[106.766299,10.979324],[106.767267,10.980802],[106.768937,10.980479],[106.769174,10.979387],[106.771207,10.977403],[106.773568,10.976344],[106.777264,10.975528],[106.779283,10.974566],[106.780178,10.973737],[106.781267,10.972088],[106.78325,10.964617]]]},"properties":{"name":"Phường Tân Khánh","short_name":"Tân Khánh","unit_type":"Phường","osm_id":"relation/13477540","population":126393,"ref":null,"id":99,"area_km2":38.57,"density":3277}},{"type":"Feature","geometry":{"type":"Polygon","coordinates":[[[106.721518,11.065431],[106.720863,11.06691],[106.721904,11.068133],[106.721845,11.069859],[106.722837,11.070522],[106.722889,11.071297],[106.724348,11.072945],[106.724818,11.074342],[106.727064,11.075341],[106.727692,11.077291],[106.728107,11.077466],[106.728283,11.079996],[106.727684,11.080446],[106.727373,11.081883],[106.728081,11.083102],[106.728128,11.08523],[106.728694,11.086353],[106.728488,11.088534],[106.727659,11.089102],[106.727295,11.090502],[106.726103,11.093217],[106.726003,11.094584],[106.726494,11.095766],[106.726494,11.097229],[106.726983,11.098765],[106.728115,11.099551],[106.729193,11.101298],[106.73135,11.102693],[106.73306,11.104196],[106.734468,11.104746],[106.734917,11.105669],[106.737054,11.107217],[106.737821,11.108769],[106.737065,11.110369],[106.737926,11.114464],[106.738333,11.114897],[106.736872,11.115291],[106.73543,11.116824],[106.73549,11.118324],[106.736229,11.118345],[106.737667,11.119399],[106.737601,11.120246],[106.733943,11.120797],[106.734686,11.123363],[106.735777,11.123344],[106.735863,11.124502],[106.736628,11.124792],[106.736316,11.125885],[106.735241,11.127423],[106.735595,11.128739],[106.737092,11.128434],[106.737181,11.13063],[106.736402,11.131047],[106.73633,11.132037],[106.735697,11.132648],[106.735681,11.136706],[106.728018,11.135961],[106.727704,11.136408],[106.727505,11.138314],[106.724177,11.136799],[106.722832,11.138736],[106.719993,11.139111],[106.719113,11.139898],[106.71952,11.141453],[106.718485,11.141766],[106.716129,11.140729],[106.715536,11.139636],[106.71481,11.139379],[106.713807,11.137085],[106.713177,11.136853],[106.713412,11.138573],[106.712558,11.142643],[106.712536,11.148462],[106.712634,11.149031],[106.718728,11.163857],[106.723836,11.176689],[106.725169,11.180357],[106.731212,11.181281],[106.734541,11.181694],[106.734852,11.181331],[106.753311,11.181754],[106.754041,11.183178],[106.75703,11.186426],[106.757624,11.186583],[106.760098,11.188789],[106.761236,11.189178],[106.76221,11.190348],[106.761876,11.190796],[106.758687,11.190807],[106.758638,11.199978],[106.75823,11.210416],[106.75353,11.210435],[106.751967,11.20979],[106.751739,11.208917],[106.750485,11.206825],[106.750592,11.20507],[106.749238,11.203858],[106.748692,11.202568],[106.745987,11.200413],[106.744932,11.200258],[106.742267,11.200943],[106.738114,11.199925],[106.736695,11.200041],[106.73487,11.199804],[106.732884,11.197986],[106.73225,11.196778],[106.732189,11.195721],[106.732535,11.192829],[106.731781,11.191395],[106.730504,11.19179],[106.729893,11.191369],[106.727285,11.19124],[106.725335,11.190937],[106.725228,11.191537],[106.724332,11.191324],[106.721647,11.203274],[106.708257,11.201776],[106.706541,11.201036],[106.7049,11.201057],[106.703146,11.200052],[106.701536,11.198347],[106.700158,11.197189],[106.697811,11.195641],[106.696419,11.196021],[106.695754,11.19574],[106.694023,11.193772],[106.691437,11.192586],[106.690609,11.191849],[106.689992,11.190511],[106.688149,11.187556],[106.685766,11.184275],[106.684113,11.182875],[106.683517,11.182707],[106.683136,11.180186],[106.683394,11.177881],[106.68106,11.168455],[106.679323,11.16205],[106.680224,11.1621],[106.679569,11.159339],[106.678955,11.157898],[106.680438,11.157519],[106.679974,11.15529],[106.681919,11.15533],[106.682627,11.152119],[106.683447,11.150622],[106.683662,11.148509],[106.683498,11.14678],[106.683742,11.145687],[106.683278,11.144369],[106.683901,11.14303],[106.683249,11.142014],[106.683295,11.141051],[106.684115,11.139506],[106.684713,11.139185],[106.68452,11.13785],[106.685695,11.135598],[106.685942,11.133484],[106.686379,11.132353],[106.687118,11.132188],[106.687557,11.130613],[106.688474,11.12875],[106.690034,11.126556],[106.690429,11.1243],[106.691835,11.123692],[106.692309,11.122336],[106.69252,11.120428],[106.693504,11.118645],[106.693767,11.117065],[106.693607,11.115383],[106.694192,11.11396],[106.693003,11.111049],[106.692492,11.107202],[106.692926,11.106629],[106.693471,11.106103],[106.693052,11.10456],[106.693677,11.103635],[106.692909,11.10262],[106.693865,11.101344],[106.694617,11.101472],[106.695721,11.100492],[106.697808,11.097434],[106.698626,11.096969],[106.700378,11.092912],[106.70197,11.091113],[106.702998,11.090735],[106.704443,11.089665],[106.705722,11.088235],[106.706741,11.088135],[106.708584,11.086069],[106.708158,11.085489],[106.710073,11.084531],[106.711933,11.081876],[106.71248,11.08066],[106.713703,11.08001],[106.714017,11.079096],[106.713819,11.077959],[106.715147,11.076883],[106.715289,11.075264],[106.716083,11.074125],[106.715968,11.073431],[106.717055,11.072029],[106.717025,11.071235],[106.718232,11.069099],[106.718239,11.068225],[106.718848,11.068149],[106.719614,11.06681],[106.720966,11.065335],[106.721518,11.065431]]]},"properties":{"name":"Phường Vĩnh Tân","short_name":"Vĩnh Tân","unit_type":"Phường","osm_id":"relation/13477543","population":61865,"ref":null,"id":100,"area_km2":61.76,"density":1002}},{"type":"Feature","geometry":{"type":"Polygon","coordinates":[[[106.809621,11.173708],[106.810117,11.17626],[106.811233,11.177441],[106.811585,11.178297],[106.811362,11.180728],[106.812358,11.182015],[106.812874,11.183446],[106.81367,11.184389],[106.814644,11.18656],[106.816075,11.188335],[106.817005,11.190184],[106.817687,11.190578],[106.817935,11.192269],[106.818926,11.192591],[106.819628,11.193825],[106.820818,11.194833],[106.821384,11.195957],[106.825385,11.195947],[106.828835,11.194077],[106.830083,11.194155],[106.831322,11.193219],[106.83137,11.193643],[106.833205,11.194351],[106.834072,11.194973],[106.835003,11.194984],[106.835689,11.197007],[106.836883,11.198111],[106.8371,11.198961],[106.836639,11.199665],[106.837748,11.200004],[106.838119,11.201484],[106.837653,11.202204],[106.837766,11.203226],[106.837283,11.203504],[106.837578,11.204348],[106.836497,11.204285],[106.835842,11.205535],[106.836472,11.207291],[106.837277,11.207421],[106.837197,11.208308],[106.836354,11.209245],[106.837264,11.209221],[106.83717,11.209843],[106.835879,11.209873],[106.835056,11.210404],[106.835865,11.211838],[106.833973,11.210957],[106.831632,11.209314],[106.829704,11.209151],[106.828262,11.20964],[106.826529,11.210727],[106.82421,11.212754],[106.823452,11.21456],[106.823566,11.217314],[106.82142,11.217464],[106.819741,11.21458],[106.820068,11.21267],[106.819041,11.211118],[106.818655,11.208989],[106.817882,11.207815],[106.816238,11.206193],[106.816061,11.206429],[106.813535,11.205598],[106.813991,11.204651],[106.804294,11.193576],[106.794054,11.201845],[106.794365,11.193137],[106.792865,11.193048],[106.793448,11.19114],[106.793649,11.189127],[106.790379,11.188574],[106.788803,11.188493],[106.781144,11.188686],[106.777319,11.18868],[106.764343,11.188346],[106.764533,11.189077],[106.763535,11.190127],[106.76221,11.190348],[106.761236,11.189178],[106.760098,11.188789],[106.757624,11.186583],[106.75703,11.186426],[106.754041,11.183178],[106.753311,11.181754],[106.734852,11.181331],[106.734541,11.181694],[106.731212,11.181281],[106.725169,11.180357],[106.723836,11.176689],[106.718728,11.163857],[106.712634,11.149031],[106.712536,11.148462],[106.712558,11.142643],[106.713412,11.138573],[106.713177,11.136853],[106.713807,11.137085],[106.71481,11.139379],[106.715536,11.139636],[106.716129,11.140729],[106.718485,11.141766],[106.71952,11.141453],[106.719113,11.139898],[106.719993,11.139111],[106.722832,11.138736],[106.724177,11.136799],[106.727505,11.138314],[106.727704,11.136408],[106.728018,11.135961],[106.735681,11.136706],[106.735697,11.132648],[106.73633,11.132037],[106.736402,11.131047],[106.737181,11.13063],[106.737092,11.128434],[106.735595,11.128739],[106.735241,11.127423],[106.736316,11.125885],[106.736628,11.124792],[106.735863,11.124502],[106.735777,11.123344],[106.734686,11.123363],[106.733943,11.120797],[106.737601,11.120246],[106.737667,11.119399],[106.736229,11.118345],[106.73549,11.118324],[106.73543,11.116824],[106.736872,11.115291],[106.738333,11.114897],[106.737926,11.114464],[106.737065,11.110369],[106.737821,11.108769],[106.739228,11.109046],[106.741887,11.110378],[106.743068,11.109745],[106.743897,11.1101],[106.743714,11.105556],[106.742909,11.103973],[106.748211,11.100932],[106.747986,11.096472],[106.75256,11.096056],[106.752391,11.091547],[106.756888,11.091184],[106.756782,11.089279],[106.757623,11.087732],[106.759553,11.089465],[106.760012,11.090272],[106.761892,11.091],[106.763093,11.093212],[106.764681,11.092262],[106.766128,11.091742],[106.76634,11.092134],[106.771362,11.089658],[106.773705,11.094296],[106.774449,11.095454],[106.783081,11.095476],[106.783061,11.104689],[106.783456,11.123286],[106.783998,11.132676],[106.783746,11.135024],[106.783027,11.136548],[106.779475,11.133871],[106.780012,11.140793],[106.773819,11.140756],[106.773618,11.154766],[106.778317,11.154872],[106.778317,11.156256],[106.779814,11.156614],[106.781241,11.158256],[106.781525,11.159735],[106.782033,11.160284],[106.783501,11.160637],[106.785296,11.161619],[106.785505,11.161319],[106.787367,11.162911],[106.788534,11.162824],[106.789292,11.162311],[106.790659,11.162251],[106.793852,11.162711],[106.797522,11.163919],[106.79933,11.164234],[106.800818,11.16479],[106.801477,11.165949],[106.803469,11.167688],[106.804372,11.169042],[106.805276,11.169676],[106.806384,11.172047],[106.807977,11.173544],[106.809621,11.173708]]]},"properties":{"name":"Phường Bình Cơ","short_name":"Bình Cơ","unit_type":"Phường","osm_id":"relation/13477544","population":64601,"ref":null,"id":101,"area_km2":73.79,"density":875}},{"type":"Feature","geometry":{"type":"Polygon","coordinates":[[[106.710296,11.032053],[106.713233,11.032659],[106.71438,11.033561],[106.715661,11.033838],[106.716924,11.033402],[106.719295,11.034039],[106.72058,11.03367],[106.721398,11.033842],[106.723644,11.033135],[106.725967,11.033247],[106.727376,11.032251],[106.72875,11.032017],[106.730215,11.032261],[106.732081,11.03171],[106.733267,11.032383],[106.735227,11.031031],[106.736653,11.031293],[106.73763,11.030326],[106.737704,11.02796],[106.738491,11.027531],[106.738462,11.026668],[106.739732,11.02518],[106.740157,11.024104],[106.740074,11.022794],[106.741362,11.022253],[106.741445,11.021064],[106.742337,11.020416],[106.742943,11.020588],[106.744608,11.01938],[106.746243,11.019331],[106.746657,11.018882],[106.746078,11.017699],[106.74656,11.016806],[106.747685,11.016593],[106.748185,11.015927],[106.749033,11.016124],[106.74956,11.015301],[106.751106,11.014338],[106.75023,11.013402],[106.750845,11.013086],[106.751993,11.013435],[106.753288,11.012864],[106.754135,11.013444],[106.753675,11.013933],[106.754826,11.014707],[106.756495,11.015228],[106.757756,11.0162],[106.758251,11.017593],[106.759717,11.020648],[106.761752,11.022296],[106.762333,11.022051],[106.763748,11.023543],[106.765972,11.023704],[106.767621,11.023476],[106.769492,11.022166],[106.770612,11.020801],[106.773473,11.018311],[106.77419,11.018055],[106.775625,11.016387],[106.77491,11.015359],[106.777804,11.013462],[106.779457,11.015244],[106.780063,11.016234],[106.781284,11.019111],[106.781053,11.020848],[106.779935,11.022086],[106.77954,11.024173],[106.780544,11.029171],[106.780385,11.030301],[106.779488,11.03279],[106.779103,11.03582],[106.779868,11.037129],[106.782695,11.039794],[106.782867,11.040888],[106.782657,11.042374],[106.783,11.043627],[106.781581,11.044217],[106.780458,11.044222],[106.779724,11.046034],[106.78009,11.047732],[106.778001,11.048959],[106.777007,11.049162],[106.775972,11.05077],[106.773588,11.051623],[106.772733,11.052215],[106.771559,11.054607],[106.770218,11.055423],[106.76781,11.057948],[106.767678,11.058645],[106.767763,11.063252],[106.762956,11.063343],[106.763014,11.067843],[106.76037,11.067878],[106.771362,11.089658],[106.76634,11.092134],[106.766128,11.091742],[106.764681,11.092262],[106.763093,11.093212],[106.761892,11.091],[106.760012,11.090272],[106.759553,11.089465],[106.757623,11.087732],[106.756782,11.089279],[106.756888,11.091184],[106.752391,11.091547],[106.75256,11.096056],[106.747986,11.096472],[106.748211,11.100932],[106.742909,11.103973],[106.743714,11.105556],[106.743897,11.1101],[106.743068,11.109745],[106.741887,11.110378],[106.739228,11.109046],[106.737821,11.108769],[106.737054,11.107217],[106.734917,11.105669],[106.734468,11.104746],[106.73306,11.104196],[106.73135,11.102693],[106.729193,11.101298],[106.728115,11.099551],[106.726983,11.098765],[106.726494,11.097229],[106.726494,11.095766],[106.726003,11.094584],[106.726103,11.093217],[106.727295,11.090502],[106.727659,11.089102],[106.728488,11.088534],[106.728694,11.086353],[106.728128,11.08523],[106.728081,11.083102],[106.727373,11.081883],[106.727684,11.080446],[106.728283,11.079996],[106.728107,11.077466],[106.727692,11.077291],[106.727064,11.075341],[106.724818,11.074342],[106.724348,11.072945],[106.722889,11.071297],[106.722837,11.070522],[106.721845,11.069859],[106.721904,11.068133],[106.720863,11.06691],[106.721518,11.065431],[106.722878,11.062748],[106.721076,11.062731],[106.718793,11.062019],[106.717943,11.061257],[106.713098,11.060048],[106.712023,11.060191],[106.711579,11.059327],[106.709885,11.059106],[106.709207,11.060258],[106.708584,11.060593],[106.709186,11.057641],[106.713137,11.057188],[106.715178,11.052892],[106.715264,11.052295],[106.717072,11.049265],[106.717544,11.047906],[106.718617,11.046061],[106.719137,11.042831],[106.718547,11.042136],[106.715248,11.040533],[106.713239,11.040483],[106.713129,11.039732],[106.713807,11.038632],[106.714059,11.036802],[106.711809,11.036068],[106.711745,11.034559],[106.710415,11.033495],[106.710296,11.032053]]]},"properties":{"name":"Phường Tân Hiệp","short_name":"Tân Hiệp","unit_type":"Phường","osm_id":"relation/13477545","population":142494,"ref":null,"id":102,"area_km2":47.05,"density":3029}},{"type":"Feature","geometry":{"type":"Polygon","coordinates":[[[106.6162,11.01159],[106.616569,11.012869],[106.617273,11.01356],[106.617455,11.015428],[106.619002,11.015164],[106.622746,11.015528],[106.621638,11.018741],[106.620746,11.019795],[106.62031,11.02101],[106.624783,11.021102],[106.627321,11.021683],[106.63237,11.023237],[106.63408,11.01995],[106.636723,11.020288],[106.636667,11.02088],[106.638451,11.020706],[106.639176,11.02125],[106.639143,11.022441],[106.639926,11.023044],[106.639666,11.024134],[106.642391,11.022986],[106.64392,11.022991],[106.644218,11.022371],[106.646851,11.024324],[106.648086,11.02576],[106.645482,11.027275],[106.644449,11.028264],[106.640792,11.032806],[106.64005,11.034216],[106.638541,11.037272],[106.634146,11.044978],[106.630462,11.04324],[106.629862,11.043956],[106.627807,11.042983],[106.626835,11.043839],[106.625815,11.043677],[106.625482,11.045657],[106.626159,11.046431],[106.625329,11.047563],[106.624183,11.053824],[106.623035,11.053583],[106.619319,11.05228],[106.618072,11.051328],[106.615691,11.051136],[106.614709,11.052704],[106.614299,11.054395],[106.614467,11.05576],[106.61515,11.056787],[106.616294,11.05755],[106.616606,11.05864],[106.616221,11.059509],[106.614309,11.062511],[106.613469,11.063184],[106.610464,11.064245],[106.606732,11.06658],[106.605861,11.067964],[106.606583,11.070362],[106.60621,11.071088],[106.603987,11.072108],[106.600438,11.073206],[106.596987,11.074494],[106.593668,11.076253],[106.590363,11.073175],[106.589408,11.074178],[106.58774,11.076703],[106.586221,11.080623],[106.586169,11.082446],[106.585242,11.08548],[106.577035,11.081112],[106.57342,11.079265],[106.567094,11.076035],[106.568068,11.075422],[106.567173,11.073431],[106.566325,11.073739],[106.564076,11.068816],[106.563172,11.067655],[106.562668,11.066302],[106.561357,11.064262],[106.558902,11.061887],[106.556306,11.057882],[106.555868,11.057499],[106.556885,11.055264],[106.557826,11.05515],[106.558559,11.05393],[106.5595,11.053079],[106.560451,11.053025],[106.560728,11.052189],[106.560023,11.050251],[106.559011,11.049322],[106.558693,11.048522],[106.559031,11.046937],[106.5587,11.045628],[106.5635,11.04507],[106.5667,11.04504],[106.5681,11.04593],[106.5686,11.04755],[106.5687,11.04988],[106.569,11.0509],[106.5713,11.0542],[106.5723,11.05467],[106.574,11.05373],[106.5754,11.05188],[106.5795,11.04803],[106.5804,11.04572],[106.5813,11.0406],[106.5831,11.03784],[106.5855,11.03668],[106.5889,11.03626],[106.5902,11.03657],[106.5912,11.03751],[106.5916,11.03873],[106.5921,11.04195],[106.5929,11.04343],[106.5946,11.04507],[106.5972,11.04565],[106.5994,11.0453],[106.6012,11.04339],[106.603215,11.040414],[106.603432,11.039528],[106.600744,11.036129],[106.5962,11.03107],[106.5957,11.03027],[106.5952,11.02817],[106.595,11.02549],[106.5951,11.02439],[106.5968,11.01863],[106.598,11.01582],[106.5988,11.01511],[106.6005,11.0143],[106.6043,11.01335],[106.6088,11.01184],[106.6104,11.01166],[106.6149,11.01172],[106.6162,11.01159]]]},"properties":{"name":"Phường Phú An","short_name":"Phú An","unit_type":"Phường","osm_id":"relation/13477595","population":46142,"ref":null,"id":103,"area_km2":35.14,"density":1313}},{"type":"Feature","geometry":{"type":"Polygon","coordinates":[[[106.52391,11.073771],[106.524981,11.070083],[106.525756,11.068903],[106.528751,11.066644],[106.530262,11.064335],[106.531913,11.060584],[106.53313,11.058819],[106.535084,11.057088],[106.536108,11.056463],[106.539153,11.055108],[106.541574,11.054341],[106.54413,11.053325],[106.54606,11.052085],[106.547429,11.050408],[106.5483,11.04795],[106.5489,11.04704],[106.550655,11.045954],[106.552,11.04577],[106.5587,11.045628],[106.559031,11.046937],[106.558693,11.048522],[106.559011,11.049322],[106.560023,11.050251],[106.560728,11.052189],[106.560451,11.053025],[106.5595,11.053079],[106.558559,11.05393],[106.557826,11.05515],[106.556885,11.055264],[106.555868,11.057499],[106.556306,11.057882],[106.558902,11.061887],[106.561357,11.064262],[106.562668,11.066302],[106.563172,11.067655],[106.564076,11.068816],[106.566325,11.073739],[106.567173,11.073431],[106.568068,11.075422],[106.567094,11.076035],[106.57342,11.079265],[106.57183,11.081816],[106.568865,11.08599],[106.567966,11.085791],[106.567976,11.100826],[106.56194,11.100686],[106.562008,11.107449],[106.561982,11.116747],[106.56204,11.126161],[106.549738,11.126085],[106.54965,11.133194],[106.549826,11.13408],[106.550866,11.134126],[106.551216,11.13509],[106.550971,11.136701],[106.549441,11.136267],[106.548976,11.137859],[106.548499,11.137716],[106.544059,11.152659],[106.54208,11.159181],[106.544552,11.15994],[106.544085,11.16152],[106.544007,11.163077],[106.544228,11.165225],[106.543716,11.166707],[106.54055,11.166438],[106.540164,11.167035],[106.538704,11.166951],[106.538127,11.167699],[106.536609,11.167838],[106.536226,11.168876],[106.534245,11.169544],[106.531668,11.173649],[106.532371,11.174562],[106.532598,11.175959],[106.53239,11.177718],[106.530819,11.177386],[106.530017,11.177536],[106.529579,11.178347],[106.528671,11.178806],[106.528294,11.179753],[106.527447,11.180502],[106.526924,11.181655],[106.526851,11.182827],[106.52575,11.183059],[106.525531,11.1838],[106.524583,11.184371],[106.523949,11.18548],[106.524145,11.186401],[106.523293,11.18657],[106.523408,11.187889],[106.523018,11.188527],[106.523297,11.190787],[106.522499,11.19115],[106.522384,11.191909],[106.521627,11.192663],[106.521792,11.19389],[106.521441,11.195597],[106.522515,11.195792],[106.522195,11.197512],[106.521249,11.197899],[106.521849,11.199006],[106.520952,11.199263],[106.52067,11.200174],[106.519609,11.20067],[106.520085,11.201562],[106.520187,11.203064],[106.521528,11.203656],[106.521315,11.204626],[106.521799,11.206117],[106.521426,11.206965],[106.521619,11.208031],[106.520589,11.209326],[106.521197,11.21041],[106.520325,11.212242],[106.51943,11.212985],[106.518302,11.213351],[106.517758,11.214448],[106.518005,11.215175],[106.517754,11.216464],[106.51824,11.217329],[106.517673,11.217837],[106.51398,11.218122],[106.508213,11.216456],[106.507806,11.217427],[106.478143,11.209001],[106.47929,11.204828],[106.478994,11.204468],[106.463192,11.195215],[106.436343,11.189473],[106.431918,11.188625],[106.433769,11.17952],[106.432682,11.179181],[106.432833,11.17876],[106.431406,11.177577],[106.429944,11.175756],[106.429528,11.174726],[106.430691,11.174471],[106.431663,11.173576],[106.432693,11.171437],[106.432833,11.166661],[106.433428,11.16469],[106.435327,11.162514],[106.436325,11.16104],[106.436899,11.159072],[106.436974,11.157077],[106.436576,11.155528],[106.434115,11.152919],[106.433022,11.151014],[106.431974,11.150222],[106.430449,11.150007],[106.429686,11.14938],[106.429788,11.148822],[106.431824,11.14643],[106.434195,11.144109],[106.435681,11.141693],[106.436502,11.140808],[106.440002,11.138814],[106.442488,11.136782],[106.443752,11.136177],[106.447756,11.13603],[106.450149,11.136108],[106.45164,11.136508],[106.455089,11.139587],[106.456101,11.140698],[106.457962,11.145372],[106.458255,11.14763],[106.458056,11.151938],[106.457683,11.152861],[106.456463,11.153377],[106.455728,11.153114],[106.454124,11.151882],[106.452775,11.151593],[106.451938,11.151859],[106.451485,11.153645],[106.451662,11.15554],[106.452281,11.157477],[106.453754,11.159235],[106.455586,11.160219],[106.457056,11.160106],[106.45854,11.158726],[106.459644,11.158253],[106.461178,11.15874],[106.462795,11.159851],[106.463856,11.159819],[106.464649,11.15924],[106.465969,11.157524],[106.467956,11.156198],[106.470617,11.155103],[106.471084,11.153959],[106.470909,11.152911],[106.469968,11.151345],[106.467589,11.148916],[106.467334,11.148261],[106.46791,11.147198],[106.469984,11.145709],[106.470915,11.144368],[106.472567,11.14319],[106.478623,11.142356],[106.482142,11.142403],[106.483231,11.142614],[106.485758,11.143793],[106.487244,11.144256],[106.490028,11.144624],[106.491369,11.144498],[106.4958,11.143203],[106.49697,11.142743],[106.499928,11.140782],[106.5021,11.14032],[106.5063,11.14223],[106.5077,11.14183],[106.5083,11.13974],[106.5113,11.13555],[106.5127,11.13224],[106.5138,11.12862],[106.5142,11.12775],[106.5159,11.12542],[106.5174,11.12404],[106.5193,11.12278],[106.5212,11.12181],[106.5244,11.12124],[106.5258,11.12149],[106.5267,11.12104],[106.527,11.12023],[106.527,11.11752],[106.5275,11.11626],[106.5278,11.11415],[106.527,11.10967],[106.5267,11.10698],[106.5263,11.10586],[106.5253,11.10449],[106.5241,11.10362],[106.5185,11.10258],[106.5164,11.10156],[106.5162,11.10017],[106.5173,11.09741],[106.5183,11.09611],[106.5216,11.09087],[106.5224,11.09005],[106.5235,11.08954],[106.5251,11.08986],[106.5273,11.09156],[106.5291,11.09223],[106.5313,11.09224],[106.533,11.09158],[106.5338,11.09055],[106.5339,11.08852],[106.5325,11.08636],[106.5279,11.08208],[106.5268,11.0807],[106.5253,11.07808],[106.524425,11.076021],[106.52391,11.073771]]]},"properties":{"name":"Phường Tây Nam","short_name":"Tây Nam","unit_type":"Phường","osm_id":"relation/13477596","population":56784,"ref":null,"id":104,"area_km2":115.27,"density":493}},{"type":"Feature","geometry":{"type":"Polygon","coordinates":[[[106.663623,11.057001],[106.664173,11.061664],[106.663942,11.064875],[106.663578,11.065259],[106.663449,11.066818],[106.662448,11.066862],[106.662303,11.067656],[106.663434,11.067956],[106.663132,11.070334],[106.664836,11.074146],[106.66633,11.075246],[106.666928,11.076864],[106.6692,11.075992],[106.670097,11.078587],[106.667968,11.079416],[106.669819,11.084643],[106.670841,11.08721],[106.670015,11.08786],[106.669543,11.090089],[106.668854,11.091679],[106.666925,11.093021],[106.667195,11.095061],[106.667936,11.095259],[106.667574,11.097067],[106.667488,11.099146],[106.667746,11.100133],[106.667164,11.102306],[106.667244,11.107248],[106.66917,11.107348],[106.669495,11.107827],[106.671259,11.107648],[106.672185,11.108508],[106.673982,11.108908],[106.677155,11.108363],[106.678233,11.10795],[106.678405,11.107282],[106.681111,11.106929],[106.685424,11.107129],[106.685839,11.107405],[106.686298,11.10545],[106.687095,11.105921],[106.6904,11.106174],[106.691285,11.106553],[106.692926,11.106629],[106.692492,11.107202],[106.693003,11.111049],[106.694192,11.11396],[106.693607,11.115383],[106.693767,11.117065],[106.693504,11.118645],[106.69252,11.120428],[106.692309,11.122336],[106.691835,11.123692],[106.690429,11.1243],[106.690034,11.126556],[106.688474,11.12875],[106.686337,11.127948],[106.685421,11.127292],[106.682896,11.126897],[106.681592,11.127032],[106.680712,11.128018],[106.678875,11.128333],[106.679094,11.127676],[106.676867,11.128152],[106.676729,11.127296],[106.674486,11.128401],[106.673381,11.128558],[106.67326,11.129492],[106.669743,11.129062],[106.669345,11.130619],[106.667845,11.130575],[106.66738,11.131058],[106.666225,11.131114],[106.665987,11.130159],[106.659111,11.131107],[106.658105,11.131789],[106.657006,11.131716],[106.656823,11.131134],[106.656249,11.129792],[106.655775,11.129749],[106.65629,11.127788],[106.658037,11.122537],[106.658866,11.122363],[106.657569,11.107637],[106.659471,11.10736],[106.65906,11.101515],[106.65982,11.101506],[106.660046,11.099917],[106.657857,11.099863],[106.658073,11.097084],[106.65873,11.095433],[106.657629,11.093954],[106.658593,11.091632],[106.656548,11.090572],[106.642848,11.083064],[106.637736,11.080212],[106.63353,11.078436],[106.627888,11.076183],[106.626789,11.079211],[106.622034,11.079614],[106.618654,11.080315],[106.616858,11.08171],[106.615493,11.083117],[106.614162,11.081012],[106.614826,11.079808],[106.613693,11.078576],[106.61274,11.078037],[106.612307,11.078342],[106.610928,11.07791],[106.609124,11.078151],[106.607168,11.075785],[106.606186,11.074205],[106.603987,11.072108],[106.60621,11.071088],[106.606583,11.070362],[106.605861,11.067964],[106.606732,11.06658],[106.610464,11.064245],[106.613469,11.063184],[106.614309,11.062511],[106.616221,11.059509],[106.616606,11.05864],[106.616294,11.05755],[106.61515,11.056787],[106.614467,11.05576],[106.614299,11.054395],[106.614709,11.052704],[106.615691,11.051136],[106.618072,11.051328],[106.619319,11.05228],[106.623035,11.053583],[106.624183,11.053824],[106.625329,11.047563],[106.626159,11.046431],[106.625482,11.045657],[106.625815,11.043677],[106.626835,11.043839],[106.627807,11.042983],[106.629862,11.043956],[106.630462,11.04324],[106.634146,11.044978],[106.638541,11.037272],[106.64005,11.034216],[106.64703,11.045896],[106.652678,11.051767],[106.653767,11.053914],[106.653998,11.05675],[106.653645,11.058093],[106.65805,11.058426],[106.658605,11.057941],[106.661919,11.056973],[106.663623,11.057001]]]},"properties":{"name":"Phường Hòa Lợi","short_name":"Hòa Lợi","unit_type":"Phường","osm_id":"relation/13477612","population":79694,"ref":null,"id":105,"area_km2":34.21,"density":2330}},{"type":"Feature","geometry":{"type":"Polygon","coordinates":[[[106.721647,11.203274],[106.712077,11.210835],[106.711514,11.215513],[106.710496,11.224852],[106.708244,11.22466],[106.706439,11.229687],[106.705981,11.231959],[106.706002,11.233234],[106.704599,11.234081],[106.704299,11.236469],[106.70568,11.236618],[106.706477,11.237283],[106.706269,11.239128],[106.709333,11.239453],[106.711796,11.241274],[106.712926,11.24321],[106.713746,11.244164],[106.714306,11.245519],[106.714998,11.246062],[106.716208,11.24786],[106.716747,11.247627],[106.719596,11.252023],[106.721127,11.252054],[106.721142,11.256513],[106.720837,11.256521],[106.721023,11.259004],[106.719958,11.258938],[106.718066,11.257675],[106.717221,11.257382],[106.715768,11.257569],[106.714305,11.259153],[106.712854,11.259319],[106.711497,11.258951],[106.710602,11.258346],[106.709465,11.256536],[106.709159,11.254895],[106.706931,11.25393],[106.707032,11.25198],[106.681826,11.248904],[106.679486,11.248583],[106.680741,11.238789],[106.680446,11.237594],[106.680808,11.234517],[106.680785,11.233075],[106.68115,11.231878],[106.682658,11.230791],[106.683844,11.229348],[106.682176,11.227856],[106.677844,11.221263],[106.677383,11.221502],[106.675948,11.219802],[106.675165,11.218506],[106.673802,11.217332],[106.672697,11.217143],[106.672198,11.216559],[106.671023,11.214154],[106.66949,11.213742],[106.66163,11.213565],[106.661633,11.212678],[106.660269,11.211743],[106.652318,11.211839],[106.652302,11.207498],[106.647176,11.207584],[106.646104,11.206056],[106.646186,11.203125],[106.646143,11.197984],[106.646322,11.196266],[106.64691,11.194584],[106.648518,11.192527],[106.650706,11.190414],[106.649483,11.188685],[106.647157,11.187117],[106.646232,11.185998],[106.644867,11.185485],[106.644244,11.184485],[106.642866,11.183696],[106.642528,11.18313],[106.640723,11.182888],[106.639153,11.181849],[106.638681,11.181175],[106.63693,11.180254],[106.636123,11.17926],[106.636176,11.178212],[106.634198,11.176668],[106.632821,11.176581],[106.631759,11.174292],[106.629688,11.173127],[106.628923,11.173105],[106.627982,11.171995],[106.625659,11.170457],[106.625742,11.169838],[106.62482,11.168987],[106.622469,11.1678],[106.621472,11.168187],[106.622519,11.166568],[106.622376,11.163958],[106.623309,11.162383],[106.622369,11.1611],[106.622713,11.15942],[106.623829,11.159832],[106.625863,11.158704],[106.625567,11.156881],[106.627977,11.155819],[106.628608,11.155071],[106.63066,11.15406],[106.632566,11.153462],[106.63297,11.154337],[106.634088,11.155529],[106.637253,11.15197],[106.630376,11.144415],[106.629034,11.141791],[106.627438,11.140511],[106.628815,11.138844],[106.62985,11.134839],[106.633149,11.132358],[106.634701,11.129562],[106.635395,11.127912],[106.635725,11.125903],[106.634847,11.125233],[106.632291,11.125351],[106.629167,11.125772],[106.626763,11.125486],[106.625106,11.126098],[106.625407,11.124256],[106.625545,11.121191],[106.627364,11.12055],[106.627605,11.118428],[106.628448,11.117273],[106.629579,11.118243],[106.632703,11.118445],[106.634437,11.118327],[106.636754,11.119102],[106.638337,11.120998],[106.639304,11.124365],[106.639814,11.126673],[106.639638,11.128063],[106.640342,11.129427],[106.639621,11.131381],[106.639509,11.132483],[106.641183,11.1332],[106.641526,11.134076],[106.642814,11.135103],[106.643449,11.135019],[106.644565,11.133992],[106.646814,11.135103],[106.648873,11.134396],[106.649303,11.133739],[106.65059,11.133486],[106.651843,11.132779],[106.652822,11.132695],[106.655877,11.131785],[106.656823,11.131134],[106.657006,11.131716],[106.658105,11.131789],[106.659111,11.131107],[106.665987,11.130159],[106.666225,11.131114],[106.66738,11.131058],[106.667845,11.130575],[106.669345,11.130619],[106.669743,11.129062],[106.67326,11.129492],[106.673381,11.128558],[106.674486,11.128401],[106.676729,11.127296],[106.676867,11.128152],[106.679094,11.127676],[106.678875,11.128333],[106.680712,11.128018],[106.681592,11.127032],[106.682896,11.126897],[106.685421,11.127292],[106.686337,11.127948],[106.688474,11.12875],[106.687557,11.130613],[106.687118,11.132188],[106.686379,11.132353],[106.685942,11.133484],[106.685695,11.135598],[106.68452,11.13785],[106.684713,11.139185],[106.684115,11.139506],[106.683295,11.141051],[106.683249,11.142014],[106.683901,11.14303],[106.683278,11.144369],[106.683742,11.145687],[106.683498,11.14678],[106.683662,11.148509],[106.683447,11.150622],[106.682627,11.152119],[106.681919,11.15533],[106.679974,11.15529],[106.680438,11.157519],[106.678955,11.157898],[106.679569,11.159339],[106.680224,11.1621],[106.679323,11.16205],[106.68106,11.168455],[106.683394,11.177881],[106.683136,11.180186],[106.683517,11.182707],[106.684113,11.182875],[106.685766,11.184275],[106.688149,11.187556],[106.689992,11.190511],[106.690609,11.191849],[106.691437,11.192586],[106.694023,11.193772],[106.695754,11.19574],[106.696419,11.196021],[106.697811,11.195641],[106.700158,11.197189],[106.701536,11.198347],[106.703146,11.200052],[106.7049,11.201057],[106.706541,11.201036],[106.708257,11.201776],[106.721647,11.203274]]]},"properties":{"name":"Phường Chánh Phú Hòa","short_name":"Chánh Phú Hòa","unit_type":"Phường","osm_id":"relation/13477632","population":53916,"ref":null,"id":106,"area_km2":69.7,"density":774}},{"type":"Feature","geometry":{"type":"Polygon","coordinates":[[[106.681826,11.248904],[106.681835,11.252638],[106.682356,11.271233],[106.682273,11.274456],[106.682394,11.279879],[106.682899,11.281407],[106.67343,11.281741],[106.673663,11.286386],[106.66895,11.286601],[106.668656,11.28191],[106.664841,11.282047],[106.664878,11.284452],[106.646529,11.283983],[106.638912,11.283746],[106.639209,11.282628],[106.640825,11.278926],[106.640784,11.278375],[106.639592,11.274306],[106.637812,11.270407],[106.637872,11.268196],[106.639416,11.264802],[106.639868,11.261743],[106.640629,11.260551],[106.639703,11.259988],[106.641876,11.255497],[106.641828,11.254258],[106.642234,11.251568],[106.641543,11.247824],[106.64128,11.24724],[106.641024,11.244139],[106.641343,11.242567],[106.64157,11.23889],[106.642083,11.238002],[106.641825,11.236725],[106.642568,11.234704],[106.641783,11.23425],[106.641192,11.232168],[106.641087,11.230753],[106.641905,11.229022],[106.641862,11.228356],[106.642731,11.227396],[106.642723,11.22552],[106.641549,11.222413],[106.641318,11.2202],[106.640639,11.218608],[106.639717,11.217261],[106.638137,11.216138],[106.637665,11.215185],[106.636337,11.214449],[106.634602,11.214049],[106.633266,11.213381],[106.631028,11.212655],[106.630565,11.212726],[106.633786,11.222639],[106.634182,11.224185],[106.63505,11.22895],[106.621861,11.231287],[106.62034,11.230989],[106.618506,11.233925],[106.618865,11.23689],[106.618164,11.238389],[106.618415,11.239558],[106.617508,11.2398],[106.619367,11.250649],[106.604239,11.247889],[106.601953,11.247408],[106.599775,11.247215],[106.592453,11.245899],[106.586162,11.244527],[106.585397,11.243817],[106.585056,11.242796],[106.585359,11.241134],[106.586912,11.239255],[106.58823,11.238829],[106.588199,11.238249],[106.589409,11.237249],[106.590598,11.236697],[106.592597,11.234589],[106.593214,11.23336],[106.594912,11.231877],[106.596408,11.231872],[106.596576,11.231185],[106.59811,11.230416],[106.598085,11.229125],[106.598523,11.228714],[106.597704,11.227085],[106.595146,11.228169],[106.593502,11.227676],[106.588878,11.227414],[106.587762,11.226693],[106.579509,11.224773],[106.581577,11.216043],[106.582552,11.214754],[106.581963,11.213749],[106.580988,11.213453],[106.582065,11.212902],[106.584478,11.208638],[106.584281,11.208526],[106.585402,11.206345],[106.5842,11.202832],[106.584554,11.201599],[106.585842,11.20019],[106.585995,11.199621],[106.587784,11.197979],[106.588723,11.193926],[106.588747,11.192237],[106.588451,11.190852],[106.588861,11.189761],[106.589534,11.189444],[106.589661,11.188351],[106.589364,11.187111],[106.589836,11.186081],[106.587966,11.181936],[106.587313,11.181238],[106.586943,11.17989],[106.586201,11.17931],[106.586632,11.177679],[106.588022,11.176634],[106.589156,11.177134],[106.590414,11.176017],[106.591041,11.173052],[106.590242,11.172231],[106.589389,11.169785],[106.588444,11.169255],[106.586571,11.166855],[106.586554,11.164705],[106.585619,11.162798],[106.586255,11.159584],[106.585139,11.158829],[106.586006,11.156345],[106.586584,11.155979],[106.58738,11.154548],[106.585946,11.153919],[106.5855,11.152164],[106.587278,11.15173],[106.5892,11.14984],[106.589819,11.148621],[106.59099,11.147482],[106.591567,11.146308],[106.591735,11.144615],[106.592511,11.142402],[106.591747,11.140561],[106.592151,11.137981],[106.591309,11.135463],[106.590652,11.130582],[106.589927,11.129408],[106.588029,11.127915],[106.588616,11.12682],[106.590023,11.12773],[106.59134,11.126762],[106.594761,11.125456],[106.603556,11.126777],[106.603541,11.126918],[106.609225,11.127542],[106.610569,11.126904],[106.611677,11.128401],[106.613083,11.127092],[106.614699,11.122044],[106.6183,11.123425],[106.620064,11.124637],[106.621015,11.126414],[106.621687,11.126732],[106.623768,11.126532],[106.625106,11.126098],[106.626763,11.125486],[106.629167,11.125772],[106.632291,11.125351],[106.634847,11.125233],[106.635725,11.125903],[106.635395,11.127912],[106.634701,11.129562],[106.633149,11.132358],[106.62985,11.134839],[106.628815,11.138844],[106.627438,11.140511],[106.629034,11.141791],[106.630376,11.144415],[106.637253,11.15197],[106.634088,11.155529],[106.63297,11.154337],[106.632566,11.153462],[106.63066,11.15406],[106.628608,11.155071],[106.627977,11.155819],[106.625567,11.156881],[106.625863,11.158704],[106.623829,11.159832],[106.622713,11.15942],[106.622369,11.1611],[106.623309,11.162383],[106.622376,11.163958],[106.622519,11.166568],[106.621472,11.168187],[106.622469,11.1678],[106.62482,11.168987],[106.625742,11.169838],[106.625659,11.170457],[106.627982,11.171995],[106.628923,11.173105],[106.629688,11.173127],[106.631759,11.174292],[106.632821,11.176581],[106.634198,11.176668],[106.636176,11.178212],[106.636123,11.17926],[106.63693,11.180254],[106.638681,11.181175],[106.639153,11.181849],[106.640723,11.182888],[106.642528,11.18313],[106.642866,11.183696],[106.644244,11.184485],[106.644867,11.185485],[106.646232,11.185998],[106.647157,11.187117],[106.649483,11.188685],[106.650706,11.190414],[106.648518,11.192527],[106.64691,11.194584],[106.646322,11.196266],[106.646143,11.197984],[106.646186,11.203125],[106.646104,11.206056],[106.647176,11.207584],[106.652302,11.207498],[106.652318,11.211839],[106.660269,11.211743],[106.661633,11.212678],[106.66163,11.213565],[106.66949,11.213742],[106.671023,11.214154],[106.672198,11.216559],[106.672697,11.217143],[106.673802,11.217332],[106.675165,11.218506],[106.675948,11.219802],[106.677383,11.221502],[106.677844,11.221263],[106.682176,11.227856],[106.683844,11.229348],[106.682658,11.230791],[106.68115,11.231878],[106.680785,11.233075],[106.680808,11.234517],[106.680446,11.237594],[106.680741,11.238789],[106.679486,11.248583],[106.681826,11.248904]]]},"properties":{"name":"Phường Bến Cát","short_name":"Bến Cát","unit_type":"Phường","osm_id":"relation/13477633","population":97928,"ref":null,"id":107,"area_km2":101.7,"density":963}},{"type":"Feature","geometry":{"type":"Polygon","coordinates":[[[106.603987,11.072108],[106.606186,11.074205],[106.607168,11.075785],[106.609124,11.078151],[106.610928,11.07791],[106.612307,11.078342],[106.61274,11.078037],[106.613693,11.078576],[106.614826,11.079808],[106.614162,11.081012],[106.615493,11.083117],[106.616858,11.08171],[106.618654,11.080315],[106.622034,11.079614],[106.626789,11.079211],[106.627888,11.076183],[106.63353,11.078436],[106.637736,11.080212],[106.642848,11.083064],[106.656548,11.090572],[106.658593,11.091632],[106.657629,11.093954],[106.65873,11.095433],[106.658073,11.097084],[106.657857,11.099863],[106.660046,11.099917],[106.65982,11.101506],[106.65906,11.101515],[106.659471,11.10736],[106.657569,11.107637],[106.658866,11.122363],[106.658037,11.122537],[106.65629,11.127788],[106.655775,11.129749],[106.656249,11.129792],[106.656823,11.131134],[106.655877,11.131785],[106.652822,11.132695],[106.651843,11.132779],[106.65059,11.133486],[106.649303,11.133739],[106.648873,11.134396],[106.646814,11.135103],[106.644565,11.133992],[106.643449,11.135019],[106.642814,11.135103],[106.641526,11.134076],[106.641183,11.1332],[106.639509,11.132483],[106.639621,11.131381],[106.640342,11.129427],[106.639638,11.128063],[106.639814,11.126673],[106.639304,11.124365],[106.638337,11.120998],[106.636754,11.119102],[106.634437,11.118327],[106.632703,11.118445],[106.629579,11.118243],[106.628448,11.117273],[106.627605,11.118428],[106.627364,11.12055],[106.625545,11.121191],[106.625407,11.124256],[106.625106,11.126098],[106.623768,11.126532],[106.621687,11.126732],[106.621015,11.126414],[106.620064,11.124637],[106.6183,11.123425],[106.614699,11.122044],[106.613083,11.127092],[106.611677,11.128401],[106.610569,11.126904],[106.609225,11.127542],[106.603541,11.126918],[106.603556,11.126777],[106.594761,11.125456],[106.59134,11.126762],[106.590023,11.12773],[106.588616,11.12682],[106.588029,11.127915],[106.586464,11.126019],[106.582645,11.123609],[106.581409,11.122227],[106.580847,11.12084],[106.581029,11.120051],[106.582168,11.119118],[106.583795,11.114949],[106.585905,11.11322],[106.587283,11.111593],[106.588184,11.1109],[106.590813,11.110094],[106.594737,11.10492],[106.596721,11.100826],[106.597014,11.099211],[106.596524,11.096955],[106.59544,11.094233],[106.595368,11.090955],[106.595088,11.088934],[106.594462,11.087274],[106.593078,11.084553],[106.591251,11.083562],[106.590881,11.082392],[106.591557,11.079698],[106.592264,11.07824],[106.593668,11.076253],[106.596987,11.074494],[106.600438,11.073206],[106.603987,11.072108]]]},"properties":{"name":"Phường Thới Hòa","short_name":"Thới Hòa","unit_type":"Phường","osm_id":"relation/13477634","population":79601,"ref":null,"id":108,"area_km2":38.12,"density":2088}},{"type":"Feature","geometry":{"type":"Polygon","coordinates":[[[106.538884,11.387533],[106.538122,11.387128],[106.536499,11.387209],[106.535581,11.385525],[106.534165,11.385161],[106.532977,11.385757],[106.532646,11.384405],[106.531619,11.384057],[106.530407,11.384205],[106.529472,11.383665],[106.529384,11.381991],[106.530491,11.378923],[106.542976,11.335042],[106.546411,11.335531],[106.547277,11.332109],[106.548892,11.332162],[106.549509,11.329327],[106.548264,11.328285],[106.547143,11.326923],[106.547075,11.326272],[106.544894,11.325211],[106.543254,11.323568],[106.541075,11.322681],[106.539608,11.321559],[106.538367,11.320093],[106.537508,11.31823],[106.537396,11.317377],[106.536718,11.31658],[106.537141,11.315533],[106.537923,11.315417],[106.541488,11.312472],[106.547282,11.309626],[106.547984,11.308667],[106.549017,11.308104],[106.550163,11.306414],[106.551139,11.306134],[106.553532,11.301958],[106.554213,11.301821],[106.555914,11.300711],[106.556745,11.299742],[106.560237,11.297212],[106.561021,11.295914],[106.562904,11.294127],[106.565135,11.293097],[106.56764,11.292305],[106.5687,11.292355],[106.570602,11.29291],[106.573184,11.293255],[106.574337,11.293925],[106.577207,11.29471],[106.579726,11.294052],[106.581293,11.293289],[106.583215,11.293217],[106.58407,11.293617],[106.586233,11.293881],[106.586568,11.323383],[106.584924,11.323394],[106.585085,11.326139],[106.5866,11.32617],[106.58662,11.327917],[106.587929,11.327928],[106.587413,11.331109],[106.587274,11.333077],[106.588,11.333541],[106.595407,11.333773],[106.595374,11.331788],[106.597671,11.331358],[106.60039,11.330389],[106.600567,11.332036],[106.603544,11.331573],[106.604,11.332322],[106.605331,11.331682],[106.606573,11.331665],[106.612701,11.325492],[106.615039,11.32785],[106.617563,11.329786],[106.62085,11.330866],[106.622931,11.331778],[106.625429,11.331759],[106.626613,11.331349],[106.629599,11.331533],[106.632194,11.330959],[106.632569,11.330302],[106.63394,11.32925],[106.635047,11.328974],[106.635203,11.329519],[106.639857,11.328457],[106.643464,11.327249],[106.644579,11.327902],[106.647518,11.329109],[106.646365,11.330377],[106.646175,11.332009],[106.645481,11.333869],[106.64594,11.337183],[106.645811,11.338237],[106.643709,11.341352],[106.645166,11.342075],[106.647528,11.344158],[106.649085,11.346445],[106.650317,11.347389],[106.651444,11.347626],[106.651916,11.348435],[106.653294,11.349482],[106.653741,11.350751],[106.656043,11.353283],[106.658914,11.356035],[106.657966,11.357095],[106.656822,11.357483],[106.655596,11.356891],[106.654171,11.358269],[106.653787,11.358978],[106.652688,11.358728],[106.651613,11.359953],[106.650448,11.359368],[106.648787,11.359818],[106.647379,11.358971],[106.645202,11.359457],[106.643709,11.360167],[106.642409,11.359645],[106.640181,11.359769],[106.638579,11.359554],[106.63706,11.359868],[106.635886,11.359246],[106.634629,11.359594],[106.633631,11.358913],[106.632724,11.358892],[106.631034,11.359662],[106.62948,11.359335],[106.628035,11.359845],[106.625948,11.359924],[106.623653,11.361166],[106.621975,11.362438],[106.61917,11.362122],[106.617456,11.362554],[106.616118,11.363255],[106.613492,11.375814],[106.613228,11.377516],[106.613037,11.381222],[106.613239,11.387468],[106.611426,11.387373],[106.59963,11.386473],[106.597505,11.385461],[106.593472,11.382179],[106.592049,11.38073],[106.590501,11.381368],[106.588303,11.381665],[106.587034,11.381344],[106.584883,11.380018],[106.583018,11.379836],[106.580907,11.380028],[106.57941,11.379225],[106.57774,11.37911],[106.576145,11.378606],[106.57522,11.377619],[106.573306,11.376705],[106.571935,11.375595],[106.570331,11.373573],[106.568555,11.373012],[106.568249,11.372552],[106.56646,11.371613],[106.565907,11.37091],[106.564979,11.371205],[106.563205,11.370809],[106.562943,11.370008],[106.558935,11.371072],[106.557566,11.370922],[106.555538,11.371605],[106.554301,11.372985],[106.552739,11.373107],[106.552405,11.373832],[106.550085,11.376476],[106.550158,11.377348],[106.549008,11.380081],[106.548065,11.38098],[106.546813,11.381596],[106.546774,11.383272],[106.545013,11.383709],[106.544847,11.384447],[106.543793,11.385202],[106.542722,11.384999],[106.541576,11.386562],[106.539284,11.387729],[106.538884,11.387533]]]},"properties":{"name":"Xã Trừ Văn Thố","short_name":"Trừ Văn Thố","unit_type":"Xã","osm_id":"relation/15044265","population":null,"ref":null,"id":109,"area_km2":76.77,"density":null}},{"type":"Feature","geometry":{"type":"Polygon","coordinates":[[[106.682899,11.281407],[106.683438,11.291129],[106.683584,11.299002],[106.68376,11.303831],[106.683402,11.306181],[106.679196,11.313998],[106.678438,11.316592],[106.677447,11.316339],[106.67707,11.315486],[106.675766,11.315629],[106.675363,11.314893],[106.674363,11.31509],[106.673274,11.314115],[106.673687,11.313817],[106.669849,11.312155],[106.669339,11.313544],[106.668508,11.313662],[106.667697,11.31467],[106.665916,11.315656],[106.664597,11.317809],[106.662673,11.319199],[106.661164,11.318883],[106.658004,11.319021],[106.654657,11.322783],[106.652669,11.323996],[106.652269,11.325145],[106.650041,11.325983],[106.649322,11.327565],[106.647989,11.32843],[106.647518,11.329109],[106.644579,11.327902],[106.643464,11.327249],[106.639857,11.328457],[106.635203,11.329519],[106.635047,11.328974],[106.63394,11.32925],[106.632569,11.330302],[106.632194,11.330959],[106.629599,11.331533],[106.626613,11.331349],[106.625429,11.331759],[106.622931,11.331778],[106.62085,11.330866],[106.617563,11.329786],[106.615039,11.32785],[106.612701,11.325492],[106.606573,11.331665],[106.605331,11.331682],[106.604,11.332322],[106.603544,11.331573],[106.600567,11.332036],[106.60039,11.330389],[106.597671,11.331358],[106.595374,11.331788],[106.595407,11.333773],[106.588,11.333541],[106.587274,11.333077],[106.587413,11.331109],[106.587929,11.327928],[106.58662,11.327917],[106.5866,11.32617],[106.585085,11.326139],[106.584924,11.323394],[106.586568,11.323383],[106.586233,11.293881],[106.58407,11.293617],[106.583215,11.293217],[106.581293,11.293289],[106.579726,11.294052],[106.577207,11.29471],[106.574337,11.293925],[106.573184,11.293255],[106.570602,11.29291],[106.570722,11.292138],[106.568595,11.291695],[106.568799,11.290674],[106.568059,11.290538],[106.574196,11.265265],[106.574872,11.265415],[106.576522,11.261644],[106.580738,11.261918],[106.587686,11.262805],[106.5892,11.256116],[106.589715,11.255376],[106.589779,11.252538],[106.590099,11.251802],[106.589972,11.250528],[106.588409,11.247653],[106.587221,11.245783],[106.586162,11.244527],[106.592453,11.245899],[106.599775,11.247215],[106.601953,11.247408],[106.604239,11.247889],[106.619367,11.250649],[106.617508,11.2398],[106.618415,11.239558],[106.618164,11.238389],[106.618865,11.23689],[106.618506,11.233925],[106.62034,11.230989],[106.621861,11.231287],[106.63505,11.22895],[106.634182,11.224185],[106.633786,11.222639],[106.630565,11.212726],[106.631028,11.212655],[106.633266,11.213381],[106.634602,11.214049],[106.636337,11.214449],[106.637665,11.215185],[106.638137,11.216138],[106.639717,11.217261],[106.640639,11.218608],[106.641318,11.2202],[106.641549,11.222413],[106.642723,11.22552],[106.642731,11.227396],[106.641862,11.228356],[106.641905,11.229022],[106.641087,11.230753],[106.641192,11.232168],[106.641783,11.23425],[106.642568,11.234704],[106.641825,11.236725],[106.642083,11.238002],[106.64157,11.23889],[106.641343,11.242567],[106.641024,11.244139],[106.64128,11.24724],[106.641543,11.247824],[106.642234,11.251568],[106.641828,11.254258],[106.641876,11.255497],[106.639703,11.259988],[106.640629,11.260551],[106.639868,11.261743],[106.639416,11.264802],[106.637872,11.268196],[106.637812,11.270407],[106.639592,11.274306],[106.640784,11.278375],[106.640825,11.278926],[106.639209,11.282628],[106.638912,11.283746],[106.646529,11.283983],[106.664878,11.284452],[106.664841,11.282047],[106.668656,11.28191],[106.66895,11.286601],[106.673663,11.286386],[106.67343,11.281741],[106.682899,11.281407]]]},"properties":{"name":"Xã Bàu Bàng","short_name":"Bàu Bàng","unit_type":"Xã","osm_id":"relation/15044266","population":null,"ref":null,"id":110,"area_km2":84.47,"density":null}},{"type":"Feature","geometry":{"type":"Polygon","coordinates":[[[106.593668,11.076253],[106.592264,11.07824],[106.591557,11.079698],[106.590881,11.082392],[106.591251,11.083562],[106.593078,11.084553],[106.594462,11.087274],[106.595088,11.088934],[106.595368,11.090955],[106.59544,11.094233],[106.596524,11.096955],[106.597014,11.099211],[106.596721,11.100826],[106.594737,11.10492],[106.590813,11.110094],[106.588184,11.1109],[106.587283,11.111593],[106.585905,11.11322],[106.583795,11.114949],[106.582168,11.119118],[106.581029,11.120051],[106.580847,11.12084],[106.581409,11.122227],[106.582645,11.123609],[106.586464,11.126019],[106.588029,11.127915],[106.589927,11.129408],[106.590652,11.130582],[106.591309,11.135463],[106.592151,11.137981],[106.591747,11.140561],[106.592511,11.142402],[106.591735,11.144615],[106.591567,11.146308],[106.59099,11.147482],[106.589819,11.148621],[106.5892,11.14984],[106.587278,11.15173],[106.5855,11.152164],[106.585946,11.153919],[106.58738,11.154548],[106.586584,11.155979],[106.586006,11.156345],[106.585139,11.158829],[106.586255,11.159584],[106.585619,11.162798],[106.586554,11.164705],[106.586571,11.166855],[106.588444,11.169255],[106.589389,11.169785],[106.590242,11.172231],[106.591041,11.173052],[106.590414,11.176017],[106.589156,11.177134],[106.588022,11.176634],[106.586632,11.177679],[106.586201,11.17931],[106.586943,11.17989],[106.587313,11.181238],[106.587966,11.181936],[106.589836,11.186081],[106.589364,11.187111],[106.589661,11.188351],[106.589534,11.189444],[106.588861,11.189761],[106.588451,11.190852],[106.588747,11.192237],[106.588723,11.193926],[106.587784,11.197979],[106.585995,11.199621],[106.585842,11.20019],[106.584554,11.201599],[106.5842,11.202832],[106.585402,11.206345],[106.584281,11.208526],[106.584478,11.208638],[106.582065,11.212902],[106.580988,11.213453],[106.581963,11.213749],[106.582552,11.214754],[106.581577,11.216043],[106.579509,11.224773],[106.587762,11.226693],[106.588878,11.227414],[106.593502,11.227676],[106.595146,11.228169],[106.597704,11.227085],[106.598523,11.228714],[106.598085,11.229125],[106.59811,11.230416],[106.596576,11.231185],[106.596408,11.231872],[106.594912,11.231877],[106.593214,11.23336],[106.592597,11.234589],[106.590598,11.236697],[106.589409,11.237249],[106.588199,11.238249],[106.58823,11.238829],[106.586912,11.239255],[106.585359,11.241134],[106.585056,11.242796],[106.585397,11.243817],[106.586162,11.244527],[106.587221,11.245783],[106.588409,11.247653],[106.589972,11.250528],[106.590099,11.251802],[106.589779,11.252538],[106.589715,11.255376],[106.5892,11.256116],[106.587686,11.262805],[106.580738,11.261918],[106.576522,11.261644],[106.574701,11.261319],[106.56875,11.258306],[106.557566,11.254772],[106.555868,11.259406],[106.55543,11.258644],[106.553315,11.257904],[106.552827,11.25722],[106.551995,11.257047],[106.549629,11.257215],[106.548328,11.256694],[106.548028,11.25722],[106.54819,11.259044],[106.547655,11.260635],[106.546505,11.260146],[106.544203,11.258609],[106.542996,11.258551],[106.542159,11.257836],[106.541559,11.258509],[106.537846,11.255037],[106.537675,11.253459],[106.536548,11.253711],[106.536827,11.254511],[106.535357,11.255153],[106.535456,11.253894],[106.53512,11.252595],[106.533217,11.251906],[106.531972,11.252419],[106.530336,11.252512],[106.529371,11.251459],[106.529843,11.250786],[106.527832,11.249734],[106.527461,11.250149],[106.525455,11.249029],[106.525675,11.247971],[106.525355,11.247098],[106.524238,11.247123],[106.522591,11.244948],[106.520966,11.246011],[106.51878,11.245327],[106.520562,11.240489],[106.519277,11.239763],[106.518661,11.238385],[106.51701,11.239115],[106.515356,11.239],[106.513639,11.239697],[106.512494,11.239295],[106.513261,11.237706],[106.512591,11.236335],[106.509348,11.234031],[106.510756,11.232957],[106.511481,11.231932],[106.511558,11.22999],[106.510346,11.227553],[106.508479,11.226856],[106.507131,11.226909],[106.505915,11.227509],[106.504957,11.228906],[106.503203,11.226635],[106.5032,11.226003],[106.50418,11.225434],[106.504847,11.225859],[106.506596,11.224345],[106.507485,11.224757],[106.508245,11.224215],[106.509431,11.224736],[106.50997,11.223728],[106.511025,11.224321],[106.512108,11.222915],[106.512043,11.222253],[106.513144,11.222084],[106.513547,11.221301],[106.514812,11.221249],[106.514656,11.220147],[106.515531,11.220348],[106.515847,11.219411],[106.51704,11.219363],[106.517673,11.217837],[106.51824,11.217329],[106.517754,11.216464],[106.518005,11.215175],[106.517758,11.214448],[106.518302,11.213351],[106.51943,11.212985],[106.520325,11.212242],[106.521197,11.21041],[106.520589,11.209326],[106.521619,11.208031],[106.521426,11.206965],[106.521799,11.206117],[106.521315,11.204626],[106.521528,11.203656],[106.520187,11.203064],[106.520085,11.201562],[106.519609,11.20067],[106.52067,11.200174],[106.520952,11.199263],[106.521849,11.199006],[106.521249,11.197899],[106.522195,11.197512],[106.522515,11.195792],[106.521441,11.195597],[106.521792,11.19389],[106.521627,11.192663],[106.522384,11.191909],[106.522499,11.19115],[106.523297,11.190787],[106.523018,11.188527],[106.523408,11.187889],[106.523293,11.18657],[106.524145,11.186401],[106.523949,11.18548],[106.524583,11.184371],[106.525531,11.1838],[106.52575,11.183059],[106.526851,11.182827],[106.526924,11.181655],[106.527447,11.180502],[106.528294,11.179753],[106.528671,11.178806],[106.529579,11.178347],[106.530017,11.177536],[106.530819,11.177386],[106.53239,11.177718],[106.532598,11.175959],[106.532371,11.174562],[106.531668,11.173649],[106.534245,11.169544],[106.536226,11.168876],[106.536609,11.167838],[106.538127,11.167699],[106.538704,11.166951],[106.540164,11.167035],[106.54055,11.166438],[106.543716,11.166707],[106.544228,11.165225],[106.544007,11.163077],[106.544085,11.16152],[106.544552,11.15994],[106.54208,11.159181],[106.544059,11.152659],[106.548499,11.137716],[106.548976,11.137859],[106.549441,11.136267],[106.550971,11.136701],[106.551216,11.13509],[106.550866,11.134126],[106.549826,11.13408],[106.54965,11.133194],[106.549738,11.126085],[106.56204,11.126161],[106.561982,11.116747],[106.562008,11.107449],[106.56194,11.100686],[106.567976,11.100826],[106.567966,11.085791],[106.568865,11.08599],[106.57183,11.081816],[106.57342,11.079265],[106.577035,11.081112],[106.585242,11.08548],[106.586169,11.082446],[106.586221,11.080623],[106.58774,11.076703],[106.589408,11.074178],[106.590363,11.073175],[106.593668,11.076253]]]},"properties":{"name":"Phường Long Nguyên","short_name":"Long Nguyên","unit_type":"Phường","osm_id":"relation/15044270","population":53387,"ref":null,"id":111,"area_km2":108.2,"density":493}},{"type":"Feature","geometry":{"type":"Polygon","coordinates":[[[106.876115,11.093482],[106.876272,11.095041],[106.876663,11.095551],[106.879936,11.095629],[106.880066,11.101471],[106.882019,11.107107],[106.883916,11.11102],[106.884633,11.112162],[106.885917,11.115109],[106.887042,11.117119],[106.8884,11.118173],[106.89425,11.120876],[106.89593,11.121401],[106.901527,11.123881],[106.903496,11.124949],[106.905682,11.126436],[106.908007,11.129],[106.906481,11.128758],[106.906361,11.129537],[106.905318,11.130118],[106.905271,11.130973],[106.904441,11.132158],[106.902364,11.133451],[106.902773,11.13427],[106.902089,11.134618],[106.902095,11.135765],[106.900987,11.136386],[106.90103,11.137643],[106.900136,11.137996],[106.900477,11.138409],[106.899817,11.140125],[106.898772,11.141235],[106.898314,11.140918],[106.897987,11.142123],[106.898138,11.143119],[106.897589,11.143356],[106.897381,11.144339],[106.896343,11.144411],[106.895972,11.145469],[106.896659,11.145661],[106.896354,11.146684],[106.896794,11.147158],[106.898571,11.147606],[106.903732,11.150717],[106.904094,11.151185],[106.907079,11.159868],[106.907851,11.161675],[106.908986,11.167216],[106.915229,11.166025],[106.916169,11.168729],[106.916766,11.17167],[106.915056,11.172242],[106.915814,11.173266],[106.916399,11.174733],[106.915338,11.176571],[106.916324,11.176839],[106.916136,11.177839],[106.917274,11.177896],[106.918505,11.178933],[106.918358,11.180633],[106.916896,11.182367],[106.916097,11.182694],[106.917355,11.184453],[106.917124,11.184817],[106.918378,11.185586],[106.918704,11.186812],[106.918453,11.188021],[106.919926,11.189172],[106.921488,11.188745],[106.921177,11.191537],[106.919879,11.192905],[106.918471,11.193011],[106.916152,11.192824],[106.913674,11.193284],[106.912367,11.193114],[106.908732,11.192025],[106.907787,11.192021],[106.906607,11.1926],[106.905941,11.193492],[106.905629,11.19495],[106.906019,11.196181],[106.907101,11.197599],[106.907584,11.199789],[106.907315,11.202451],[106.906714,11.203914],[106.90576,11.20489],[106.902662,11.206228],[106.901575,11.20765],[106.901413,11.209858],[106.901817,11.21055],[106.902911,11.210923],[106.907307,11.210891],[106.908388,11.211334],[106.909558,11.212786],[106.910952,11.213912],[106.915102,11.214253],[106.915901,11.21494],[106.916557,11.216117],[106.917987,11.219659],[106.918123,11.222084],[106.917119,11.224043],[106.914563,11.225722],[106.914056,11.226654],[106.915297,11.229282],[106.91489,11.230413],[106.913679,11.230357],[106.912563,11.230093],[106.911021,11.230267],[106.90873,11.231199],[106.907677,11.232143],[106.906736,11.23378],[106.905604,11.23679],[106.905116,11.239328],[106.904569,11.240568],[106.90282,11.241936],[106.901876,11.241947],[106.89964,11.24085],[106.893407,11.238921],[106.890585,11.238184],[106.888371,11.238273],[106.886728,11.239825],[106.88655,11.241599],[106.887814,11.242972],[106.889591,11.243936],[106.890629,11.24546],[106.890825,11.246608],[106.890408,11.24793],[106.888937,11.250554],[106.887217,11.252693],[106.886283,11.253331],[106.884903,11.253364],[106.884067,11.252949],[106.883889,11.251767],[106.884248,11.250554],[106.886169,11.248249],[106.886492,11.247256],[106.886346,11.245019],[106.885375,11.243083],[106.884838,11.242549],[106.883493,11.242816],[106.881546,11.24483],[106.878889,11.246377],[106.876783,11.247299],[106.873655,11.248343],[106.872516,11.249044],[106.871315,11.250515],[106.869286,11.251662],[106.865171,11.252415],[106.861495,11.252622],[106.860106,11.252885],[106.857308,11.254195],[106.855329,11.255457],[106.854524,11.255305],[106.852225,11.254006],[106.850673,11.254145],[106.850102,11.253692],[106.849493,11.251728],[106.849274,11.249492],[106.848826,11.248137],[106.848639,11.24613],[106.849237,11.243521],[106.850018,11.242662],[106.851942,11.242349],[106.853682,11.241399],[106.854385,11.240042],[106.854327,11.23867],[106.853287,11.236718],[106.851639,11.235445],[106.848269,11.234023],[106.846907,11.233779],[106.845046,11.232934],[106.844171,11.232081],[106.843162,11.230503],[106.841697,11.227636],[106.840467,11.226524],[106.839218,11.225988],[106.836862,11.226266],[106.834005,11.227323],[106.831977,11.22672],[106.831284,11.226102],[106.828038,11.221029],[106.827469,11.219721],[106.827085,11.217974],[106.82778,11.217338],[106.830909,11.218056],[106.833286,11.218301],[106.836591,11.217566],[106.838286,11.216733],[106.839031,11.21564],[106.83915,11.214456],[106.838499,11.212862],[106.835865,11.211838],[106.835056,11.210404],[106.835879,11.209873],[106.83717,11.209843],[106.837264,11.209221],[106.836354,11.209245],[106.837197,11.208308],[106.837277,11.207421],[106.836472,11.207291],[106.835842,11.205535],[106.836497,11.204285],[106.837578,11.204348],[106.837283,11.203504],[106.837766,11.203226],[106.837653,11.202204],[106.838119,11.201484],[106.837748,11.200004],[106.836639,11.199665],[106.8371,11.198961],[106.836883,11.198111],[106.835689,11.197007],[106.835003,11.194984],[106.834072,11.194973],[106.833205,11.194351],[106.83137,11.193643],[106.831322,11.193219],[106.830083,11.194155],[106.828835,11.194077],[106.825385,11.195947],[106.821384,11.195957],[106.820818,11.194833],[106.819628,11.193825],[106.818926,11.192591],[106.817935,11.192269],[106.817687,11.190578],[106.817005,11.190184],[106.816075,11.188335],[106.814644,11.18656],[106.81367,11.184389],[106.812874,11.183446],[106.812358,11.182015],[106.811362,11.180728],[106.811585,11.178297],[106.811233,11.177441],[106.810117,11.17626],[106.809621,11.173708],[106.810328,11.170685],[106.810249,11.170045],[106.811214,11.170368],[106.810927,11.167934],[106.813728,11.168255],[106.814185,11.167158],[106.816592,11.166611],[106.816693,11.16622],[106.823928,11.165993],[106.823904,11.161643],[106.824113,11.157911],[106.824447,11.157744],[106.824896,11.155498],[106.826012,11.155326],[106.827015,11.15394],[106.828606,11.15374],[106.828576,11.150274],[106.827672,11.150053],[106.827071,11.149207],[106.826216,11.149098],[106.826476,11.147676],[106.826531,11.137291],[106.82219,11.137156],[106.822241,11.127966],[106.823094,11.123102],[106.823703,11.119021],[106.822241,11.118988],[106.82223,11.116802],[106.821293,11.112634],[106.821485,11.111811],[106.822686,11.110053],[106.823035,11.1079],[106.822933,11.106668],[106.823335,11.106116],[106.823258,11.104568],[106.823821,11.102347],[106.823239,11.099712],[106.823587,11.095609],[106.824965,11.093314],[106.825494,11.091681],[106.82815,11.088978],[106.829837,11.088539],[106.831149,11.087744],[106.832087,11.087831],[106.833911,11.086991],[106.83475,11.08744],[106.836679,11.086849],[106.837024,11.087266],[106.838565,11.087726],[106.841057,11.089057],[106.842546,11.088685],[106.843517,11.089126],[106.845274,11.090466],[106.845732,11.091112],[106.847489,11.09115],[106.849151,11.091655],[106.84968,11.092471],[106.852698,11.093239],[106.855423,11.093657],[106.856121,11.093361],[106.857721,11.094355],[106.860226,11.094756],[106.861638,11.094036],[106.864274,11.093878],[106.866688,11.093216],[106.867427,11.093527],[106.869096,11.093477],[106.869209,11.093103],[106.870823,11.092993],[106.872299,11.093661],[106.873811,11.093587],[106.875013,11.092681],[106.876115,11.093482]]]},"properties":{"name":"Xã Bắc Tân Uyên","short_name":"Bắc Tân Uyên","unit_type":"Xã","osm_id":"relation/15071230","population":null,"ref":null,"id":112,"area_km2":144.19,"density":null}},{"type":"Feature","geometry":{"type":"Polygon","coordinates":[[[106.83715,11.04559],[106.838061,11.042873],[106.839645,11.040499],[106.84218,11.038183],[106.845229,11.036412],[106.848419,11.035091],[106.851019,11.034464],[106.8559,11.033628],[106.857471,11.033072],[106.859348,11.031944],[106.860701,11.030719],[106.864414,11.026481],[106.866272,11.024064],[106.868316,11.022131],[106.87011,11.020965],[106.873017,11.019829],[106.874958,11.020033],[106.877983,11.021227],[106.884209,11.024459],[106.88881,11.026479],[106.892436,11.02763],[106.893814,11.027875],[106.89608,11.027835],[106.898046,11.027346],[106.899447,11.026653],[106.901478,11.025118],[106.903022,11.0236],[106.90471,11.022628],[106.907074,11.022154],[106.908695,11.022839],[106.910309,11.024408],[106.911248,11.026902],[106.911897,11.034128],[106.911988,11.037908],[106.912229,11.040046],[106.912604,11.041145],[106.913536,11.042393],[106.915174,11.043396],[106.920254,11.045416],[106.921939,11.046362],[106.92306,11.047438],[106.923466,11.048736],[106.923403,11.050618],[106.922148,11.054417],[106.922415,11.055999],[106.923881,11.057193],[106.925957,11.058124],[106.928355,11.059916],[106.930393,11.063243],[106.93204,11.06454],[106.933524,11.06486],[106.935017,11.06468],[106.936437,11.063964],[106.937674,11.062703],[106.938613,11.061205],[106.940023,11.058412],[106.941077,11.057321],[106.942896,11.056804],[106.944462,11.05698],[106.946269,11.057764],[106.947832,11.059479],[106.948377,11.061114],[106.948535,11.065645],[106.949029,11.067297],[106.950881,11.069525],[106.951788,11.070128],[106.952521,11.071275],[106.952405,11.072794],[106.949964,11.074622],[106.947403,11.07555],[106.94537,11.077015],[106.94492,11.078323],[106.944974,11.079847],[106.945542,11.081353],[106.946601,11.082835],[106.947098,11.08446],[106.947053,11.086265],[106.946658,11.088187],[106.946819,11.089302],[106.947503,11.090429],[106.949456,11.092388],[106.950304,11.093504],[106.952053,11.09695],[106.953578,11.098146],[106.956786,11.098672],[106.957892,11.0991],[106.95917,11.100184],[106.959573,11.101429],[106.959374,11.102576],[106.957582,11.104738],[106.957239,11.105781],[106.957468,11.106871],[106.958138,11.107632],[106.960098,11.108068],[106.962077,11.107762],[106.965258,11.10804],[106.965718,11.109348],[106.96534,11.111791],[106.963661,11.114285],[106.962676,11.116486],[106.961902,11.117276],[106.959178,11.119138],[106.95746,11.121674],[106.956346,11.124055],[106.955627,11.126255],[106.953401,11.128962],[106.953382,11.130147],[106.953921,11.130908],[106.955545,11.132064],[106.956314,11.132929],[106.956808,11.134114],[106.956936,11.135692],[106.956217,11.137119],[106.95482,11.138061],[106.954133,11.138905],[106.953933,11.140397],[106.954386,11.141499],[106.955069,11.141961],[106.956914,11.142164],[106.959908,11.142035],[106.963455,11.142293],[106.965122,11.142582],[106.966017,11.143273],[106.966694,11.144877],[106.965569,11.14883],[106.964004,11.150015],[106.959264,11.151088],[106.956483,11.152275],[106.95563,11.153206],[106.95542,11.155622],[106.955649,11.158477],[106.955119,11.160196],[106.953825,11.163119],[106.952851,11.164044],[106.948643,11.16593],[106.946915,11.166255],[106.94512,11.166208],[106.94233,11.167055],[106.941439,11.167681],[106.941057,11.169192],[106.944737,11.173087],[106.94581,11.175329],[106.945809,11.176476],[106.945263,11.177328],[106.943965,11.177612],[106.942003,11.177478],[106.941115,11.177867],[106.939366,11.179245],[106.937504,11.181855],[106.936407,11.184743],[106.934658,11.187589],[106.933363,11.188969],[106.9324,11.189449],[106.930659,11.189788],[106.927909,11.18981],[106.926815,11.189426],[106.924526,11.187092],[106.92336,11.186851],[106.921921,11.187813],[106.921488,11.188745],[106.919926,11.189172],[106.918453,11.188021],[106.918704,11.186812],[106.918378,11.185586],[106.917124,11.184817],[106.917355,11.184453],[106.916097,11.182694],[106.916896,11.182367],[106.918358,11.180633],[106.918505,11.178933],[106.917274,11.177896],[106.916136,11.177839],[106.916324,11.176839],[106.915338,11.176571],[106.916399,11.174733],[106.915814,11.173266],[106.915056,11.172242],[106.916766,11.17167],[106.916169,11.168729],[106.915229,11.166025],[106.908986,11.167216],[106.907851,11.161675],[106.907079,11.159868],[106.904094,11.151185],[106.903732,11.150717],[106.898571,11.147606],[106.896794,11.147158],[106.896354,11.146684],[106.896659,11.145661],[106.895972,11.145469],[106.896343,11.144411],[106.897381,11.144339],[106.897589,11.143356],[106.898138,11.143119],[106.897987,11.142123],[106.898314,11.140918],[106.898772,11.141235],[106.899817,11.140125],[106.900477,11.138409],[106.900136,11.137996],[106.90103,11.137643],[106.900987,11.136386],[106.902095,11.135765],[106.902089,11.134618],[106.902773,11.13427],[106.902364,11.133451],[106.904441,11.132158],[106.905271,11.130973],[106.905318,11.130118],[106.906361,11.129537],[106.906481,11.128758],[106.908007,11.129],[106.905682,11.126436],[106.903496,11.124949],[106.901527,11.123881],[106.89593,11.121401],[106.89425,11.120876],[106.8884,11.118173],[106.887042,11.117119],[106.885917,11.115109],[106.884633,11.112162],[106.883916,11.11102],[106.882019,11.107107],[106.880066,11.101471],[106.879936,11.095629],[106.876663,11.095551],[106.876272,11.095041],[106.876115,11.093482],[106.874838,11.090535],[106.872842,11.087448],[106.866973,11.078822],[106.866329,11.077282],[106.865795,11.075176],[106.867463,11.073877],[106.865372,11.071271],[106.864989,11.069201],[106.863982,11.067427],[106.86352,11.065635],[106.862616,11.064245],[106.86135,11.063759],[106.86035,11.062842],[106.858973,11.061052],[106.857127,11.05912],[106.854407,11.058181],[106.852664,11.056319],[106.850976,11.053483],[106.849393,11.052166],[106.851304,11.050293],[106.85046,11.049422],[106.848867,11.048443],[106.846759,11.049683],[106.84267,11.047143],[106.841745,11.047692],[106.83715,11.04559]]]},"properties":{"name":"Xã Thường Tân","short_name":"Thường Tân","unit_type":"Xã","osm_id":"relation/15071235","population":null,"ref":null,"id":113,"area_km2":123.22,"density":null}},{"type":"Feature","geometry":{"type":"Polygon","coordinates":[[[106.541421,11.390526],[106.542552,11.391232],[106.544514,11.393316],[106.544425,11.394907],[106.545366,11.395576],[106.545932,11.396983],[106.545643,11.398455],[106.545997,11.398592],[106.545974,11.401185],[106.547452,11.402413],[106.547643,11.406361],[106.548008,11.406907],[106.54737,11.409245],[106.547878,11.409808],[106.54787,11.41194],[106.547452,11.412372],[106.546931,11.415476],[106.544566,11.418168],[106.544836,11.419203],[106.544444,11.420213],[106.542103,11.422801],[106.541977,11.423489],[106.5411,11.423923],[106.541152,11.42529],[106.541704,11.426794],[106.543057,11.426798],[106.545733,11.431971],[106.546022,11.433594],[106.547666,11.435342],[106.549996,11.436647],[106.551025,11.43763],[106.553098,11.438305],[106.553365,11.439128],[106.555854,11.440122],[106.557255,11.439597],[106.55888,11.439508],[106.559561,11.440954],[106.563495,11.443599],[106.565423,11.445205],[106.565389,11.445913],[106.56799,11.449457],[106.5694,11.450039],[106.570705,11.451342],[106.57085,11.451938],[106.572402,11.453616],[106.573,11.455146],[106.573168,11.456443],[106.571218,11.459338],[106.568845,11.462005],[106.568775,11.462619],[106.567472,11.464433],[106.560267,11.471916],[106.5564,11.484999],[106.556488,11.484005],[106.555643,11.48225],[106.555134,11.48221],[106.554493,11.481081],[106.55492,11.480238],[106.554203,11.478214],[106.552624,11.477948],[106.551374,11.476763],[106.551384,11.476256],[106.550092,11.474252],[106.549758,11.472561],[106.548147,11.470776],[106.547105,11.470398],[106.545723,11.468325],[106.543657,11.468105],[106.543478,11.467434],[106.542271,11.467581],[106.541396,11.468136],[106.540135,11.467557],[106.539504,11.46843],[106.537962,11.469298],[106.537402,11.470399],[106.534724,11.47164],[106.532859,11.473066],[106.529411,11.474908],[106.52878,11.475846],[106.527401,11.477081],[106.526463,11.47865],[106.524193,11.480304],[106.522427,11.480563],[106.521444,11.481909],[106.519513,11.481492],[106.518616,11.482402],[106.518242,11.481649],[106.516885,11.481459],[106.516132,11.482447],[106.514233,11.482385],[106.513421,11.483579],[106.511968,11.484382],[106.511499,11.485446],[106.509785,11.486241],[106.50974,11.4869],[106.5086,11.48816],[106.507056,11.48845],[106.506055,11.487839],[106.505043,11.488872],[106.503059,11.489306],[106.501862,11.491668],[106.500661,11.492219],[106.498548,11.49417],[106.498561,11.494607],[106.496911,11.496019],[106.495753,11.49639],[106.494967,11.49603],[106.492973,11.497595],[106.4917,11.498149],[106.490165,11.497744],[106.489609,11.499339],[106.488961,11.499586],[106.486699,11.498481],[106.486347,11.498023],[106.484559,11.497926],[106.483276,11.498855],[106.482089,11.499268],[106.480848,11.498299],[106.480865,11.497534],[106.480192,11.497154],[106.479142,11.497463],[106.476941,11.495681],[106.475387,11.496027],[106.474795,11.495414],[106.47316,11.496338],[106.472357,11.496486],[106.469826,11.496279],[106.468859,11.496742],[106.466922,11.498354],[106.465279,11.498824],[106.456876,11.49896],[106.451485,11.499433],[106.448046,11.499412],[106.443963,11.498883],[106.442269,11.499133],[106.438057,11.5012],[106.436912,11.501504],[106.434491,11.501433],[106.432628,11.500626],[106.431454,11.49969],[106.429135,11.497373],[106.426789,11.496184],[106.425394,11.495838],[106.423384,11.495733],[106.422881,11.492386],[106.421843,11.489248],[106.420106,11.485695],[106.416965,11.480193],[106.413446,11.474989],[106.40954,11.470057],[106.407127,11.467838],[106.402974,11.464621],[106.400116,11.462775],[106.395915,11.460518],[106.391516,11.458659],[106.385826,11.456959],[106.381001,11.455042],[106.377499,11.453349],[106.372139,11.450205],[106.370266,11.448305],[106.367978,11.445064],[106.366564,11.441993],[106.365901,11.438721],[106.365813,11.432459],[106.365378,11.426912],[106.364946,11.424993],[106.364225,11.42345],[106.373654,11.422805],[106.380361,11.422211],[106.388383,11.421223],[106.394004,11.420337],[106.398142,11.420236],[106.400622,11.420431],[106.402991,11.420319],[106.405707,11.419675],[106.407377,11.419035],[106.4104,11.418421],[106.413513,11.418241],[106.416343,11.417155],[106.417262,11.417533],[106.417661,11.41905],[106.418831,11.419246],[106.419633,11.420287],[106.422259,11.420971],[106.423126,11.420759],[106.425953,11.421502],[106.431048,11.421261],[106.43175,11.42139],[106.432401,11.419577],[106.432875,11.419667],[106.432819,11.418208],[106.431392,11.4178],[106.431494,11.417458],[106.43287,11.417903],[106.433152,11.417348],[106.433286,11.412542],[106.433511,11.411509],[106.434957,11.410988],[106.433184,11.410901],[106.433795,11.408908],[106.434557,11.408929],[106.434335,11.408014],[106.436714,11.407094],[106.435074,11.405838],[106.434673,11.404728],[106.435583,11.404065],[106.437714,11.40355],[106.437304,11.401954],[106.436939,11.401783],[106.436479,11.400149],[106.437124,11.400071],[106.435493,11.397907],[106.43585,11.397602],[106.434855,11.396041],[106.43486,11.393501],[106.43449,11.391801],[106.435128,11.390384],[106.436327,11.389188],[106.437703,11.388479],[106.438216,11.386417],[106.438766,11.386228],[106.440446,11.386848],[106.447531,11.388547],[106.460046,11.391518],[106.459318,11.392378],[106.45958,11.393106],[106.467894,11.402695],[106.478312,11.414595],[106.484515,11.421728],[106.494611,11.413191],[106.496398,11.415277],[106.498616,11.419074],[106.501033,11.41892],[106.502468,11.418578],[106.502885,11.419415],[106.504463,11.420359],[106.505704,11.422406],[106.504807,11.423265],[106.505955,11.42409],[106.506386,11.425258],[106.505952,11.427741],[106.506274,11.428441],[106.507846,11.426806],[106.509327,11.426152],[106.511611,11.426196],[106.512022,11.425552],[106.512089,11.423433],[106.513579,11.423187],[106.513964,11.422717],[106.516179,11.421651],[106.516399,11.420072],[106.516991,11.42001],[106.518261,11.415795],[106.519243,11.414984],[106.51867,11.410241],[106.519013,11.409353],[106.519907,11.409162],[106.525516,11.407336],[106.52622,11.407194],[106.526812,11.408268],[106.527957,11.407306],[106.529335,11.406609],[106.529064,11.404357],[106.527627,11.404771],[106.5276,11.403428],[106.527113,11.401348],[106.525491,11.397493],[106.524383,11.393385],[106.525956,11.393003],[106.525025,11.389216],[106.526736,11.389167],[106.52797,11.391492],[106.528825,11.390486],[106.531216,11.390554],[106.531191,11.391245],[106.532122,11.392152],[106.533557,11.390931],[106.534934,11.391745],[106.537111,11.392584],[106.538741,11.393829],[106.539684,11.39249],[106.541321,11.390924],[106.541421,11.390526]]]},"properties":{"name":"Xã Minh Thạnh","short_name":"Minh Thạnh","unit_type":"Xã","osm_id":"relation/15328433","population":null,"ref":null,"id":114,"area_km2":164.72,"density":null}},{"type":"Feature","geometry":{"type":"Polygon","coordinates":[[[106.538884,11.387533],[106.539537,11.388909],[106.54121,11.389583],[106.541421,11.390526],[106.541321,11.390924],[106.539684,11.39249],[106.538741,11.393829],[106.537111,11.392584],[106.534934,11.391745],[106.533557,11.390931],[106.532122,11.392152],[106.531191,11.391245],[106.531216,11.390554],[106.528825,11.390486],[106.52797,11.391492],[106.526736,11.389167],[106.525025,11.389216],[106.525956,11.393003],[106.524383,11.393385],[106.525491,11.397493],[106.527113,11.401348],[106.5276,11.403428],[106.527627,11.404771],[106.529064,11.404357],[106.529335,11.406609],[106.527957,11.407306],[106.526812,11.408268],[106.52622,11.407194],[106.525516,11.407336],[106.519907,11.409162],[106.519013,11.409353],[106.51867,11.410241],[106.519243,11.414984],[106.518261,11.415795],[106.516991,11.42001],[106.516399,11.420072],[106.516179,11.421651],[106.513964,11.422717],[106.513579,11.423187],[106.512089,11.423433],[106.512022,11.425552],[106.511611,11.426196],[106.509327,11.426152],[106.507846,11.426806],[106.506274,11.428441],[106.505952,11.427741],[106.506386,11.425258],[106.505955,11.42409],[106.504807,11.423265],[106.505704,11.422406],[106.504463,11.420359],[106.502885,11.419415],[106.502468,11.418578],[106.501033,11.41892],[106.498616,11.419074],[106.496398,11.415277],[106.494611,11.413191],[106.484515,11.421728],[106.478312,11.414595],[106.467894,11.402695],[106.45958,11.393106],[106.459318,11.392378],[106.460046,11.391518],[106.447531,11.388547],[106.448615,11.384187],[106.450288,11.384584],[106.450846,11.383341],[106.452064,11.37866],[106.451965,11.376956],[106.450707,11.373748],[106.450163,11.370857],[106.450565,11.369959],[106.45033,11.368901],[106.450827,11.365656],[106.450452,11.364497],[106.452377,11.363583],[106.453692,11.36136],[106.454414,11.361142],[106.456323,11.358545],[106.456756,11.357482],[106.457815,11.356261],[106.458647,11.354092],[106.459744,11.353646],[106.460545,11.352096],[106.46038,11.351465],[106.461255,11.350491],[106.461674,11.348802],[106.462137,11.348572],[106.462373,11.346216],[106.463249,11.345773],[106.463161,11.344859],[106.46241,11.343225],[106.462722,11.341699],[106.463455,11.340659],[106.464071,11.338726],[106.465192,11.338268],[106.465092,11.336583],[106.465681,11.336065],[106.465463,11.333706],[106.466022,11.332646],[106.465802,11.331464],[106.466799,11.330533],[106.467632,11.328627],[106.46945,11.328235],[106.469962,11.327617],[106.471352,11.327386],[106.472625,11.326023],[106.472448,11.325411],[106.472881,11.32458],[106.473626,11.324284],[106.472296,11.321737],[106.470741,11.320776],[106.470059,11.320011],[106.470507,11.319057],[106.469878,11.318778],[106.470479,11.317669],[106.470567,11.316561],[106.471128,11.31624],[106.470919,11.314381],[106.471181,11.313283],[106.470484,11.313065],[106.469909,11.312179],[106.468873,11.311547],[106.468189,11.309846],[106.46852,11.309113],[106.468272,11.308073],[106.467471,11.308114],[106.466907,11.305951],[106.467723,11.305078],[106.470695,11.303654],[106.471464,11.302955],[106.472615,11.3027],[106.472823,11.301648],[106.471818,11.299628],[106.472113,11.298161],[106.473406,11.296798],[106.473618,11.295646],[106.472722,11.29487],[106.472711,11.294295],[106.474767,11.293067],[106.475472,11.291448],[106.475657,11.290169],[106.476266,11.289963],[106.476567,11.288656],[106.477593,11.288234],[106.477707,11.286771],[106.477078,11.286219],[106.477655,11.285414],[106.477534,11.284619],[106.478165,11.283859],[106.478296,11.282889],[106.47784,11.282015],[106.47885,11.280215],[106.478751,11.278563],[106.479924,11.277787],[106.480301,11.275059],[106.481968,11.274075],[106.482735,11.27254],[106.482283,11.271261],[106.483024,11.27041],[106.483007,11.268899],[106.483493,11.268454],[106.482569,11.267903],[106.48323,11.266893],[106.485002,11.266364],[106.485156,11.265044],[106.486566,11.26369],[106.487331,11.263664],[106.487859,11.262073],[106.488641,11.261482],[106.48807,11.260599],[106.490052,11.260177],[106.489894,11.258398],[106.490499,11.257839],[106.49138,11.25595],[106.492722,11.255369],[106.492429,11.253896],[106.492713,11.25329],[106.492227,11.252212],[106.490878,11.251962],[106.490909,11.250672],[106.491694,11.249799],[106.491932,11.248692],[106.490771,11.248323],[106.491233,11.247102],[106.490908,11.246],[106.491927,11.245767],[106.491203,11.24448],[106.491912,11.242846],[106.492459,11.240278],[106.493255,11.23927],[106.494078,11.236752],[106.494925,11.236075],[106.494641,11.235316],[106.496158,11.234561],[106.496327,11.233464],[106.497399,11.233223],[106.49759,11.231215],[106.498717,11.230409],[106.498763,11.229518],[106.500442,11.226987],[106.502056,11.226587],[106.503203,11.226635],[106.504957,11.228906],[106.505915,11.227509],[106.507131,11.226909],[106.508479,11.226856],[106.510346,11.227553],[106.511558,11.22999],[106.511481,11.231932],[106.510756,11.232957],[106.509348,11.234031],[106.512591,11.236335],[106.513261,11.237706],[106.512494,11.239295],[106.513639,11.239697],[106.515356,11.239],[106.51701,11.239115],[106.518661,11.238385],[106.519277,11.239763],[106.520562,11.240489],[106.51878,11.245327],[106.520966,11.246011],[106.522591,11.244948],[106.524238,11.247123],[106.525355,11.247098],[106.525675,11.247971],[106.525455,11.249029],[106.527461,11.250149],[106.527832,11.249734],[106.529843,11.250786],[106.529371,11.251459],[106.530336,11.252512],[106.531972,11.252419],[106.533217,11.251906],[106.53512,11.252595],[106.535456,11.253894],[106.535357,11.255153],[106.536827,11.254511],[106.536548,11.253711],[106.537675,11.253459],[106.537846,11.255037],[106.541559,11.258509],[106.542159,11.257836],[106.542996,11.258551],[106.544203,11.258609],[106.546505,11.260146],[106.547655,11.260635],[106.54819,11.259044],[106.548028,11.25722],[106.548328,11.256694],[106.549629,11.257215],[106.551995,11.257047],[106.552827,11.25722],[106.553315,11.257904],[106.55543,11.258644],[106.555868,11.259406],[106.557566,11.254772],[106.56875,11.258306],[106.574701,11.261319],[106.576522,11.261644],[106.574872,11.265415],[106.574196,11.265265],[106.568059,11.290538],[106.568799,11.290674],[106.568595,11.291695],[106.570722,11.292138],[106.570602,11.29291],[106.5687,11.292355],[106.56764,11.292305],[106.565135,11.293097],[106.562904,11.294127],[106.561021,11.295914],[106.560237,11.297212],[106.556745,11.299742],[106.555914,11.300711],[106.554213,11.301821],[106.553532,11.301958],[106.551139,11.306134],[106.550163,11.306414],[106.549017,11.308104],[106.547984,11.308667],[106.547282,11.309626],[106.541488,11.312472],[106.537923,11.315417],[106.537141,11.315533],[106.536718,11.31658],[106.537396,11.317377],[106.537508,11.31823],[106.538367,11.320093],[106.539608,11.321559],[106.541075,11.322681],[106.543254,11.323568],[106.544894,11.325211],[106.547075,11.326272],[106.547143,11.326923],[106.548264,11.328285],[106.549509,11.329327],[106.548892,11.332162],[106.547277,11.332109],[106.546411,11.335531],[106.542976,11.335042],[106.530491,11.378923],[106.529384,11.381991],[106.529472,11.383665],[106.530407,11.384205],[106.531619,11.384057],[106.532646,11.384405],[106.532977,11.385757],[106.534165,11.385161],[106.535581,11.385525],[106.536499,11.387209],[106.538122,11.387128],[106.538884,11.387533]]]},"properties":{"name":"Xã Long Hòa","short_name":"Long Hòa","unit_type":"Xã","osm_id":"relation/15328437","population":null,"ref":null,"id":115,"area_km2":161.86,"density":null}},{"type":"Feature","geometry":{"type":"Polygon","coordinates":[[[106.364225,11.42345],[106.363353,11.422446],[106.361738,11.421348],[106.361004,11.420385],[106.360179,11.417759],[106.359865,11.415863],[106.359851,11.41238],[106.360851,11.403049],[106.360894,11.400887],[106.360307,11.397676],[106.359277,11.396011],[106.357883,11.394905],[106.356035,11.394079],[106.354115,11.392712],[106.353084,11.391259],[106.352196,11.389124],[106.351817,11.386465],[106.351787,11.384314],[106.352009,11.381152],[106.351889,11.379907],[106.351167,11.378634],[106.34887,11.377632],[106.34742,11.376136],[106.346848,11.373622],[106.346487,11.369012],[106.345768,11.366112],[106.344502,11.364382],[106.342166,11.363608],[106.337242,11.36387],[106.336304,11.363538],[106.335597,11.362241],[106.335453,11.35992],[106.334512,11.356052],[106.332997,11.352834],[106.330749,11.349438],[106.32808,11.346278],[106.327367,11.34428],[106.327763,11.341746],[106.32908,11.340027],[106.330398,11.339242],[106.33372,11.33787],[106.335823,11.336408],[106.338057,11.334012],[106.339025,11.332474],[106.34021,11.329442],[106.340919,11.328601],[106.343139,11.327601],[106.344368,11.326094],[106.345077,11.32473],[106.345077,11.322353],[106.343191,11.317033],[106.342081,11.314509],[106.341634,11.312139],[106.340972,11.310864],[106.339019,11.305979],[106.338062,11.303311],[106.337447,11.302239],[106.335845,11.300811],[106.335303,11.299495],[106.33529,11.295933],[106.335717,11.294778],[106.337918,11.292447],[106.338789,11.291948],[106.339958,11.291832],[106.340126,11.292276],[106.339226,11.294179],[106.338041,11.29575],[106.338056,11.296569],[106.339982,11.298173],[106.342523,11.296888],[106.343988,11.295394],[106.344918,11.293826],[106.344582,11.293483],[106.34197,11.294079],[106.341162,11.293899],[106.340856,11.293063],[106.341375,11.290687],[106.341352,11.289182],[106.340793,11.287175],[106.340974,11.285435],[106.342569,11.283593],[106.343503,11.282852],[106.344813,11.282452],[106.345324,11.283044],[106.344146,11.285014],[106.344205,11.28587],[106.344926,11.287402],[106.346349,11.289036],[106.347383,11.289664],[106.351444,11.288644],[106.352553,11.287402],[106.352571,11.285722],[106.35443,11.288035],[106.35524,11.28791],[106.35543,11.286013],[106.356331,11.284977],[106.356104,11.284009],[106.353367,11.283167],[106.35344,11.281198],[106.353874,11.280487],[106.355173,11.28015],[106.355199,11.27939],[106.353988,11.27689],[106.353736,11.275777],[106.354146,11.27407],[106.354092,11.272269],[106.353149,11.270126],[106.352926,11.266684],[106.35197,11.264817],[106.350486,11.263447],[106.350526,11.262708],[106.351602,11.262564],[106.353833,11.261795],[106.356087,11.261566],[106.358579,11.260882],[106.359678,11.260956],[106.360825,11.261732],[106.362159,11.263071],[106.363898,11.261923],[106.364425,11.260246],[106.364018,11.259488],[106.361631,11.259183],[106.360745,11.258146],[106.360815,11.255879],[106.357174,11.25548],[106.355754,11.254717],[106.354553,11.253505],[106.352428,11.251981],[106.351739,11.251139],[106.3511,11.24946],[106.351286,11.248538],[106.354022,11.248063],[106.355413,11.247171],[106.356388,11.245662],[106.357199,11.243085],[106.358112,11.240805],[106.358898,11.239522],[106.360228,11.238578],[106.361648,11.238102],[106.363194,11.238424],[106.364705,11.239838],[106.365294,11.24107],[106.366147,11.24202],[106.367651,11.24286],[106.370403,11.244761],[106.371294,11.244658],[106.373105,11.240897],[106.374414,11.24201],[106.374315,11.243046],[106.373675,11.244859],[106.372263,11.247467],[106.372518,11.249175],[106.375814,11.250083],[106.38297,11.251735],[106.383171,11.252338],[106.383974,11.252165],[106.386598,11.252204],[106.387224,11.250844],[106.391679,11.251899],[106.396196,11.253077],[106.395716,11.255042],[106.404282,11.257022],[106.404742,11.256323],[106.409233,11.2574],[106.407883,11.262663],[106.403425,11.261624],[106.402234,11.266498],[106.402389,11.266559],[106.399401,11.269589],[106.397167,11.271454],[106.396285,11.271115],[106.392382,11.286632],[106.396748,11.287803],[106.397623,11.288268],[106.403748,11.292862],[106.415514,11.301282],[106.420785,11.304948],[106.421487,11.305314],[106.429792,11.30852],[106.436333,11.310859],[106.437049,11.310888],[106.447808,11.308391],[106.454143,11.306861],[106.45488,11.307061],[106.459129,11.312034],[106.462867,11.315941],[106.470078,11.322725],[106.470952,11.323367],[106.472448,11.325411],[106.472625,11.326023],[106.471352,11.327386],[106.469962,11.327617],[106.46945,11.328235],[106.467632,11.328627],[106.466799,11.330533],[106.465802,11.331464],[106.466022,11.332646],[106.465463,11.333706],[106.465681,11.336065],[106.465092,11.336583],[106.465192,11.338268],[106.464071,11.338726],[106.463455,11.340659],[106.462722,11.341699],[106.46241,11.343225],[106.463161,11.344859],[106.463249,11.345773],[106.462373,11.346216],[106.462137,11.348572],[106.461674,11.348802],[106.461255,11.350491],[106.46038,11.351465],[106.460545,11.352096],[106.459744,11.353646],[106.458647,11.354092],[106.457815,11.356261],[106.456756,11.357482],[106.456323,11.358545],[106.454414,11.361142],[106.453692,11.36136],[106.452377,11.363583],[106.450452,11.364497],[106.450827,11.365656],[106.45033,11.368901],[106.450565,11.369959],[106.450163,11.370857],[106.450707,11.373748],[106.451965,11.376956],[106.452064,11.37866],[106.450846,11.383341],[106.450288,11.384584],[106.448615,11.384187],[106.447531,11.388547],[106.440446,11.386848],[106.438766,11.386228],[106.438216,11.386417],[106.437703,11.388479],[106.436327,11.389188],[106.435128,11.390384],[106.43449,11.391801],[106.43486,11.393501],[106.434855,11.396041],[106.43585,11.397602],[106.435493,11.397907],[106.437124,11.400071],[106.436479,11.400149],[106.436939,11.401783],[106.437304,11.401954],[106.437714,11.40355],[106.435583,11.404065],[106.434673,11.404728],[106.435074,11.405838],[106.436714,11.407094],[106.434335,11.408014],[106.434557,11.408929],[106.433795,11.408908],[106.433184,11.410901],[106.434957,11.410988],[106.433511,11.411509],[106.433286,11.412542],[106.433152,11.417348],[106.43287,11.417903],[106.431494,11.417458],[106.431392,11.4178],[106.432819,11.418208],[106.432875,11.419667],[106.432401,11.419577],[106.43175,11.42139],[106.431048,11.421261],[106.425953,11.421502],[106.423126,11.420759],[106.422259,11.420971],[106.419633,11.420287],[106.418831,11.419246],[106.417661,11.41905],[106.417262,11.417533],[106.416343,11.417155],[106.413513,11.418241],[106.4104,11.418421],[106.407377,11.419035],[106.405707,11.419675],[106.402991,11.420319],[106.400622,11.420431],[106.398142,11.420236],[106.394004,11.420337],[106.388383,11.421223],[106.380361,11.422211],[106.373654,11.422805],[106.364225,11.42345]]]},"properties":{"name":"Xã Dầu Tiếng","short_name":"Dầu Tiếng","unit_type":"Xã","osm_id":"relation/15328440","population":null,"ref":null,"id":116,"area_km2":184.07,"density":null}},{"type":"Feature","geometry":{"type":"Polygon","coordinates":[[[106.517673,11.217837],[106.51704,11.219363],[106.515847,11.219411],[106.515531,11.220348],[106.514656,11.220147],[106.514812,11.221249],[106.513547,11.221301],[106.513144,11.222084],[106.512043,11.222253],[106.512108,11.222915],[106.511025,11.224321],[106.50997,11.223728],[106.509431,11.224736],[106.508245,11.224215],[106.507485,11.224757],[106.506596,11.224345],[106.504847,11.225859],[106.50418,11.225434],[106.5032,11.226003],[106.503203,11.226635],[106.502056,11.226587],[106.500442,11.226987],[106.498763,11.229518],[106.498717,11.230409],[106.49759,11.231215],[106.497399,11.233223],[106.496327,11.233464],[106.496158,11.234561],[106.494641,11.235316],[106.494925,11.236075],[106.494078,11.236752],[106.493255,11.23927],[106.492459,11.240278],[106.491912,11.242846],[106.491203,11.24448],[106.491927,11.245767],[106.490908,11.246],[106.491233,11.247102],[106.490771,11.248323],[106.491932,11.248692],[106.491694,11.249799],[106.490909,11.250672],[106.490878,11.251962],[106.492227,11.252212],[106.492713,11.25329],[106.492429,11.253896],[106.492722,11.255369],[106.49138,11.25595],[106.490499,11.257839],[106.489894,11.258398],[106.490052,11.260177],[106.48807,11.260599],[106.488641,11.261482],[106.487859,11.262073],[106.487331,11.263664],[106.486566,11.26369],[106.485156,11.265044],[106.485002,11.266364],[106.48323,11.266893],[106.482569,11.267903],[106.483493,11.268454],[106.483007,11.268899],[106.483024,11.27041],[106.482283,11.271261],[106.482735,11.27254],[106.481968,11.274075],[106.480301,11.275059],[106.479924,11.277787],[106.478751,11.278563],[106.47885,11.280215],[106.47784,11.282015],[106.478296,11.282889],[106.478165,11.283859],[106.477534,11.284619],[106.477655,11.285414],[106.477078,11.286219],[106.477707,11.286771],[106.477593,11.288234],[106.476567,11.288656],[106.476266,11.289963],[106.475657,11.290169],[106.475472,11.291448],[106.474767,11.293067],[106.472711,11.294295],[106.472722,11.29487],[106.473618,11.295646],[106.473406,11.296798],[106.472113,11.298161],[106.471818,11.299628],[106.472823,11.301648],[106.472615,11.3027],[106.471464,11.302955],[106.470695,11.303654],[106.467723,11.305078],[106.466907,11.305951],[106.467471,11.308114],[106.468272,11.308073],[106.46852,11.309113],[106.468189,11.309846],[106.468873,11.311547],[106.469909,11.312179],[106.470484,11.313065],[106.471181,11.313283],[106.470919,11.314381],[106.471128,11.31624],[106.470567,11.316561],[106.470479,11.317669],[106.469878,11.318778],[106.470507,11.319057],[106.470059,11.320011],[106.470741,11.320776],[106.472296,11.321737],[106.473626,11.324284],[106.472881,11.32458],[106.472448,11.325411],[106.470952,11.323367],[106.470078,11.322725],[106.462867,11.315941],[106.459129,11.312034],[106.45488,11.307061],[106.454143,11.306861],[106.447808,11.308391],[106.437049,11.310888],[106.436333,11.310859],[106.429792,11.30852],[106.421487,11.305314],[106.420785,11.304948],[106.415514,11.301282],[106.403748,11.292862],[106.397623,11.288268],[106.396748,11.287803],[106.392382,11.286632],[106.396285,11.271115],[106.397167,11.271454],[106.399401,11.269589],[106.402389,11.266559],[106.402234,11.266498],[106.403425,11.261624],[106.407883,11.262663],[106.409233,11.2574],[106.404742,11.256323],[106.404282,11.257022],[106.395716,11.255042],[106.396196,11.253077],[106.391679,11.251899],[106.387224,11.250844],[106.386598,11.252204],[106.383974,11.252165],[106.383171,11.252338],[106.38297,11.251735],[106.375814,11.250083],[106.372518,11.249175],[106.372263,11.247467],[106.373675,11.244859],[106.374315,11.243046],[106.374414,11.24201],[106.373105,11.240897],[106.374972,11.23814],[106.377096,11.236364],[106.377588,11.235605],[106.378225,11.23322],[106.378316,11.22964],[106.379036,11.228498],[106.38017,11.228472],[106.381659,11.22932],[106.382607,11.229214],[106.383541,11.228365],[106.383738,11.226472],[106.382088,11.224232],[106.381315,11.222019],[106.379866,11.218761],[106.380303,11.217264],[106.381949,11.216646],[106.384569,11.21461],[106.388788,11.213004],[106.389185,11.211812],[106.387584,11.209155],[106.386987,11.207256],[106.386836,11.203687],[106.386626,11.202711],[106.385557,11.201363],[106.384481,11.200473],[106.384022,11.197272],[106.384146,11.195085],[106.383787,11.193398],[106.384174,11.192379],[106.386012,11.190774],[106.387016,11.189366],[106.387716,11.186952],[106.387834,11.185813],[106.389449,11.185144],[106.392333,11.184622],[106.394982,11.184416],[106.39638,11.183617],[106.39761,11.182146],[106.398771,11.181419],[106.40036,11.181554],[106.402817,11.182376],[106.404317,11.183315],[106.404982,11.184573],[106.404469,11.187189],[106.404555,11.187921],[106.40536,11.188039],[106.406809,11.185063],[106.407814,11.18398],[106.408659,11.183732],[106.410237,11.183857],[106.410665,11.18296],[106.409731,11.181642],[106.409812,11.17917],[106.410302,11.178293],[106.41028,11.175761],[106.409858,11.173892],[106.410433,11.172351],[106.411125,11.172214],[106.411909,11.173216],[106.413075,11.173997],[106.415602,11.174373],[106.416793,11.174256],[106.418416,11.172897],[106.420983,11.172224],[106.42282,11.171124],[106.42459,11.170542],[106.426344,11.170579],[106.4279,11.172005],[106.428861,11.174167],[106.429528,11.174726],[106.429944,11.175756],[106.431406,11.177577],[106.432833,11.17876],[106.432682,11.179181],[106.433769,11.17952],[106.431918,11.188625],[106.436343,11.189473],[106.463192,11.195215],[106.478994,11.204468],[106.47929,11.204828],[106.478143,11.209001],[106.507806,11.217427],[106.508213,11.216456],[106.51398,11.218122],[106.517673,11.217837]]]},"properties":{"name":"Xã Thanh An","short_name":"Thanh An","unit_type":"Xã","osm_id":"relation/15328441","population":null,"ref":null,"id":117,"area_km2":140.76,"density":null}},{"type":"Feature","geometry":{"type":"Polygon","coordinates":[[[106.76221,11.190348],[106.763535,11.190127],[106.764533,11.189077],[106.764343,11.188346],[106.777319,11.18868],[106.781144,11.188686],[106.788803,11.188493],[106.790379,11.188574],[106.793649,11.189127],[106.793448,11.19114],[106.792865,11.193048],[106.794365,11.193137],[106.794054,11.201845],[106.804294,11.193576],[106.813991,11.204651],[106.813535,11.205598],[106.816061,11.206429],[106.816238,11.206193],[106.817882,11.207815],[106.818655,11.208989],[106.819041,11.211118],[106.820068,11.21267],[106.819741,11.21458],[106.82142,11.217464],[106.823566,11.217314],[106.823452,11.21456],[106.82421,11.212754],[106.826529,11.210727],[106.828262,11.20964],[106.829704,11.209151],[106.831632,11.209314],[106.833973,11.210957],[106.835865,11.211838],[106.838499,11.212862],[106.83915,11.214456],[106.839031,11.21564],[106.838286,11.216733],[106.836591,11.217566],[106.833286,11.218301],[106.830909,11.218056],[106.82778,11.217338],[106.827085,11.217974],[106.827469,11.219721],[106.828038,11.221029],[106.831284,11.226102],[106.831977,11.22672],[106.834005,11.227323],[106.836862,11.226266],[106.839218,11.225988],[106.840467,11.226524],[106.841697,11.227636],[106.843162,11.230503],[106.844171,11.232081],[106.845046,11.232934],[106.846907,11.233779],[106.848269,11.234023],[106.851639,11.235445],[106.853287,11.236718],[106.854327,11.23867],[106.854385,11.240042],[106.853682,11.241399],[106.851942,11.242349],[106.850018,11.242662],[106.849237,11.243521],[106.848639,11.24613],[106.848826,11.248137],[106.849274,11.249492],[106.849493,11.251728],[106.848328,11.250481],[106.847624,11.24893],[106.846138,11.249541],[106.845552,11.249282],[106.844343,11.247419],[106.843801,11.248074],[106.842671,11.247923],[106.842477,11.248726],[106.841349,11.249752],[106.841254,11.250752],[106.840538,11.251151],[106.840384,11.252209],[106.838718,11.253122],[106.838687,11.254406],[106.837238,11.255574],[106.836077,11.25507],[106.835645,11.255553],[106.834803,11.254713],[106.832213,11.256155],[106.831248,11.255847],[106.830808,11.256399],[106.829845,11.255602],[106.827005,11.255211],[106.826141,11.253422],[106.824894,11.25429],[106.823264,11.254134],[106.822037,11.254916],[106.819635,11.255381],[106.818925,11.25607],[106.818314,11.257345],[106.814701,11.258983],[106.813768,11.258986],[106.811271,11.26054],[106.809655,11.261907],[106.808826,11.262032],[106.80652,11.263833],[106.805278,11.264576],[106.804405,11.266074],[106.803423,11.266738],[106.802362,11.268784],[106.801314,11.269805],[106.800464,11.271366],[106.796564,11.275915],[106.796997,11.277788],[106.796494,11.278243],[106.796272,11.279827],[106.795606,11.280911],[106.795782,11.281754],[106.794842,11.282943],[106.794692,11.284109],[106.793233,11.284543],[106.792571,11.285515],[106.791444,11.286277],[106.791178,11.286922],[106.789815,11.287903],[106.789658,11.288965],[106.788711,11.288754],[106.788145,11.289294],[106.788259,11.290417],[106.786149,11.291735],[106.785111,11.294359],[106.784076,11.295458],[106.784501,11.29659],[106.783941,11.297281],[106.784184,11.298587],[106.783334,11.299969],[106.783969,11.302482],[106.783457,11.302796],[106.783637,11.303692],[106.784944,11.30417],[106.784519,11.305607],[106.783546,11.306878],[106.784264,11.309282],[106.782668,11.310059],[106.782298,11.312326],[106.781576,11.312776],[106.780938,11.314149],[106.781087,11.315305],[106.780736,11.317202],[106.780239,11.31835],[106.778907,11.318665],[106.776843,11.318753],[106.77335,11.317418],[106.769525,11.307981],[106.765534,11.308055],[106.764751,11.308318],[106.762964,11.307371],[106.761044,11.309828],[106.75856,11.310006],[106.758939,11.309018],[106.758193,11.308671],[106.758594,11.307808],[106.759819,11.308392],[106.759906,11.307303],[106.760881,11.305893],[106.760942,11.305183],[106.759311,11.302511],[106.759134,11.299665],[106.758378,11.298755],[106.756951,11.297755],[106.754816,11.295756],[106.753067,11.293357],[106.75113,11.292053],[106.750417,11.290717],[106.751205,11.289438],[106.750723,11.287702],[106.749119,11.28604],[106.741206,11.278243],[106.740524,11.278306],[106.740149,11.276986],[106.738443,11.273674],[106.738175,11.272062],[106.734377,11.27243],[106.733728,11.271296],[106.733404,11.271767],[106.73218,11.271002],[106.731521,11.272025],[106.73015,11.272672],[106.730622,11.275066],[106.731228,11.275581],[106.731196,11.276723],[106.729917,11.277909],[106.728366,11.278441],[106.727967,11.279201],[106.726907,11.279372],[106.726119,11.280058],[106.724826,11.279927],[106.721844,11.280059],[106.723345,11.275913],[106.724008,11.274595],[106.726293,11.271552],[106.726785,11.270125],[106.727374,11.265623],[106.727723,11.264099],[106.728507,11.263404],[106.73023,11.262875],[106.729871,11.260685],[106.728857,11.25974],[106.727277,11.259893],[106.72629,11.260414],[106.723048,11.259288],[106.721023,11.259004],[106.720837,11.256521],[106.721142,11.256513],[106.721127,11.252054],[106.719596,11.252023],[106.716747,11.247627],[106.716208,11.24786],[106.714998,11.246062],[106.714306,11.245519],[106.713746,11.244164],[106.712926,11.24321],[106.711796,11.241274],[106.709333,11.239453],[106.706269,11.239128],[106.706477,11.237283],[106.70568,11.236618],[106.704299,11.236469],[106.704599,11.234081],[106.706002,11.233234],[106.705981,11.231959],[106.706439,11.229687],[106.708244,11.22466],[106.710496,11.224852],[106.711514,11.215513],[106.712077,11.210835],[106.721647,11.203274],[106.724332,11.191324],[106.725228,11.191537],[106.725335,11.190937],[106.727285,11.19124],[106.729893,11.191369],[106.730504,11.19179],[106.731781,11.191395],[106.732535,11.192829],[106.732189,11.195721],[106.73225,11.196778],[106.732884,11.197986],[106.73487,11.199804],[106.736695,11.200041],[106.738114,11.199925],[106.742267,11.200943],[106.744932,11.200258],[106.745987,11.200413],[106.748692,11.202568],[106.749238,11.203858],[106.750592,11.20507],[106.750485,11.206825],[106.751739,11.208917],[106.751967,11.20979],[106.75353,11.210435],[106.75823,11.210416],[106.758638,11.199978],[106.758687,11.190807],[106.761876,11.190796],[106.76221,11.190348]]]},"properties":{"name":"Xã Phước Hòa","short_name":"Phước Hòa","unit_type":"Xã","osm_id":"relation/15350008","population":null,"ref":null,"id":118,"area_km2":123.55,"density":null}},{"type":"Feature","geometry":{"type":"Polygon","coordinates":[[[106.721023,11.259004],[106.723048,11.259288],[106.72629,11.260414],[106.727277,11.259893],[106.728857,11.25974],[106.729871,11.260685],[106.73023,11.262875],[106.728507,11.263404],[106.727723,11.264099],[106.727374,11.265623],[106.726785,11.270125],[106.726293,11.271552],[106.724008,11.274595],[106.723345,11.275913],[106.721844,11.280059],[106.724826,11.279927],[106.726119,11.280058],[106.726907,11.279372],[106.727967,11.279201],[106.728366,11.278441],[106.729917,11.277909],[106.731196,11.276723],[106.731228,11.275581],[106.730622,11.275066],[106.73015,11.272672],[106.731521,11.272025],[106.73218,11.271002],[106.733404,11.271767],[106.733728,11.271296],[106.734377,11.27243],[106.738175,11.272062],[106.738443,11.273674],[106.740149,11.276986],[106.740524,11.278306],[106.740503,11.27948],[106.739854,11.280769],[106.73758,11.282878],[106.733428,11.285461],[106.731936,11.286845],[106.731121,11.288904],[106.731556,11.291379],[106.732653,11.292976],[106.734018,11.297792],[106.733674,11.299633],[106.731201,11.302963],[106.727782,11.306109],[106.7248,11.306853],[106.724705,11.308833],[106.725247,11.308791],[106.725231,11.310138],[106.724399,11.31038],[106.723959,11.311958],[106.72529,11.312794],[106.725708,11.313994],[106.726674,11.31402],[106.727457,11.315682],[106.729702,11.318402],[106.730547,11.318014],[106.731455,11.319035],[106.731729,11.319941],[106.731663,11.321491],[106.729624,11.324564],[106.729251,11.325571],[106.72915,11.328135],[106.729447,11.328488],[106.731228,11.328859],[106.734912,11.329305],[106.735026,11.329049],[106.737376,11.330479],[106.736676,11.33065],[106.736402,11.331794],[106.735413,11.332046],[106.735879,11.332688],[106.73501,11.334008],[106.735351,11.335341],[106.734849,11.336296],[106.73574,11.336538],[106.735391,11.338084],[106.73434,11.338416],[106.73508,11.340635],[106.734098,11.341272],[106.733111,11.34276],[106.731647,11.343344],[106.731588,11.344675],[106.731067,11.345479],[106.731674,11.346221],[106.731775,11.347325],[106.733218,11.34955],[106.733524,11.34955],[106.733455,11.351228],[106.733937,11.351354],[106.734329,11.352922],[106.734801,11.353079],[106.734425,11.355483],[106.733648,11.356687],[106.733583,11.358307],[106.733068,11.359885],[106.733277,11.360595],[106.732521,11.362872],[106.732478,11.364671],[106.73273,11.366733],[106.732092,11.367227],[106.732489,11.370372],[106.733803,11.373385],[106.73268,11.373816],[106.731645,11.375375],[106.729232,11.376369],[106.727633,11.378506],[106.72914,11.379486],[106.727777,11.381257],[106.727339,11.380932],[106.72493,11.380569],[106.723407,11.379822],[106.7211,11.381332],[106.719679,11.384009],[106.718402,11.384103],[106.718783,11.38287],[106.718105,11.382277],[106.714499,11.384445],[106.712916,11.385976],[106.711691,11.387721],[106.710693,11.391508],[106.709642,11.392807],[106.704331,11.395683],[106.704213,11.396522],[106.702403,11.397939],[106.700461,11.398462],[106.700386,11.399261],[106.699394,11.40017],[106.697793,11.402263],[106.69761,11.403068],[106.694123,11.402048],[106.692948,11.401885],[106.692865,11.399448],[106.689524,11.397658],[106.686401,11.39553],[106.685859,11.396749],[106.683952,11.398557],[106.680406,11.397708],[106.679896,11.398356],[106.677434,11.397976],[106.675834,11.401802],[106.673416,11.401262],[106.679204,11.384935],[106.677189,11.383061],[106.675747,11.382336],[106.676596,11.38109],[106.677409,11.381019],[106.678572,11.377131],[106.678428,11.376136],[106.678921,11.375486],[106.677949,11.37427],[106.677479,11.372049],[106.677858,11.370302],[106.677494,11.368316],[106.677645,11.367349],[106.676841,11.364747],[106.677433,11.364052],[106.677118,11.362889],[106.676026,11.362011],[106.675702,11.359219],[106.674888,11.358962],[106.675694,11.358063],[106.674982,11.357876],[106.673829,11.356602],[106.674156,11.356054],[106.67388,11.35451],[106.672063,11.354373],[106.67138,11.353758],[106.670029,11.354464],[106.669071,11.354034],[106.666922,11.354875],[106.666566,11.354164],[106.665123,11.354206],[106.664435,11.354917],[106.660708,11.355629],[106.659772,11.356131],[106.658914,11.356035],[106.656043,11.353283],[106.653741,11.350751],[106.653294,11.349482],[106.651916,11.348435],[106.651444,11.347626],[106.650317,11.347389],[106.649085,11.346445],[106.647528,11.344158],[106.645166,11.342075],[106.643709,11.341352],[106.645811,11.338237],[106.64594,11.337183],[106.645481,11.333869],[106.646175,11.332009],[106.646365,11.330377],[106.647518,11.329109],[106.647989,11.32843],[106.649322,11.327565],[106.650041,11.325983],[106.652269,11.325145],[106.652669,11.323996],[106.654657,11.322783],[106.658004,11.319021],[106.661164,11.318883],[106.662673,11.319199],[106.664597,11.317809],[106.665916,11.315656],[106.667697,11.31467],[106.668508,11.313662],[106.669339,11.313544],[106.669849,11.312155],[106.673687,11.313817],[106.673274,11.314115],[106.674363,11.31509],[106.675363,11.314893],[106.675766,11.315629],[106.67707,11.315486],[106.677447,11.316339],[106.678438,11.316592],[106.679196,11.313998],[106.683402,11.306181],[106.68376,11.303831],[106.683584,11.299002],[106.683438,11.291129],[106.682899,11.281407],[106.682394,11.279879],[106.682273,11.274456],[106.682356,11.271233],[106.681835,11.252638],[106.681826,11.248904],[106.707032,11.25198],[106.706931,11.25393],[106.709159,11.254895],[106.709465,11.256536],[106.710602,11.258346],[106.711497,11.258951],[106.712854,11.259319],[106.714305,11.259153],[106.715768,11.257569],[106.717221,11.257382],[106.718066,11.257675],[106.719958,11.258938],[106.721023,11.259004]]]},"properties":{"name":"Xã An Long","short_name":"An Long","unit_type":"Xã","osm_id":"relation/15350010","population":null,"ref":null,"id":119,"area_km2":99.73,"density":null}},{"type":"Feature","geometry":{"type":"Polygon","coordinates":[[[106.780239,11.31835],[106.780257,11.319265],[106.779695,11.319997],[106.77972,11.321451],[106.779154,11.322092],[106.779629,11.323222],[106.779111,11.323804],[106.779736,11.32524],[106.778398,11.32672],[106.777357,11.328969],[106.777153,11.330558],[106.776292,11.330794],[106.775866,11.332062],[106.77667,11.332441],[106.776955,11.334145],[106.776161,11.336133],[106.775812,11.338731],[106.776724,11.338921],[106.776928,11.339746],[106.776523,11.341853],[106.776088,11.34174],[106.775651,11.342797],[106.776021,11.343018],[106.77527,11.344985],[106.775833,11.345795],[106.775984,11.347725],[106.777346,11.34883],[106.778537,11.350302],[106.779224,11.351859],[106.779224,11.352785],[106.779921,11.353079],[106.780924,11.355351],[106.781906,11.355862],[106.782802,11.357003],[106.783864,11.357739],[106.785548,11.357955],[106.786214,11.359412],[106.786133,11.360813],[106.786519,11.361621],[106.786315,11.362683],[106.786857,11.363451],[106.787506,11.365544],[106.788928,11.36718],[106.790307,11.367269],[106.790655,11.367742],[106.795529,11.369415],[106.796639,11.369128],[106.797264,11.370067],[106.797355,11.371408],[106.797828,11.371492],[106.79801,11.374805],[106.79852,11.375005],[106.798343,11.377745],[106.798578,11.378956],[106.800059,11.380205],[106.800448,11.381219],[106.800228,11.382749],[106.798554,11.382528],[106.798616,11.381642],[106.797479,11.381637],[106.796551,11.380695],[106.796175,11.379544],[106.793675,11.379544],[106.793606,11.383004],[106.789405,11.382925],[106.789287,11.385902],[106.788483,11.385881],[106.789035,11.40122],[106.781135,11.401259],[106.774718,11.402067],[106.769455,11.404049],[106.770076,11.405634],[106.771178,11.409407],[106.771316,11.411075],[106.771128,11.412348],[106.771209,11.417038],[106.771099,11.420208],[106.770697,11.426433],[106.771821,11.427012],[106.773318,11.42655],[106.775777,11.427006],[106.77623,11.426476],[106.779531,11.4269],[106.781441,11.427756],[106.782747,11.428804],[106.784623,11.429547],[106.786118,11.431533],[106.788423,11.432833],[106.791806,11.43562],[106.793409,11.438188],[106.796411,11.442166],[106.799512,11.445751],[106.802033,11.447142],[106.803178,11.448457],[106.804605,11.449567],[106.805963,11.45158],[106.806351,11.455001],[106.805948,11.457068],[106.806417,11.45864],[106.80754,11.460351],[106.808723,11.461135],[106.8077,11.462521],[106.805994,11.465661],[106.806114,11.466731],[106.804083,11.47023],[106.803497,11.471845],[106.802962,11.476154],[106.802571,11.477082],[106.803095,11.48126],[106.801563,11.484983],[106.80025,11.486821],[106.798168,11.489022],[106.797364,11.491033],[106.796658,11.491242],[106.794949,11.491051],[106.794602,11.491328],[106.792634,11.491386],[106.791452,11.491926],[106.790475,11.491827],[106.788351,11.490195],[106.786319,11.489242],[106.784052,11.488871],[106.780653,11.487578],[106.779286,11.486517],[106.778682,11.485287],[106.777947,11.484618],[106.776458,11.484109],[106.774261,11.482788],[106.772055,11.482702],[106.769452,11.482146],[106.768704,11.482743],[106.768163,11.482522],[106.767573,11.480863],[106.767775,11.480403],[106.766778,11.479823],[106.765074,11.480509],[106.763174,11.480343],[106.762081,11.479782],[106.759364,11.477803],[106.757756,11.477314],[106.755885,11.477324],[106.754278,11.476913],[106.753665,11.476235],[106.753256,11.473256],[106.752534,11.471951],[106.750438,11.46952],[106.749973,11.467385],[106.750648,11.465362],[106.751977,11.463505],[106.752536,11.460913],[106.752339,11.458088],[106.752624,11.456452],[106.753637,11.455319],[106.755494,11.454417],[106.756168,11.453809],[106.756661,11.452562],[106.756581,11.451664],[106.755551,11.44926],[106.754056,11.447292],[106.752995,11.446333],[106.749671,11.444279],[106.747366,11.443439],[106.744608,11.442905],[106.743068,11.442213],[106.741981,11.44094],[106.741451,11.438259],[106.742122,11.435278],[106.741724,11.433963],[106.740002,11.432678],[106.737902,11.432021],[106.733936,11.431682],[106.732461,11.432067],[106.730863,11.432879],[106.729154,11.43328],[106.727615,11.432949],[106.726502,11.431855],[106.725627,11.429269],[106.725783,11.428002],[106.726391,11.426431],[106.72634,11.424473],[106.725409,11.423189],[106.723519,11.422671],[106.722336,11.422636],[106.719959,11.422993],[106.718238,11.422541],[106.717696,11.421014],[106.717905,11.418583],[106.718686,11.416154],[106.718461,11.414288],[106.716876,11.412573],[106.713807,11.410017],[106.711541,11.408446],[106.709202,11.406038],[106.708811,11.405026],[106.70894,11.403758],[106.710031,11.402285],[106.710275,11.401152],[106.709492,11.39986],[106.708393,11.399047],[106.704625,11.397145],[106.704213,11.396522],[106.704331,11.395683],[106.709642,11.392807],[106.710693,11.391508],[106.711691,11.387721],[106.712916,11.385976],[106.714499,11.384445],[106.718105,11.382277],[106.718783,11.38287],[106.718402,11.384103],[106.719679,11.384009],[106.7211,11.381332],[106.723407,11.379822],[106.72493,11.380569],[106.727339,11.380932],[106.727777,11.381257],[106.72914,11.379486],[106.727633,11.378506],[106.729232,11.376369],[106.731645,11.375375],[106.73268,11.373816],[106.733803,11.373385],[106.732489,11.370372],[106.732092,11.367227],[106.73273,11.366733],[106.732478,11.364671],[106.732521,11.362872],[106.733277,11.360595],[106.733068,11.359885],[106.733583,11.358307],[106.733648,11.356687],[106.734425,11.355483],[106.734801,11.353079],[106.734329,11.352922],[106.733937,11.351354],[106.733455,11.351228],[106.733524,11.34955],[106.733218,11.34955],[106.731775,11.347325],[106.731674,11.346221],[106.731067,11.345479],[106.731588,11.344675],[106.731647,11.343344],[106.733111,11.34276],[106.734098,11.341272],[106.73508,11.340635],[106.73434,11.338416],[106.735391,11.338084],[106.73574,11.336538],[106.734849,11.336296],[106.735351,11.335341],[106.73501,11.334008],[106.735879,11.332688],[106.735413,11.332046],[106.736402,11.331794],[106.736676,11.33065],[106.737376,11.330479],[106.735026,11.329049],[106.734912,11.329305],[106.731228,11.328859],[106.729447,11.328488],[106.72915,11.328135],[106.729251,11.325571],[106.729624,11.324564],[106.731663,11.321491],[106.731729,11.319941],[106.731455,11.319035],[106.730547,11.318014],[106.729702,11.318402],[106.727457,11.315682],[106.726674,11.31402],[106.725708,11.313994],[106.72529,11.312794],[106.723959,11.311958],[106.724399,11.31038],[106.725231,11.310138],[106.725247,11.308791],[106.724705,11.308833],[106.7248,11.306853],[106.727782,11.306109],[106.731201,11.302963],[106.733674,11.299633],[106.734018,11.297792],[106.732653,11.292976],[106.731556,11.291379],[106.731121,11.288904],[106.731936,11.286845],[106.733428,11.285461],[106.73758,11.282878],[106.739854,11.280769],[106.740503,11.27948],[106.740524,11.278306],[106.741206,11.278243],[106.749119,11.28604],[106.750723,11.287702],[106.751205,11.289438],[106.750417,11.290717],[106.75113,11.292053],[106.753067,11.293357],[106.754816,11.295756],[106.756951,11.297755],[106.758378,11.298755],[106.759134,11.299665],[106.759311,11.302511],[106.760942,11.305183],[106.760881,11.305893],[106.759906,11.307303],[106.759819,11.308392],[106.758594,11.307808],[106.758193,11.308671],[106.758939,11.309018],[106.75856,11.310006],[106.761044,11.309828],[106.762964,11.307371],[106.764751,11.308318],[106.765534,11.308055],[106.769525,11.307981],[106.77335,11.317418],[106.776843,11.318753],[106.778907,11.318665],[106.780239,11.31835]]]},"properties":{"name":"Xã Phước Thành","short_name":"Phước Thành","unit_type":"Xã","osm_id":"relation/15350042","population":null,"ref":null,"id":120,"area_km2":124.22,"density":null}},{"type":"Feature","geometry":{"type":"Polygon","coordinates":[[[106.913679,11.230357],[106.913272,11.23176],[106.913729,11.232564],[106.915492,11.23358],[106.916652,11.234654],[106.918282,11.235027],[106.918181,11.235613],[106.914071,11.235931],[106.912008,11.235771],[106.911781,11.23633],[106.913212,11.237352],[106.911013,11.238481],[106.910661,11.240484],[106.910797,11.241384],[106.91229,11.242018],[106.914421,11.240649],[106.91527,11.241745],[106.91673,11.242604],[106.917878,11.242531],[106.917665,11.241061],[106.918453,11.240427],[106.918889,11.240847],[106.918762,11.242289],[106.919313,11.24264],[106.920085,11.241581],[106.922126,11.24142],[106.923343,11.241739],[106.924278,11.243482],[106.925777,11.244541],[106.927118,11.244972],[106.928112,11.243627],[106.93134,11.244337],[106.93172,11.245842],[106.930166,11.247485],[106.929077,11.247817],[106.927097,11.246669],[106.926426,11.247179],[106.92641,11.247928],[106.928063,11.248747],[106.927723,11.249974],[106.927799,11.252114],[106.925996,11.252589],[106.925516,11.253067],[106.925203,11.254576],[106.925481,11.256157],[106.92685,11.256158],[106.927314,11.258152],[106.926823,11.258788],[106.926022,11.258477],[106.926029,11.259698],[106.926959,11.260332],[106.926948,11.261026],[106.925777,11.26179],[106.925428,11.263302],[106.923733,11.263794],[106.923765,11.264341],[106.924879,11.265144],[106.925901,11.265141],[106.926477,11.264419],[106.927601,11.264474],[106.927862,11.26515],[106.925529,11.267276],[106.925537,11.267649],[106.927151,11.267778],[106.927491,11.268745],[106.926809,11.269531],[106.924972,11.270457],[106.924621,11.271175],[106.926167,11.272238],[106.927974,11.272214],[106.92907,11.273044],[106.929135,11.273953],[106.930229,11.274506],[106.930451,11.27508],[106.929716,11.27791],[106.930421,11.27889],[106.931091,11.277888],[106.932086,11.279116],[106.932965,11.278661],[106.933504,11.280025],[106.932131,11.281759],[106.933371,11.282388],[106.933538,11.283524],[106.93438,11.284825],[106.934257,11.285894],[106.933264,11.287188],[106.933764,11.287666],[106.936377,11.287221],[106.936284,11.288047],[106.937614,11.288341],[106.937799,11.289202],[106.939158,11.290017],[106.938925,11.291455],[106.939287,11.292332],[106.940857,11.292723],[106.941666,11.293749],[106.941455,11.294818],[106.939405,11.295815],[106.93741,11.296372],[106.937851,11.297269],[106.939083,11.296497],[106.939835,11.296639],[106.939945,11.297427],[106.939163,11.298807],[106.939812,11.301291],[106.939487,11.301893],[106.938531,11.301495],[106.938526,11.302219],[106.939921,11.303153],[106.939346,11.304049],[106.937171,11.305457],[106.938035,11.307413],[106.937707,11.308337],[106.937029,11.308164],[106.936608,11.309296],[106.938041,11.309441],[106.939187,11.310191],[106.938584,11.310466],[106.937865,11.312423],[106.94017,11.312603],[106.941496,11.312428],[106.941029,11.313361],[106.941881,11.313818],[106.941764,11.314678],[106.94307,11.315974],[106.943088,11.316608],[106.943911,11.3169],[106.944298,11.318163],[106.944875,11.317343],[106.947083,11.317937],[106.947655,11.318674],[106.947453,11.319561],[106.947932,11.319927],[106.947599,11.320827],[106.948433,11.321476],[106.949931,11.321515],[106.950456,11.322062],[106.951239,11.32171],[106.952377,11.323511],[106.951913,11.323872],[106.952673,11.324841],[106.952666,11.326874],[106.95232,11.327602],[106.95321,11.328785],[106.952447,11.329915],[106.952691,11.330524],[106.951467,11.331134],[106.95161,11.333197],[106.950642,11.333006],[106.950426,11.334249],[106.95145,11.335022],[106.951139,11.336075],[106.951133,11.337762],[106.950297,11.339039],[106.9489,11.339958],[106.948498,11.339688],[106.948388,11.340972],[106.947485,11.340965],[106.947725,11.342031],[106.947083,11.342087],[106.946223,11.342949],[106.946489,11.344071],[106.946074,11.345897],[106.945445,11.346099],[106.944377,11.347227],[106.943623,11.350491],[106.943836,11.351854],[106.944357,11.352354],[106.944876,11.354239],[106.941777,11.355585],[106.940661,11.356293],[106.938939,11.355586],[106.937375,11.355333],[106.934336,11.355325],[106.934345,11.354335],[106.931347,11.353403],[106.92939,11.354747],[106.928021,11.354314],[106.926759,11.35442],[106.92285,11.354098],[106.921654,11.353038],[106.921177,11.352112],[106.919067,11.351933],[106.918243,11.353926],[106.918165,11.355307],[106.917667,11.355848],[106.91482,11.356065],[106.913741,11.354975],[106.911773,11.354827],[106.911521,11.353861],[106.910575,11.354008],[106.910058,11.353316],[106.909114,11.353814],[106.907887,11.353624],[106.906532,11.352282],[106.905204,11.34989],[106.904676,11.349426],[106.904343,11.348057],[106.903539,11.347315],[106.904002,11.345116],[106.903953,11.344004],[106.903419,11.343579],[106.902376,11.343744],[106.902949,11.342739],[106.902009,11.341341],[106.900949,11.341523],[106.900412,11.340358],[106.889322,11.340578],[106.884128,11.339594],[106.883314,11.338228],[106.881384,11.336036],[106.881129,11.335121],[106.880187,11.334118],[106.878038,11.33244],[106.875853,11.329905],[106.874789,11.328952],[106.873221,11.328122],[106.872304,11.327168],[106.871344,11.325563],[106.869995,11.3219],[106.869795,11.320543],[106.871856,11.318244],[106.872759,11.315446],[106.873015,11.313901],[106.874414,11.311592],[106.874941,11.30957],[106.875478,11.308548],[106.875025,11.307365],[106.874475,11.308585],[106.873351,11.309498],[106.871747,11.309996],[106.870666,11.309651],[106.869187,11.311072],[106.866479,11.31174],[106.865907,11.310557],[106.865202,11.310811],[106.865339,11.312075],[106.866387,11.313286],[106.866602,11.314497],[106.865507,11.314939],[106.863639,11.314337],[106.862419,11.314278],[106.85897,11.315198],[106.8575,11.314368],[106.856992,11.315178],[106.857255,11.316874],[106.855575,11.321932],[106.856712,11.324352],[106.856429,11.326924],[106.855393,11.328895],[106.855782,11.329991],[106.856755,11.3308],[106.858381,11.335061],[106.859725,11.335834],[106.861378,11.335372],[106.862496,11.337332],[106.863285,11.339361],[106.863186,11.341726],[106.862705,11.342918],[106.861434,11.344424],[106.859351,11.345418],[106.857066,11.345464],[106.856696,11.34599],[106.856911,11.34706],[106.858403,11.348502],[106.859988,11.348642],[106.860302,11.34984],[106.859376,11.350837],[106.85866,11.349939],[106.857766,11.350424],[106.856023,11.352576],[106.85576,11.353592],[106.856176,11.355069],[106.856713,11.358149],[106.855128,11.357923],[106.854448,11.360423],[106.854915,11.361434],[106.856363,11.360171],[106.857125,11.359946],[106.8584,11.360906],[106.858556,11.361834],[106.857675,11.362966],[106.858001,11.364469],[106.857186,11.366318],[106.85736,11.368382],[106.857121,11.369017],[106.855709,11.36943],[106.855546,11.370124],[106.857072,11.372376],[106.857117,11.373403],[106.856554,11.37389],[106.856701,11.374921],[106.855682,11.374716],[106.855366,11.37581],[106.85454,11.376704],[106.852252,11.376712],[106.851034,11.37618],[106.849405,11.37596],[106.847487,11.376075],[106.844097,11.375159],[106.842008,11.374991],[106.839736,11.375729],[106.837901,11.377022],[106.835518,11.377198],[106.835629,11.379478],[106.83427,11.380552],[106.830762,11.380453],[106.826737,11.380636],[106.825535,11.382683],[106.825046,11.38418],[106.821969,11.381449],[106.818431,11.378682],[106.818369,11.377822],[106.817703,11.377313],[106.81639,11.377264],[106.813255,11.376615],[106.811552,11.375831],[106.809985,11.376127],[106.807596,11.377914],[106.803535,11.379433],[106.802521,11.380493],[106.800448,11.381219],[106.800059,11.380205],[106.798578,11.378956],[106.798343,11.377745],[106.79852,11.375005],[106.79801,11.374805],[106.797828,11.371492],[106.797355,11.371408],[106.797264,11.370067],[106.796639,11.369128],[106.795529,11.369415],[106.790655,11.367742],[106.790307,11.367269],[106.788928,11.36718],[106.787506,11.365544],[106.786857,11.363451],[106.786315,11.362683],[106.786519,11.361621],[106.786133,11.360813],[106.786214,11.359412],[106.785548,11.357955],[106.783864,11.357739],[106.782802,11.357003],[106.781906,11.355862],[106.780924,11.355351],[106.779921,11.353079],[106.779224,11.352785],[106.779224,11.351859],[106.778537,11.350302],[106.777346,11.34883],[106.775984,11.347725],[106.775833,11.345795],[106.77527,11.344985],[106.776021,11.343018],[106.775651,11.342797],[106.776088,11.34174],[106.776523,11.341853],[106.776928,11.339746],[106.776724,11.338921],[106.775812,11.338731],[106.776161,11.336133],[106.776955,11.334145],[106.77667,11.332441],[106.775866,11.332062],[106.776292,11.330794],[106.777153,11.330558],[106.777357,11.328969],[106.778398,11.32672],[106.779736,11.32524],[106.779111,11.323804],[106.779629,11.323222],[106.779154,11.322092],[106.77972,11.321451],[106.779695,11.319997],[106.780257,11.319265],[106.780239,11.31835],[106.780736,11.317202],[106.781087,11.315305],[106.780938,11.314149],[106.781576,11.312776],[106.782298,11.312326],[106.782668,11.310059],[106.784264,11.309282],[106.783546,11.306878],[106.784519,11.305607],[106.784944,11.30417],[106.783637,11.303692],[106.783457,11.302796],[106.783969,11.302482],[106.783334,11.299969],[106.784184,11.298587],[106.783941,11.297281],[106.784501,11.29659],[106.784076,11.295458],[106.785111,11.294359],[106.786149,11.291735],[106.788259,11.290417],[106.788145,11.289294],[106.788711,11.288754],[106.789658,11.288965],[106.789815,11.287903],[106.791178,11.286922],[106.791444,11.286277],[106.792571,11.285515],[106.793233,11.284543],[106.794692,11.284109],[106.794842,11.282943],[106.795782,11.281754],[106.795606,11.280911],[106.796272,11.279827],[106.796494,11.278243],[106.796997,11.277788],[106.796564,11.275915],[106.800464,11.271366],[106.801314,11.269805],[106.802362,11.268784],[106.803423,11.266738],[106.804405,11.266074],[106.805278,11.264576],[106.80652,11.263833],[106.808826,11.262032],[106.809655,11.261907],[106.811271,11.26054],[106.813768,11.258986],[106.814701,11.258983],[106.818314,11.257345],[106.818925,11.25607],[106.819635,11.255381],[106.822037,11.254916],[106.823264,11.254134],[106.824894,11.25429],[106.826141,11.253422],[106.827005,11.255211],[106.829845,11.255602],[106.830808,11.256399],[106.831248,11.255847],[106.832213,11.256155],[106.834803,11.254713],[106.835645,11.255553],[106.836077,11.25507],[106.837238,11.255574],[106.838687,11.254406],[106.838718,11.253122],[106.840384,11.252209],[106.840538,11.251151],[106.841254,11.250752],[106.841349,11.249752],[106.842477,11.248726],[106.842671,11.247923],[106.843801,11.248074],[106.844343,11.247419],[106.845552,11.249282],[106.846138,11.249541],[106.847624,11.24893],[106.848328,11.250481],[106.849493,11.251728],[106.850102,11.253692],[106.850673,11.254145],[106.852225,11.254006],[106.854524,11.255305],[106.855329,11.255457],[106.857308,11.254195],[106.860106,11.252885],[106.861495,11.252622],[106.865171,11.252415],[106.869286,11.251662],[106.871315,11.250515],[106.872516,11.249044],[106.873655,11.248343],[106.876783,11.247299],[106.878889,11.246377],[106.881546,11.24483],[106.883493,11.242816],[106.884838,11.242549],[106.885375,11.243083],[106.886346,11.245019],[106.886492,11.247256],[106.886169,11.248249],[106.884248,11.250554],[106.883889,11.251767],[106.884067,11.252949],[106.884903,11.253364],[106.886283,11.253331],[106.887217,11.252693],[106.888937,11.250554],[106.890408,11.24793],[106.890825,11.246608],[106.890629,11.24546],[106.889591,11.243936],[106.887814,11.242972],[106.88655,11.241599],[106.886728,11.239825],[106.888371,11.238273],[106.890585,11.238184],[106.893407,11.238921],[106.89964,11.24085],[106.901876,11.241947],[106.90282,11.241936],[106.904569,11.240568],[106.905116,11.239328],[106.905604,11.23679],[106.906736,11.23378],[106.907677,11.232143],[106.90873,11.231199],[106.911021,11.230267],[106.912563,11.230093],[106.913679,11.230357]]]},"properties":{"name":"Xã Phú Giáo","short_name":"Phú Giáo","unit_type":"Xã","osm_id":"relation/15350067","population":null,"ref":null,"id":121,"area_km2":198.59,"density":null}},{"type":"Feature","geometry":{"type":"Polygon","coordinates":[[[106.681689,10.765432],[106.685254,10.756452],[106.687275,10.753519],[106.689712,10.755942],[106.691609,10.757595],[106.694486,10.759223],[106.695913,10.76037],[106.696921,10.761541],[106.698196,10.763283],[106.695402,10.768018],[106.69268,10.764933],[106.690731,10.764175],[106.689566,10.766096],[106.684486,10.768364],[106.681689,10.765432]]]},"properties":{"name":"Phường Cầu Ông Lãnh","short_name":"Cầu Ông Lãnh","unit_type":"Phường","osm_id":"relation/19260502","population":78734,"ref":null,"id":122,"area_km2":1.59,"density":49518}},{"type":"Feature","geometry":{"type":"Polygon","coordinates":[[[106.698196,10.763283],[106.701207,10.76535],[106.70278,10.767227],[106.699092,10.775832],[106.695008,10.77958],[106.689458,10.773623],[106.684486,10.768364],[106.689566,10.766096],[106.690731,10.764175],[106.69268,10.764933],[106.695402,10.768018],[106.698196,10.763283]]]},"properties":{"name":"Phường Bến Thành","short_name":"Bến Thành","unit_type":"Phường","osm_id":"relation/19260503","population":71785,"ref":null,"id":123,"area_km2":1.87,"density":38388}},{"type":"Feature","geometry":{"type":"Polygon","coordinates":[[[106.715195,10.78534],[106.713273,10.78725],[106.712384,10.78765],[106.70921,10.787537],[106.708266,10.788149],[106.707525,10.789219],[106.70695,10.790978],[106.706378,10.791654],[106.70357,10.792692],[106.695986,10.784684],[106.698127,10.782885],[106.695008,10.77958],[106.699092,10.775832],[106.70278,10.767227],[106.703569,10.768031],[106.706049,10.769068],[106.708299,10.76976],[106.707996,10.772946],[106.708136,10.77518],[106.708544,10.777291],[106.709735,10.780364],[106.711362,10.782758],[106.713193,10.784281],[106.715195,10.78534]]]},"properties":{"name":"Phường Sài Gòn","short_name":"Sài Gòn","unit_type":"Phường","osm_id":"relation/19260504","population":47022,"ref":null,"id":124,"area_km2":3.03,"density":15519}},{"type":"Feature","geometry":{"type":"Polygon","coordinates":[[[106.70357,10.792692],[106.699854,10.793467],[106.69732,10.793661],[106.69522,10.793435],[106.694697,10.793612],[106.694228,10.794955],[106.692506,10.794922],[106.691609,10.795525],[106.690956,10.79578],[106.689155,10.795593],[106.687589,10.794871],[106.68685,10.795293],[106.686244,10.796573],[106.685108,10.796751],[106.684874,10.795952],[106.685121,10.794428],[106.686395,10.793089],[106.68615,10.792506],[106.695986,10.784684],[106.70357,10.792692]]]},"properties":{"name":"Phường Tân Định","short_name":"Tân Định","unit_type":"Phường","osm_id":"relation/19260505","population":48524,"ref":null,"id":125,"area_km2":1.24,"density":39132}},{"type":"Feature","geometry":{"type":"Polygon","coordinates":[[[106.666721,10.789603],[106.666119,10.789395],[106.66475,10.790111],[106.665198,10.788675],[106.664293,10.787126],[106.664646,10.786934],[106.681667,10.777825],[106.68169,10.77839],[106.68453,10.784371],[106.681298,10.785927],[106.683509,10.787106],[106.683467,10.78822],[106.681574,10.788864],[106.681669,10.791239],[106.676192,10.790499],[106.671034,10.789299],[106.670779,10.78791],[106.668106,10.78884],[106.666721,10.789603]]]},"properties":{"name":"Phường Nhiêu Lộc","short_name":"Nhiêu Lộc","unit_type":"Phường","osm_id":"relation/19260545","population":88090,"ref":null,"id":126,"area_km2":1.71,"density":51515}},{"type":"Feature","geometry":{"type":"Polygon","coordinates":[[[106.695008,10.77958],[106.698127,10.782885],[106.695986,10.784684],[106.68615,10.792506],[106.685571,10.792235],[106.683523,10.792409],[106.681669,10.791239],[106.681574,10.788864],[106.683467,10.78822],[106.683509,10.787106],[106.681298,10.785927],[106.68453,10.784371],[106.68169,10.77839],[106.681667,10.777825],[106.682797,10.775894],[106.683751,10.776703],[106.689458,10.773623],[106.695008,10.77958]]]},"properties":{"name":"Phường Xuân Hòa","short_name":"Xuân Hòa","unit_type":"Phường","osm_id":"relation/19260546","population":48464,"ref":null,"id":127,"area_km2":2.22,"density":21831}},{"type":"Feature","geometry":{"type":"Polygon","coordinates":[[[106.684486,10.768364],[106.689458,10.773623],[106.683751,10.776703],[106.682797,10.775894],[106.677441,10.771337],[106.675642,10.769396],[106.674437,10.767689],[106.681689,10.765432],[106.684486,10.768364]]]},"properties":{"name":"Phường Bàn Cờ","short_name":"Bàn Cờ","unit_type":"Phường","osm_id":"relation/19260547","population":67616,"ref":null,"id":128,"area_km2":1,"density":67616}},{"type":"Feature","geometry":{"type":"Polygon","coordinates":[[[106.715854,10.752483],[106.717023,10.752625],[106.718661,10.753245],[106.720303,10.755138],[106.72228,10.759274],[106.718206,10.760625],[106.714373,10.762482],[106.712722,10.763518],[106.711181,10.764834],[106.70962,10.766898],[106.708299,10.76976],[106.706049,10.769068],[106.703569,10.768031],[106.70278,10.767227],[106.701207,10.76535],[106.703863,10.763295],[106.711153,10.758831],[106.707874,10.753277],[106.70787,10.752433],[106.715854,10.752483]]]},"properties":{"name":"Phường Xóm Chiếu","short_name":"Xóm Chiếu","unit_type":"Phường","osm_id":"relation/19260588","population":57875,"ref":null,"id":129,"area_km2":1.93,"density":29987}},{"type":"Feature","geometry":{"type":"Polygon","coordinates":[[[106.70787,10.752433],[106.707874,10.753277],[106.711153,10.758831],[106.703863,10.763295],[106.701207,10.76535],[106.698196,10.763283],[106.696921,10.761541],[106.697616,10.760855],[106.701214,10.756056],[106.706068,10.756183],[106.705048,10.752419],[106.70787,10.752433]]]},"properties":{"name":"Phường Khánh Hội","short_name":"Khánh Hội","unit_type":"Phường","osm_id":"relation/19260589","population":94507,"ref":null,"id":130,"area_km2":1.06,"density":89158}},{"type":"Feature","geometry":{"type":"Polygon","coordinates":[[[106.705048,10.752419],[106.706068,10.756183],[106.701214,10.756056],[106.697616,10.760855],[106.696921,10.761541],[106.695913,10.76037],[106.694486,10.759223],[106.691609,10.757595],[106.689712,10.755942],[106.687275,10.753519],[106.686422,10.751707],[106.690203,10.752109],[106.6918,10.752342],[106.705048,10.752419]]]},"properties":{"name":"Phường Vĩnh Hội","short_name":"Vĩnh Hội","unit_type":"Phường","osm_id":"relation/19260590","population":63015,"ref":null,"id":131,"area_km2":1.18,"density":53403}},{"type":"Feature","geometry":{"type":"Polygon","coordinates":[[[106.661562,10.758432],[106.65109,10.756339],[106.650741,10.753404],[106.650514,10.751482],[106.653276,10.751667],[106.653812,10.748756],[106.65505,10.746141],[106.657485,10.747482],[106.664725,10.750002],[106.667045,10.750069],[106.666311,10.75612],[106.665585,10.759237],[106.661562,10.758432]]]},"properties":{"name":"Phường Chợ Lớn","short_name":"Chợ Lớn","unit_type":"Phường","osm_id":"relation/19260681","population":85066,"ref":null,"id":132,"area_km2":1.68,"density":50635}},{"type":"Feature","geometry":{"type":"Polygon","coordinates":[[[106.667045,10.750069],[106.670164,10.749467],[106.673426,10.748746],[106.675297,10.748783],[106.676566,10.749805],[106.676746,10.751407],[106.677267,10.751742],[106.677127,10.75341],[106.675749,10.758123],[106.67506,10.761288],[106.674702,10.761064],[106.668925,10.759855],[106.665585,10.759237],[106.666311,10.75612],[106.667045,10.750069]]]},"properties":{"name":"Phường An Đông","short_name":"An Đông","unit_type":"Phường","osm_id":"relation/19260682","population":81229,"ref":null,"id":133,"area_km2":1.33,"density":61074}},{"type":"Feature","geometry":{"type":"Polygon","coordinates":[[[106.681689,10.765432],[106.681207,10.765291],[106.67506,10.761288],[106.675749,10.758123],[106.677127,10.75341],[106.677267,10.751742],[106.681554,10.751911],[106.684488,10.751114],[106.686422,10.751707],[106.687275,10.753519],[106.685254,10.756452],[106.681689,10.765432]]]},"properties":{"name":"Phường Chợ Quán","short_name":"Chợ Quán","unit_type":"Phường","osm_id":"relation/19260683","population":63545,"ref":null,"id":134,"area_km2":1.29,"density":49260}},{"type":"Feature","geometry":{"type":"Polygon","coordinates":[[[106.620185,10.726473],[106.627367,10.730333],[106.627205,10.72973],[106.634441,10.733644],[106.634285,10.734376],[106.634787,10.735879],[106.633951,10.738989],[106.634363,10.74074],[106.635454,10.742027],[106.638386,10.744171],[106.639957,10.74566],[106.640028,10.746645],[106.639792,10.749228],[106.623126,10.745109],[106.62175,10.741393],[106.622172,10.738627],[106.621152,10.734579],[106.620185,10.726473]]]},"properties":{"name":"Phường Bình Phú","short_name":"Bình Phú","unit_type":"Phường","osm_id":"relation/19260733","population":75925,"ref":null,"id":135,"area_km2":2.86,"density":26547}},{"type":"Feature","geometry":{"type":"Polygon","coordinates":[[[106.624162,10.762016],[106.62526,10.757553],[106.624496,10.75597],[106.624356,10.755457],[106.623767,10.74564],[106.623126,10.745109],[106.639792,10.749228],[106.638344,10.75182],[106.638419,10.752439],[106.637175,10.753582],[106.636793,10.754616],[106.637616,10.754665],[106.637464,10.755395],[106.635349,10.757823],[106.634205,10.758974],[106.633733,10.758172],[106.631868,10.758893],[106.629754,10.760161],[106.624658,10.76088],[106.624162,10.762016]]]},"properties":{"name":"Phường Phú Lâm","short_name":"Phú Lâm","unit_type":"Phường","osm_id":"relation/19260734","population":87513,"ref":null,"id":136,"area_km2":2.01,"density":43539}},{"type":"Feature","geometry":{"type":"Polygon","coordinates":[[[106.650741,10.753404],[106.638225,10.754711],[106.637616,10.754665],[106.636793,10.754616],[106.637175,10.753582],[106.638419,10.752439],[106.638344,10.75182],[106.639792,10.749228],[106.640028,10.746645],[106.653812,10.748756],[106.653276,10.751667],[106.650514,10.751482],[106.650741,10.753404]]]},"properties":{"name":"Phường Bình Tây","short_name":"Bình Tây","unit_type":"Phường","osm_id":"relation/19260735","population":63293,"ref":null,"id":137,"area_km2":1.06,"density":59710}},{"type":"Feature","geometry":{"type":"Polygon","coordinates":[[[106.653812,10.748756],[106.640028,10.746645],[106.639957,10.74566],[106.638386,10.744171],[106.635454,10.742027],[106.634363,10.74074],[106.633951,10.738989],[106.634787,10.735879],[106.634285,10.734376],[106.634441,10.733644],[106.635586,10.7345],[106.64946,10.742923],[106.65505,10.746141],[106.653812,10.748756]]]},"properties":{"name":"Phường Bình Tiên","short_name":"Bình Tiên","unit_type":"Phường","osm_id":"relation/19260736","population":91520,"ref":null,"id":138,"area_km2":1.63,"density":56147}},{"type":"Feature","geometry":{"type":"Polygon","coordinates":[[[106.661562,10.758432],[106.660023,10.763843],[106.650909,10.758904],[106.649323,10.758045],[106.641698,10.758546],[106.641587,10.75899],[106.637683,10.758704],[106.635349,10.757823],[106.637464,10.755395],[106.637616,10.754665],[106.638225,10.754711],[106.650741,10.753404],[106.65109,10.756339],[106.661562,10.758432]]]},"properties":{"name":"Phường Minh Phụng","short_name":"Minh Phụng","unit_type":"Phường","osm_id":"relation/19260758","population":90808,"ref":null,"id":139,"area_km2":1.27,"density":71502}},{"type":"Feature","geometry":{"type":"Polygon","coordinates":[[[106.634205,10.758974],[106.635349,10.757823],[106.637683,10.758704],[106.641587,10.75899],[106.641698,10.758546],[106.649323,10.758045],[106.650909,10.758904],[106.651236,10.762774],[106.646479,10.765329],[106.641004,10.767259],[106.639194,10.7684],[106.637605,10.768982],[106.635612,10.769555],[106.63575,10.76637],[106.635727,10.762755],[106.635089,10.760078],[106.634205,10.758974]]]},"properties":{"name":"Phường Bình Thới","short_name":"Bình Thới","unit_type":"Phường","osm_id":"relation/19260759","population":76478,"ref":null,"id":140,"area_km2":1.52,"density":50314}},{"type":"Feature","geometry":{"type":"Polygon","coordinates":[[[106.637605,10.768982],[106.639194,10.7684],[106.641004,10.767259],[106.646479,10.765329],[106.652061,10.769008],[106.650426,10.771193],[106.648021,10.77479],[106.64768,10.775226],[106.644616,10.775129],[106.643867,10.774622],[106.642124,10.772148],[106.641591,10.772565],[106.637605,10.768982]]]},"properties":{"name":"Phường Hòa Bình","short_name":"Hòa Bình","unit_type":"Phường","osm_id":"relation/19260760","population":69318,"ref":null,"id":141,"area_km2":0.98,"density":70733}},{"type":"Feature","geometry":{"type":"Polygon","coordinates":[[[106.660023,10.763843],[106.656132,10.777746],[106.655949,10.778451],[106.653469,10.775919],[106.653226,10.775322],[106.65251,10.769283],[106.652061,10.769008],[106.646479,10.765329],[106.651236,10.762774],[106.650909,10.758904],[106.660023,10.763843]]]},"properties":{"name":"Phường Phú Thọ","short_name":"Phú Thọ","unit_type":"Phường","osm_id":"relation/19260761","population":65369,"ref":null,"id":142,"area_km2":1.37,"density":47715}},{"type":"Feature","geometry":{"type":"Polygon","coordinates":[[[106.664646,10.786934],[106.662507,10.784556],[106.65888,10.780765],[106.663602,10.776437],[106.667113,10.767698],[106.673073,10.770901],[106.678586,10.774314],[106.68,10.775488],[106.681107,10.777444],[106.681667,10.777825],[106.664646,10.786934]]]},"properties":{"name":"Phường Hòa Hưng","short_name":"Hòa Hưng","unit_type":"Phường","osm_id":"relation/19260769","population":96414,"ref":null,"id":143,"area_km2":2.6,"density":37082}},{"type":"Feature","geometry":{"type":"Polygon","coordinates":[[[106.681667,10.777825],[106.681107,10.777444],[106.68,10.775488],[106.678586,10.774314],[106.673073,10.770901],[106.667113,10.767698],[106.668925,10.759855],[106.674702,10.761064],[106.67506,10.761288],[106.681207,10.765291],[106.681689,10.765432],[106.674437,10.767689],[106.675642,10.769396],[106.677441,10.771337],[106.682797,10.775894],[106.681667,10.777825]]]},"properties":{"name":"Phường Vườn Lài","short_name":"Vườn Lài","unit_type":"Phường","osm_id":"relation/19260770","population":104076,"ref":null,"id":144,"area_km2":1.29,"density":80679}},{"type":"Feature","geometry":{"type":"Polygon","coordinates":[[[106.665585,10.759237],[106.668925,10.759855],[106.667113,10.767698],[106.663602,10.776437],[106.65888,10.780765],[106.656132,10.777746],[106.660023,10.763843],[106.661562,10.758432],[106.665585,10.759237]]]},"properties":{"name":"Phường Diên Hồng","short_name":"Diên Hồng","unit_type":"Phường","osm_id":"relation/19260771","population":75633,"ref":null,"id":145,"area_km2":1.85,"density":40883}},{"type":"Feature","geometry":{"type":"Polygon","coordinates":[[[106.690203,10.752109],[106.686422,10.751707],[106.684488,10.751114],[106.681554,10.751911],[106.677267,10.751742],[106.676746,10.751407],[106.676566,10.749805],[106.675297,10.748783],[106.673426,10.748746],[106.670164,10.749467],[106.669289,10.749011],[106.663351,10.747038],[106.662212,10.746081],[106.661631,10.744433],[106.661663,10.742973],[106.661276,10.742904],[106.66146,10.742049],[106.663473,10.741048],[106.664353,10.73757],[106.665262,10.735809],[106.665735,10.734222],[106.665943,10.732395],[106.673641,10.737384],[106.674461,10.73623],[106.676776,10.735087],[106.678103,10.735431],[106.678108,10.735018],[106.679808,10.734688],[106.679913,10.735194],[106.682211,10.734731],[106.682136,10.736576],[106.682936,10.738221],[106.682984,10.73952],[106.687282,10.740148],[106.692148,10.741521],[106.691837,10.742383],[106.692823,10.744178],[106.692894,10.745335],[106.692542,10.746937],[106.690518,10.749761],[106.690203,10.752109]]]},"properties":{"name":"Phường Chánh Hưng","short_name":"Chánh Hưng","unit_type":"Phường","osm_id":"relation/19260925","population":190707,"ref":null,"id":146,"area_km2":4.68,"density":40749}},{"type":"Feature","geometry":{"type":"Polygon","coordinates":[[[106.603821,10.710963],[106.606888,10.708698],[106.608647,10.706267],[106.613093,10.707985],[106.6157,10.709353],[106.621256,10.710775],[106.623668,10.711161],[106.627206,10.712743],[106.628922,10.713999],[106.630613,10.715763],[106.632099,10.718114],[106.636485,10.727497],[106.638002,10.729967],[106.640701,10.732631],[106.641938,10.733442],[106.645612,10.735449],[106.650481,10.738642],[106.654195,10.740869],[106.657634,10.742184],[106.661276,10.742904],[106.661663,10.742973],[106.661631,10.744433],[106.662212,10.746081],[106.663351,10.747038],[106.669289,10.749011],[106.670164,10.749467],[106.667045,10.750069],[106.664725,10.750002],[106.657485,10.747482],[106.65505,10.746141],[106.64946,10.742923],[106.635586,10.7345],[106.634441,10.733644],[106.627205,10.72973],[106.627367,10.730333],[106.620185,10.726473],[106.619034,10.716205],[106.618193,10.716088],[106.617437,10.715257],[106.615529,10.715012],[106.616039,10.714219],[106.606884,10.712004],[106.603821,10.710963]]]},"properties":{"name":"Phường Phú Định","short_name":"Phú Định","unit_type":"Phường","osm_id":"relation/19260926","population":150389,"ref":null,"id":147,"area_km2":5.81,"density":25885}},{"type":"Feature","geometry":{"type":"Polygon","coordinates":[[[106.62188,10.697383],[106.627758,10.699001],[106.632132,10.707836],[106.642188,10.727703],[106.643196,10.727667],[106.645378,10.728649],[106.64561,10.729136],[106.650085,10.728739],[106.649458,10.730352],[106.65487,10.731897],[106.657672,10.732521],[106.659363,10.732677],[106.663451,10.733988],[106.665735,10.734222],[106.665262,10.735809],[106.664353,10.73757],[106.663473,10.741048],[106.66146,10.742049],[106.661276,10.742904],[106.657634,10.742184],[106.654195,10.740869],[106.650481,10.738642],[106.645612,10.735449],[106.641938,10.733442],[106.640701,10.732631],[106.638002,10.729967],[106.636485,10.727497],[106.632099,10.718114],[106.630613,10.715763],[106.628922,10.713999],[106.627206,10.712743],[106.623668,10.711161],[106.621256,10.710775],[106.6157,10.709353],[106.613093,10.707985],[106.608647,10.706267],[106.605453,10.704634],[106.601596,10.70359],[106.598917,10.702203],[106.597307,10.701616],[106.597381,10.699706],[106.596993,10.697412],[106.594556,10.689854],[106.62188,10.697383]]]},"properties":{"name":"Phường Bình Đông","short_name":"Bình Đông","unit_type":"Phường","osm_id":"relation/19260927","population":155555,"ref":null,"id":148,"area_km2":8.91,"density":17458}},{"type":"Feature","geometry":{"type":"Polygon","coordinates":[[[106.695303,10.831116],[106.699901,10.830209],[106.699563,10.82876],[106.700759,10.828096],[106.701029,10.827052],[106.699189,10.825676],[106.698617,10.824222],[106.698672,10.823269],[106.693506,10.822006],[106.694097,10.820544],[106.693429,10.820363],[106.693499,10.819643],[106.692676,10.818679],[106.693304,10.817844],[106.692039,10.817541],[106.69148,10.81682],[106.691277,10.815676],[106.689547,10.815051],[106.688274,10.815835],[106.687416,10.814734],[106.685296,10.81408],[106.6848,10.813389],[106.685283,10.812709],[106.685167,10.811545],[106.684197,10.810821],[106.683973,10.809969],[106.684166,10.808278],[106.68385,10.807182],[106.684559,10.806369],[106.687053,10.80524],[106.687027,10.806181],[106.688009,10.808238],[106.689436,10.80962],[106.690376,10.81087],[106.691038,10.811185],[106.692191,10.810645],[106.692674,10.809822],[106.695107,10.808302],[106.695131,10.810269],[106.695514,10.8112],[106.695198,10.811817],[106.695261,10.815606],[106.697836,10.816839],[106.69868,10.818317],[106.70006,10.81735],[106.70124,10.817311],[106.702398,10.818037],[106.703277,10.818116],[106.703515,10.81668],[106.704855,10.816661],[106.707188,10.818308],[106.708458,10.81948],[106.70994,10.81726],[106.71065,10.817131],[106.711717,10.817847],[106.712338,10.81946],[106.713406,10.821124],[106.711936,10.821978],[106.710555,10.823168],[106.709478,10.824811],[106.708854,10.82749],[106.708699,10.831625],[106.708231,10.833753],[106.707164,10.835835],[106.706113,10.83692],[106.702772,10.839174],[106.701391,10.838129],[106.700919,10.837396],[106.700353,10.835211],[106.699587,10.83449],[106.697395,10.833562],[106.695802,10.832431],[106.695303,10.831116]]]},"properties":{"name":"Phường Bình Lợi Trung","short_name":"Bình Lợi Trung","unit_type":"Phường","osm_id":"relation/19260953","population":116121,"ref":null,"id":149,"area_km2":3.91,"density":29698}},{"type":"Feature","geometry":{"type":"Polygon","coordinates":[[[106.713406,10.821124],[106.712338,10.81946],[106.711717,10.817847],[106.71065,10.817131],[106.70994,10.81726],[106.708458,10.81948],[106.707188,10.818308],[106.704855,10.816661],[106.703515,10.81668],[106.703277,10.818116],[106.702398,10.818037],[106.70124,10.817311],[106.70006,10.81735],[106.69868,10.818317],[106.697836,10.816839],[106.695261,10.815606],[106.695198,10.811817],[106.695514,10.8112],[106.695131,10.810269],[106.695107,10.808302],[106.694949,10.802833],[106.698138,10.802494],[106.701418,10.803814],[106.703427,10.803426],[106.711404,10.802813],[106.711614,10.807772],[106.712098,10.809377],[106.716302,10.813315],[106.717539,10.814356],[106.715198,10.817478],[106.714507,10.818615],[106.714344,10.820807],[106.713406,10.821124]]]},"properties":{"name":"Phường Bình Thạnh","short_name":"Bình Thạnh","unit_type":"Phường","osm_id":"relation/19260954","population":126300,"ref":null,"id":150,"area_km2":3.34,"density":37814}},{"type":"Feature","geometry":{"type":"Polygon","coordinates":[[[106.706378,10.791654],[106.709898,10.795383],[106.711056,10.798651],[106.711404,10.802813],[106.703427,10.803426],[106.701418,10.803814],[106.698138,10.802494],[106.694949,10.802833],[106.695107,10.808302],[106.692674,10.809822],[106.692191,10.810645],[106.691038,10.811185],[106.690376,10.81087],[106.689436,10.80962],[106.688009,10.808238],[106.687027,10.806181],[106.688502,10.805629],[106.687915,10.803745],[106.69092,10.803351],[106.690795,10.802396],[106.692162,10.802283],[106.692482,10.800466],[106.691817,10.800291],[106.692031,10.797788],[106.691948,10.796066],[106.691609,10.795525],[106.692506,10.794922],[106.694228,10.794955],[106.694697,10.793612],[106.69522,10.793435],[106.69732,10.793661],[106.699854,10.793467],[106.70357,10.792692],[106.706378,10.791654]]]},"properties":{"name":"Phường Gia Định","short_name":"Gia Định","unit_type":"Phường","osm_id":"relation/19260955","population":125946,"ref":null,"id":151,"area_km2":2.77,"density":45468}},{"type":"Feature","geometry":{"type":"Polygon","coordinates":[[[106.722299,10.809306],[106.72049,10.810476],[106.717539,10.814356],[106.716302,10.813315],[106.712098,10.809377],[106.711614,10.807772],[106.711404,10.802813],[106.711056,10.798651],[106.709898,10.795383],[106.706378,10.791654],[106.70695,10.790978],[106.707525,10.789219],[106.708266,10.788149],[106.70921,10.787537],[106.712384,10.78765],[106.713273,10.78725],[106.715195,10.78534],[106.719292,10.786226],[106.720885,10.786905],[106.723443,10.788911],[106.72443,10.790046],[106.726165,10.792784],[106.726704,10.794306],[106.727206,10.796624],[106.727106,10.799604],[106.726519,10.801265],[106.724119,10.804732],[106.723049,10.806746],[106.722299,10.809306]]]},"properties":{"name":"Phường Thạnh Mỹ Tây","short_name":"Thạnh Mỹ Tây","unit_type":"Phường","osm_id":"relation/19260956","population":153216,"ref":null,"id":152,"area_km2":4.46,"density":34353}},{"type":"Feature","geometry":{"type":"Polygon","coordinates":[[[106.739747,10.835484],[106.737676,10.83444],[106.735901,10.832199],[106.733719,10.828483],[106.732656,10.827046],[106.729942,10.82438],[106.726508,10.822362],[106.722898,10.82104],[106.720668,10.820566],[106.718212,10.820415],[106.714344,10.820807],[106.714507,10.818615],[106.715198,10.817478],[106.717539,10.814356],[106.72049,10.810476],[106.722299,10.809306],[106.722427,10.810711],[106.722977,10.812707],[106.724655,10.815762],[106.726136,10.8172],[106.728542,10.818867],[106.730697,10.819695],[106.732586,10.819581],[106.734008,10.818573],[106.735284,10.816274],[106.736374,10.812844],[106.737166,10.81147],[106.738825,10.809827],[106.740477,10.809012],[106.743781,10.808295],[106.746286,10.808715],[106.747656,10.809262],[106.749379,10.810462],[106.750242,10.811418],[106.751076,10.81307],[106.75139,10.815905],[106.751281,10.821219],[106.751378,10.824191],[106.751298,10.827239],[106.750837,10.82928],[106.749325,10.831895],[106.747446,10.833486],[106.745581,10.834256],[106.742454,10.835282],[106.739747,10.835484]]]},"properties":{"name":"Phường Bình Quới","short_name":"Bình Quới","unit_type":"Phường","osm_id":"relation/19260957","population":46200,"ref":null,"id":153,"area_km2":6.38,"density":7241}},{"type":"Feature","geometry":{"type":"Polygon","coordinates":[[[106.678829,10.850915],[106.678467,10.847135],[106.676594,10.841966],[106.678717,10.840424],[106.680393,10.838048],[106.682125,10.833537],[106.684378,10.834488],[106.685123,10.833224],[106.687263,10.831179],[106.690581,10.827562],[106.688954,10.825909],[106.686546,10.824174],[106.688019,10.822988],[106.689038,10.820925],[106.693506,10.822006],[106.698672,10.823269],[106.698617,10.824222],[106.699189,10.825676],[106.701029,10.827052],[106.700759,10.828096],[106.699563,10.82876],[106.699901,10.830209],[106.695303,10.831116],[106.694059,10.83017],[106.692376,10.830546],[106.691698,10.83179],[106.690759,10.835892],[106.688996,10.838737],[106.688776,10.840886],[106.689281,10.843263],[106.68888,10.844846],[106.688069,10.846349],[106.686386,10.847385],[106.683612,10.847151],[106.682969,10.847913],[106.683073,10.848619],[106.68434,10.850307],[106.68407,10.851505],[106.683097,10.851758],[106.679513,10.850811],[106.678829,10.850915]]]},"properties":{"name":"Phường An Nhơn","short_name":"An Nhơn","unit_type":"Phường","osm_id":"relation/19261092","population":114498,"ref":null,"id":154,"area_km2":3.26,"density":35122}},{"type":"Feature","geometry":{"type":"Polygon","coordinates":[[[106.693506,10.822006],[106.689038,10.820925],[106.688019,10.822988],[106.686546,10.824174],[106.688954,10.825909],[106.690581,10.827562],[106.687263,10.831179],[106.685123,10.833224],[106.684378,10.834488],[106.682125,10.833537],[106.678137,10.830686],[106.677569,10.830886],[106.680147,10.82642],[106.677919,10.827169],[106.677801,10.826921],[106.678586,10.826139],[106.678192,10.825088],[106.676759,10.824134],[106.675311,10.823652],[106.67332,10.822363],[106.674859,10.81832],[106.674173,10.817996],[106.675673,10.816381],[106.67604,10.814857],[106.674976,10.815138],[106.672783,10.814141],[106.676052,10.811202],[106.676859,10.812149],[106.67853,10.811277],[106.678588,10.81208],[106.680593,10.811945],[106.680771,10.810994],[106.682123,10.810806],[106.683973,10.809969],[106.684197,10.810821],[106.685167,10.811545],[106.685283,10.812709],[106.6848,10.813389],[106.685296,10.81408],[106.687416,10.814734],[106.688274,10.815835],[106.689547,10.815051],[106.691277,10.815676],[106.69148,10.81682],[106.692039,10.817541],[106.693304,10.817844],[106.692676,10.818679],[106.693499,10.819643],[106.693429,10.820363],[106.694097,10.820544],[106.693506,10.822006]]]},"properties":{"name":"Phường Hạnh Thông","short_name":"Hạnh Thông","unit_type":"Phường","osm_id":"relation/19261093","population":128865,"ref":null,"id":155,"area_km2":3.39,"density":38013}},{"type":"Feature","geometry":{"type":"Polygon","coordinates":[[[106.675894,10.852068],[106.675676,10.85092],[106.676877,10.848669],[106.67575,10.848094],[106.674024,10.845933],[106.672605,10.842972],[106.671094,10.841471],[106.670593,10.839916],[106.670536,10.838598],[106.665226,10.838655],[106.664629,10.835613],[106.664059,10.833652],[106.663588,10.830677],[106.663947,10.830623],[106.666122,10.828439],[106.66801,10.828385],[106.670503,10.827171],[106.672872,10.827913],[106.673421,10.827773],[106.674528,10.826186],[106.677281,10.82701],[106.677801,10.826921],[106.677919,10.827169],[106.680147,10.82642],[106.677569,10.830886],[106.678137,10.830686],[106.682125,10.833537],[106.680393,10.838048],[106.678717,10.840424],[106.676594,10.841966],[106.678467,10.847135],[106.678829,10.850915],[106.675894,10.852068]]]},"properties":{"name":"Phường Gò Vấp","short_name":"Gò Vấp","unit_type":"Phường","osm_id":"relation/19261094","population":110850,"ref":null,"id":156,"area_km2":2.84,"density":39032}},{"type":"Feature","geometry":{"type":"Polygon","coordinates":[[[106.657177,10.857687],[106.65593,10.854924],[106.656111,10.851433],[106.656126,10.850728],[106.656879,10.847706],[106.660408,10.846994],[106.660365,10.846272],[106.662594,10.845446],[106.664768,10.844985],[106.664744,10.842031],[106.665306,10.839721],[106.665226,10.838655],[106.670536,10.838598],[106.670593,10.839916],[106.671094,10.841471],[106.672605,10.842972],[106.674024,10.845933],[106.67575,10.848094],[106.676877,10.848669],[106.675676,10.85092],[106.675894,10.852068],[106.675808,10.853301],[106.675141,10.854747],[106.675202,10.856835],[106.674846,10.857877],[106.673479,10.860222],[106.672446,10.860626],[106.670486,10.859452],[106.670083,10.858718],[106.667846,10.857391],[106.667055,10.856001],[106.665911,10.856288],[106.663737,10.855624],[106.661625,10.855706],[106.659308,10.85763],[106.658253,10.858029],[106.657177,10.857687]]]},"properties":{"name":"Phường An Hội Đông","short_name":"An Hội Đông","unit_type":"Phường","osm_id":"relation/19261095","population":123681,"ref":null,"id":157,"area_km2":3.3,"density":37479}},{"type":"Feature","geometry":{"type":"Polygon","coordinates":[[[106.665226,10.838655],[106.665306,10.839721],[106.664744,10.842031],[106.664768,10.844985],[106.662594,10.845446],[106.660365,10.846272],[106.660408,10.846994],[106.656879,10.847706],[106.656126,10.850728],[106.656111,10.851433],[106.651413,10.849759],[106.640117,10.844335],[106.645013,10.841009],[106.6472,10.839283],[106.646312,10.837253],[106.647598,10.836657],[106.652192,10.836612],[106.655582,10.836006],[106.657101,10.835398],[106.659232,10.833261],[106.660874,10.832405],[106.661986,10.831379],[106.663588,10.830677],[106.664059,10.833652],[106.664629,10.835613],[106.665226,10.838655]]]},"properties":{"name":"Phường Thông Tây Hội","short_name":"Thông Tây Hội","unit_type":"Phường","osm_id":"relation/19261096","population":121192,"ref":null,"id":158,"area_km2":3.23,"density":37521}},{"type":"Feature","geometry":{"type":"Polygon","coordinates":[[[106.632358,10.832952],[106.633941,10.832355],[106.63811,10.829979],[106.640785,10.82926],[106.642512,10.828199],[106.646312,10.837253],[106.6472,10.839283],[106.645013,10.841009],[106.640117,10.844335],[106.651413,10.849759],[106.656111,10.851433],[106.65593,10.854924],[106.657177,10.857687],[106.655585,10.858844],[106.654407,10.859135],[106.653155,10.860408],[106.652372,10.860748],[106.650872,10.859857],[106.650094,10.859143],[106.648915,10.858921],[106.647142,10.85807],[106.64658,10.85636],[106.646496,10.854458],[106.646028,10.853958],[106.644721,10.854351],[106.644503,10.853141],[106.642984,10.852244],[106.642655,10.85077],[106.641538,10.849715],[106.640246,10.849269],[106.636159,10.846177],[106.634738,10.844866],[106.633706,10.844914],[106.633721,10.842035],[106.633384,10.840938],[106.632151,10.840446],[106.632196,10.839451],[106.632928,10.837898],[106.631968,10.836926],[106.632773,10.83451],[106.632358,10.832952]]]},"properties":{"name":"Phường An Hội Tây","short_name":"An Hội Tây","unit_type":"Phường","osm_id":"relation/19261097","population":121004,"ref":null,"id":159,"area_km2":3.83,"density":31594}},{"type":"Feature","geometry":{"type":"Polygon","coordinates":[[[106.664293,10.787126],[106.660807,10.788982],[106.656937,10.784649],[106.656804,10.785201],[106.65419,10.784459],[106.65267,10.789791],[106.652442,10.790211],[106.651478,10.787302],[106.650667,10.783229],[106.650111,10.782037],[106.649684,10.776978],[106.648021,10.77479],[106.650426,10.771193],[106.652061,10.769008],[106.65251,10.769283],[106.653226,10.775322],[106.653469,10.775919],[106.655949,10.778451],[106.656132,10.777746],[106.65888,10.780765],[106.662507,10.784556],[106.664646,10.786934],[106.664293,10.787126]]]},"properties":{"name":"Phường Tân Hòa","short_name":"Tân Hòa","unit_type":"Phường","osm_id":"relation/19261233","population":93437,"ref":null,"id":160,"area_km2":1.49,"density":62709}},{"type":"Feature","geometry":{"type":"Polygon","coordinates":[[[106.674173,10.817996],[106.669841,10.81628],[106.669861,10.816946],[106.667555,10.816121],[106.666389,10.819519],[106.66059,10.81741],[106.661677,10.816556],[106.661391,10.812969],[106.661861,10.812457],[106.661635,10.809844],[106.664746,10.809505],[106.664412,10.805089],[106.663561,10.802654],[106.662217,10.801251],[106.659362,10.798825],[106.661072,10.796283],[106.660168,10.795892],[106.66025,10.795292],[106.659185,10.79341],[106.66091,10.792094],[106.661812,10.791721],[106.663648,10.79155],[106.666003,10.790764],[106.668452,10.794151],[106.668474,10.798224],[106.669879,10.798947],[106.667737,10.800185],[106.66735,10.800385],[106.668137,10.8027],[106.669052,10.803317],[106.669426,10.806674],[106.669998,10.807716],[106.67104,10.807872],[106.670724,10.80985],[106.671651,10.809408],[106.672404,10.810668],[106.672061,10.812584],[106.672783,10.814141],[106.674976,10.815138],[106.67604,10.814857],[106.675673,10.816381],[106.674173,10.817996]]]},"properties":{"name":"Phường Tân Sơn Hòa","short_name":"Tân Sơn Hòa","unit_type":"Phường","osm_id":"relation/19261234","population":64150,"ref":null,"id":161,"area_km2":2.64,"density":24299}},{"type":"Feature","geometry":{"type":"Polygon","coordinates":[[[106.666721,10.789603],[106.66673,10.790341],[106.666003,10.790764],[106.663648,10.79155],[106.661812,10.791721],[106.66091,10.792094],[106.659185,10.79341],[106.66025,10.795292],[106.660168,10.795892],[106.661072,10.796283],[106.659362,10.798825],[106.662217,10.801251],[106.663561,10.802654],[106.664412,10.805089],[106.664746,10.809505],[106.661635,10.809844],[106.661861,10.812457],[106.661391,10.812969],[106.661677,10.816556],[106.66059,10.81741],[106.654924,10.815269],[106.656037,10.813282],[106.656865,10.812646],[106.655715,10.811116],[106.654495,10.811652],[106.653488,10.811333],[106.65267,10.80148],[106.653923,10.801353],[106.653742,10.798952],[106.655471,10.798761],[106.654331,10.798033],[106.654163,10.797012],[106.654669,10.796498],[106.651753,10.793762],[106.653372,10.792894],[106.652878,10.791987],[106.652442,10.790211],[106.65267,10.789791],[106.65419,10.784459],[106.656804,10.785201],[106.656937,10.784649],[106.660807,10.788982],[106.664293,10.787126],[106.665198,10.788675],[106.66475,10.790111],[106.666119,10.789395],[106.666721,10.789603]]]},"properties":{"name":"Phường Tân Sơn Nhất","short_name":"Tân Sơn Nhất","unit_type":"Phường","osm_id":"relation/19261235","population":84639,"ref":null,"id":162,"area_km2":3.2,"density":26450}},{"type":"Feature","geometry":{"type":"Polygon","coordinates":[[[106.64768,10.775226],[106.648021,10.77479],[106.649684,10.776978],[106.650111,10.782037],[106.650667,10.783229],[106.651478,10.787302],[106.652442,10.790211],[106.652878,10.791987],[106.653372,10.792894],[106.651753,10.793762],[106.654669,10.796498],[106.654163,10.797012],[106.654331,10.798033],[106.655471,10.798761],[106.653742,10.798952],[106.653923,10.801353],[106.65267,10.80148],[106.653488,10.811333],[106.652964,10.811442],[106.650572,10.810585],[106.650372,10.811054],[106.648323,10.810402],[106.648121,10.80909],[106.646958,10.796327],[106.645848,10.796923],[106.644676,10.793543],[106.642866,10.78926],[106.643426,10.786722],[106.641634,10.785943],[106.642725,10.782812],[106.643452,10.78119],[106.64768,10.775226]]]},"properties":{"name":"Phường Bảy Hiền","short_name":"Bảy Hiền","unit_type":"Phường","osm_id":"relation/19261236","population":132252,"ref":null,"id":163,"area_km2":2.88,"density":45921}},{"type":"Feature","geometry":{"type":"Polygon","coordinates":[[[106.641634,10.785943],[106.643426,10.786722],[106.642866,10.78926],[106.644676,10.793543],[106.645848,10.796923],[106.646958,10.796327],[106.648121,10.80909],[106.645149,10.809615],[106.645192,10.810098],[106.644067,10.810745],[106.641493,10.809761],[106.640741,10.808419],[106.639777,10.807645],[106.636172,10.806175],[106.635286,10.806992],[106.633137,10.813829],[106.632753,10.813699],[106.635773,10.803839],[106.636667,10.801719],[106.638268,10.795903],[106.639395,10.792373],[106.641634,10.785943]]]},"properties":{"name":"Phường Tân Bình","short_name":"Tân Bình","unit_type":"Phường","osm_id":"relation/19261237","population":89373,"ref":null,"id":164,"area_km2":2.21,"density":40440}},{"type":"Feature","geometry":{"type":"Polygon","coordinates":[[[106.632753,10.813699],[106.633137,10.813829],[106.635286,10.806992],[106.636172,10.806175],[106.639777,10.807645],[106.640741,10.808419],[106.641493,10.809761],[106.644067,10.810745],[106.645192,10.810098],[106.645149,10.809615],[106.648121,10.80909],[106.648323,10.810402],[106.650372,10.811054],[106.650572,10.810585],[106.652964,10.811442],[106.653488,10.811333],[106.654495,10.811652],[106.655715,10.811116],[106.656865,10.812646],[106.656037,10.813282],[106.654924,10.815269],[106.66059,10.81741],[106.666389,10.819519],[106.667555,10.816121],[106.669861,10.816946],[106.669841,10.81628],[106.674173,10.817996],[106.674859,10.81832],[106.67332,10.822363],[106.675311,10.823652],[106.676759,10.824134],[106.678192,10.825088],[106.678586,10.826139],[106.677801,10.826921],[106.677281,10.82701],[106.674528,10.826186],[106.673421,10.827773],[106.672872,10.827913],[106.670503,10.827171],[106.66801,10.828385],[106.666122,10.828439],[106.663947,10.830623],[106.663588,10.830677],[106.661986,10.831379],[106.660874,10.832405],[106.659232,10.833261],[106.657101,10.835398],[106.655582,10.836006],[106.652192,10.836612],[106.647598,10.836657],[106.646312,10.837253],[106.642512,10.828199],[106.640785,10.82926],[106.63811,10.829979],[106.633941,10.832355],[106.632358,10.832952],[106.631375,10.830241],[106.630156,10.827695],[106.627891,10.824685],[106.629522,10.823209],[106.630226,10.821966],[106.632753,10.813699]]]},"properties":{"name":"Phường Tân Sơn","short_name":"Tân Sơn","unit_type":"Phường","osm_id":"relation/19261238","population":77229,"ref":null,"id":165,"area_km2":10.12,"density":7631}},{"type":"Feature","geometry":{"type":"Polygon","coordinates":[[[106.681669,10.791239],[106.683523,10.792409],[106.685571,10.792235],[106.68615,10.792506],[106.681924,10.795868],[106.68002,10.79295],[106.67785,10.794214],[106.677558,10.799351],[106.667737,10.800185],[106.669879,10.798947],[106.668474,10.798224],[106.668452,10.794151],[106.666003,10.790764],[106.66673,10.790341],[106.666721,10.789603],[106.668106,10.78884],[106.670779,10.78791],[106.671034,10.789299],[106.676192,10.790499],[106.681669,10.791239]]]},"properties":{"name":"Phường Phú Nhuận","short_name":"Phú Nhuận","unit_type":"Phường","osm_id":"relation/19261674","population":68420,"ref":null,"id":166,"area_km2":1.47,"density":46544}},{"type":"Feature","geometry":{"type":"Polygon","coordinates":[[[106.691609,10.795525],[106.691948,10.796066],[106.692031,10.797788],[106.691817,10.800291],[106.692482,10.800466],[106.692162,10.802283],[106.690795,10.802396],[106.69092,10.803351],[106.687915,10.803745],[106.686053,10.803984],[106.685105,10.803823],[106.680471,10.799337],[106.680032,10.79917],[106.677558,10.799351],[106.67785,10.794214],[106.68002,10.79295],[106.681924,10.795868],[106.68615,10.792506],[106.686395,10.793089],[106.685121,10.794428],[106.684874,10.795952],[106.685108,10.796751],[106.686244,10.796573],[106.68685,10.795293],[106.687589,10.794871],[106.689155,10.795593],[106.690956,10.79578],[106.691609,10.795525]]]},"properties":{"name":"Phường Cầu Kiệu","short_name":"Cầu Kiệu","unit_type":"Phường","osm_id":"relation/19261675","population":62663,"ref":null,"id":167,"area_km2":1.25,"density":50130}},{"type":"Feature","geometry":{"type":"Polygon","coordinates":[[[106.683973,10.809969],[106.682123,10.810806],[106.680771,10.810994],[106.680593,10.811945],[106.678588,10.81208],[106.67853,10.811277],[106.676859,10.812149],[106.676052,10.811202],[106.672783,10.814141],[106.672061,10.812584],[106.672404,10.810668],[106.671651,10.809408],[106.670724,10.80985],[106.67104,10.807872],[106.669998,10.807716],[106.669426,10.806674],[106.669052,10.803317],[106.668137,10.8027],[106.66735,10.800385],[106.667737,10.800185],[106.677558,10.799351],[106.680032,10.79917],[106.680471,10.799337],[106.685105,10.803823],[106.686053,10.803984],[106.687915,10.803745],[106.688502,10.805629],[106.687027,10.806181],[106.687053,10.80524],[106.684559,10.806369],[106.68385,10.807182],[106.684166,10.808278],[106.683973,10.809969]]]},"properties":{"name":"Phường Đức Nhuận","short_name":"Đức Nhuận","unit_type":"Phường","osm_id":"relation/19261676","population":71495,"ref":null,"id":168,"area_km2":2.18,"density":32796}}]}